NCT Number,Study Title,Study URL,Acronym,Study Status,Brief Summary,Study Results,Conditions,Interventions,Primary Outcome Measures,Secondary Outcome Measures,Other Outcome Measures,Sponsor,Collaborators,Sex,Age,Phases,Enrollment,Funder Type,Study Type,Study Design,Other IDs,Start Date,Primary Completion Date,Completion Date,First Posted,Results First Posted,Last Update Posted,Locations,Study Documents
NCT06592859,Intervention of Nicotinamide Mononucleotide in Middle-aged and Elderly People,https://clinicaltrials.gov/study/NCT06592859,NMNAGING,RECRUITING,"This study is a single-center, randomized, double-blind, placebo-controlled clinical trial investigating a pharmacological intervention for aging. Its primary objective is to evaluate the efficacy of NMN while ensuring the safety of oral administration, with the aim of identifying effective strategies to delay aging and improve the quality of life in the elderly population. The main outcomes of this study are to characterize the patterns of NMN efficacy across different populations and to identify sensitive biomarkers that reflect responsiveness to the intervention.",NO,Aging|NMN,DIETARY_SUPPLEMENT: NMN|DIETARY_SUPPLEMENT: placebo,"Comprehensive evaluation of NMN in reducing biological age, Change in biological age from baseline to 12 months, quantified using predefined multi-layer aging clock(s).

Biological age will be assessed using the following measures:

1. Transcriptomic age (years)
2. DNA methylation age (years)
3. Proteomic age (years)
4. Metabolomic age (years)
5. Phenotypic age (years)

The primary endpoint will be defined as:

Change from baseline to 12 months in a prespecified composite biological age score, derived from the above aging clocks using a predefined integration method (e.g., standardized z-score aggregation or principal component-based integration).

A reduction in biological age is defined as a decrease in the composite biological age score., Baseline, 6 months and 12 months","Composite through clinical physical examination data, behavioral indicators and multilevel omics data, to discover new sensitive biomarkers for evaluating aging., NMN intervention-associated changes will be evaluated across predefined domains:

1. Clinical examination parameters, such as:

   1. Bone mineral density (g/cm²)
   2. Pulmonary function, including FEV1 (L), FVC (L), and FEV1/FVC (%) Each parameter will be analyzed individually.
2. Functional performance measures, such as:

   1. Grip strength (kg)
   2. Purdue Pegboard Test completion time (s) Improvement is defined as an increase in grip strength and a decrease in completion time.
3. Inflammatory and clinical biomarkers, such as:

   Circulating inflammatory markers (e.g., IL-6 \[pg/mL\], CRP \[mg/L\]) Improvement is defined as a reduction in these markers.
4. Multi-omics-derived aging biomarkers, such as:

Gene expression, proteomic, and metabolomic profiles related to metabolism, immunity, and aging. These measures will be summarized using:

Predefined composite aging scoresm, biological ages, or principal component-based or pathway-level summaries, depending on the analysis framework., Baseline, 6 months and 12 months",,People's Hospital of Quzhou,"Beijing Institute of Genomics, Chinese Academy of Sciences|Institute of Zoology, Chinese Academy of Sciences",ALL,"ADULT, OLDER_ADULT",NA,240,OTHER,INTERVENTIONAL,"Allocation: RANDOMIZED | Intervention Model: PARALLEL | Masking: DOUBLE (PARTICIPANT, INVESTIGATOR) | Primary Purpose: BASIC_SCIENCE",2023-049|MR-33-24-001563,2023-08-23,2026-05-24,2026-12-31,2024-09-19,,2026-05-08,"People's Hospital of Quzhou, Quzhou, Zhejiang, 324000, China",
NCT05305677,Effect of NMN (Nicotinamide Mononucleotide) on Polycystic Ovary Syndrome,https://clinicaltrials.gov/study/NCT05305677,NMN,COMPLETED,The purpose of the study is to understand the effect of Nicotinamide mononucleotide (NMN) on patients with polycystic ovary syndrome.,NO,Polycystic Ovary Syndrome,DIETARY_SUPPLEMENT: NMN intervention|OTHER: Placebo,"Testosterone level, Changes of testosterone level in serum after intervention., From enrollment to the end of treatment at 8 weeks|Antral follicle counts, The number of antral follicle counts in each ovary will be determined using transvaginal ultrasonography for each participant., From enrollment to the end of treatment at 8 weeks|Menstrual cycle, The changes of menstrual cycle frequency after intervention., before and after 8 weeks of intervention","Luteinizing hormone (LH) level, Changes of LH level in serum after intervention., From enrollment to the end of treatment at 8 weeks|Follicle-stimulating hormone (FSH) level, Changes of FSH level in serum after intervention., From enrollment to the end of treatment at 8 weeks|Homeostasis Model Assessment for Insulin Resistance (HOMA-IR) index, Changes in HOMA-IR index (fasting insulin \* fasting glucose/22.5) after intervention., From enrollment to the end of treatment at 8 weeks|Changes in other endocrine hormones, From enrollment to the end of treatment at 8 weeks|Changes in blood NAD+ level and related metabolites, From enrollment to the end of treatment at 8 weeks|Multi-omics, Collect samples before and after 2, 4, 8 weeks of intervention, From enrollment to the end of treatment at 8 weeks",,Peking University Third Hospital,,FEMALE,ADULT,NA,88,OTHER,INTERVENTIONAL,"Allocation: RANDOMIZED | Intervention Model: PARALLEL | Masking: DOUBLE (PARTICIPANT, INVESTIGATOR) | Primary Purpose: BASIC_SCIENCE",M2021577,2022-06-01,2023-12-31,2024-12-31,2022-03-31,,2025-11-25,"Peking University Third Hospital, Beijing, China",
NCT06426355,The Effeciency of NMN in Improving IVF/ICSI-ET Pregnancy Outcomes in Patients With DOR,https://clinicaltrials.gov/study/NCT06426355,,RECRUITING,The purpose of the study is to understand the effect of nicotinamide mononucleotide (NMN) on patients with diminished ovarian reserve and the outcomes of IVF/ICSI-ET.,NO,Diminished Ovarian Reserve,DIETARY_SUPPLEMENT: NMN|OTHER: Placebo,"The clinical pregnancy rate, The pregnancy rate of IVF/ICSI-ET, through study completion, an average of 2 year","Endocrine hormones including AMH, Changes in endocrine hormones including AMH levels in serum after the intervention., Within three months after the end of treatment with NMN or placebo|Follicle number, The number of all antral follicles in each ovary will be determined using transvaginal ultrasonography for each participant., Within three months after the end of treatment with NMN or placebo|In vitro fertilization - outcome indicators of embryo culture, Number of oocytes obtained, number of MII oocytes, fertilization rate, number of available embryos, number of high-quality embryos, cycle cancellation rate, Day of oocyte retrieval and 1 week after oocyte retrieval。Within three months after the end of treatment with NMN or placebo|Biochemical pregnancy rate, Biochemical pregnancy rate, after pregnancy and infant borned. Within 1 year after the end of treatment with NMN or placebo|live birth rate, live birth rate, after pregnancy and infant borned.Within 1 year after the end of treatment with NMN or placebo|abortion rate, abortion rate, after pregnancy and infant borned.Within 1 year after the end of treatment with NMN or placebo|pregnancy complications, pregnancy complications, the condition of newborn births, after pregnancy and infant borned.Within 1 year after the end of treatment with NMN or placebo|the condition of newborn births, the condition of newborn births, after pregnancy and infant borned.Within 1 year after the end of treatment with NMN or placebo|Metabolism-related index, Intestinal flora and metabolite changes, Within three months after the end of treatment with NMN or placebo|Metabolism-related index, HOMA index, Within three months after the end of treatment with NMN or placebo|Metabolism-related index, waist-hip ratio, Within three months after the end of treatment with NMN or placebo|Metabolism-related index, BMI, Within three months after the end of treatment with NMN or placebo",,Peking University Third Hospital,,FEMALE,ADULT,NA,200,OTHER,INTERVENTIONAL,"Allocation: RANDOMIZED | Intervention Model: PARALLEL | Masking: DOUBLE (PARTICIPANT, INVESTIGATOR) | Primary Purpose: BASIC_SCIENCE",M2023557,2023-10-01,2026-02,2027-02,2024-05-23,,2024-05-23,"Peking University Third Hospital, Beijing, Beijing Municipality, 100000, China",
NCT05485610,Effect of NMN (Nicotinamide Mononucleotide) on Diminished Ovarian Reserve (Including Premature Ovarian Insufficiency),https://clinicaltrials.gov/study/NCT05485610,,UNKNOWN,The purpose of the study is to understand the effect of nicotinamide mononucleotide (NMN) on patients with diminished ovarian reserve (including premature ovarian insufficiency).,NO,Diminished Ovarian Reserve|Premature Ovarian Insufficiency,DIETARY_SUPPLEMENT: NMN intervention|OTHER: Placebo,"The comparison of the gut microbiota composition, Determination the gut microbiota composition change of stool samples between placebo group and intervention group by 16S metagenomic., before and after 2, 8, 12 weeks of intervention|The alterations of gut metabolites, Determination the alterations of gut metabolites before and after NMN intervention by metabolomics., before and after 2, 8, 12 weeks of intervention|Blood sugar level, Changes in plasma glucose concentration after the intervention., before and after 2, 8, 12 weeks of intervention|Fasting insulin, Changes in plasma insulin concentration after the intervention., before and after 2, 8, 12 weeks of intervention|Endocrine hormones including AMH, Changes in endocrine hormones including AMH levels in serum after the intervention., before and after 3 months of intervention|Ovarian volume, The size of each ovary will be determined using transvaginal ultrasonography for each participant in early follicular phase., before and after 3 months of intervention|Follicle number, The number of all antral follicles in each ovary will be determined using transvaginal ultrasonography for each participant., before and after 3 months of intervention|Blood NAD+ level, Changes in whole blood NAD+ level after the intervention., before and after 2, 8, 12 weeks of intervention|Changes in NAD-related metabolites in urine, Determination the changes of NAD-related metabolites in urine before and after NMN intervention by metabolomics., before and after 2, 8, 12 weeks of intervention",,,Peking University Third Hospital,,FEMALE,ADULT,NA,200,OTHER,INTERVENTIONAL,"Allocation: RANDOMIZED | Intervention Model: PARALLEL | Masking: DOUBLE (PARTICIPANT, INVESTIGATOR) | Primary Purpose: BASIC_SCIENCE",M2022262,2022-07-01,2024-12-31,2025-12-31,2022-08-03,,2022-10-12,"Peking University Third Hospital, Beijing, Beijing Municipality, 100191, China",
NCT06629636,Investigate the Efficacy of Using NMN to Improve Embryo Development Capacity.,https://clinicaltrials.gov/study/NCT06629636,,RECRUITING,The objective of this study is to investigate the efficacy of NMN supplementation in enhancing embryo developmental capacity and improving IVF success rates in patients experiencing IVF failures.,NO,Repeated IVF Failure|Female Infertility,DIETARY_SUPPLEMENT: NMN capsule|OTHER: Placebo,"Embryo development rate, Analyze and compare the transferable embryo rate per zygote on day 3 in between NMN and placebo intervention groups., Up to 8 weeks post-intervention|Changes in metabolic status, Analyze and compare the NAD+/NADH level in serum and follicular fluid in both NMN and placebo groups, Up to 8 weeks post-intervention|Clinical pregnancy rate, Compare ongoing clinical pregnancy rates between NMN and placebo groups, Up to 12months post-intervention|Embryo development rate, Analyze and compare the quality of embryos on day 3, 5 or 6 between two groups, Up to 8 weeks post-intervention|Embryo development rate, Analyze and compare the rate of blastocyst development on day 5 and 6 in between two groups, Up to 8 weeks post-intervention","Live Birth rates, Compare live Birth rate following the intervention in both groups, Up to 24 months post-intervention|Endocrine hormones including AMH, Changes in endocrine hormones including AMH levels in serum after the interventions., Up to 8 weeks post-intervention|Average egg retrieval capacity per person, Compare the number of antral follicles in each ovary will be determined using transvaginal ultrasonography in both groups., Up to 8 weeks post-intervention|Additional in vitro fertilization - outcome indicators, Number of average recruited MII oocytes in both groups, Up to 8 weeks post-intervention|Chemical pregnancy rate, Compare the chemical pregnancy rates between the two groups., Up to 12months post-intervention|Pregnancy complication, Rate of pregnancy complication in both groups, Up to 24 months post-intervention|Abortion rate, Compare the abortion rates in both groups, Up to 24 months post-intervention|Additional in vitro fertilization - outcome indicators, Compare the rate of fertilization in between two groups, Up to 8 weeks post-intervention|Additional in vitro fertilization - outcome indicators, Rate of abnormal fertilization in both groups, Up to 8 weeks post-intervention|Additional in vitro fertilization - outcome indicators, The rate of non-transferable embryos in both groups, Up to 8 weeks post-intervention",,Sunkaky Medical Cooperation,"Abinopharm, Inc|Aba Chemicals Co Ltd",FEMALE,ADULT,NA,60,INDUSTRY,INTERVENTIONAL,"Allocation: RANDOMIZED | Intervention Model: PARALLEL | Masking: TRIPLE (PARTICIPANT, INVESTIGATOR, OUTCOMES_ASSESSOR) | Primary Purpose: BASIC_SCIENCE",IVFJapan202402,2024-08-20,2025-09-30,2026-12-31,2024-10-08,,2024-10-08,"IVF Namba Clinic, Sankaky Medical Corporation, Osaka, Osaka, 5500015, Japan",
NCT07572825,Assessing the Safety and Tolerability of NMN in DHDDS-CDG,https://clinicaltrials.gov/study/NCT07572825,,RECRUITING,"The primary objective of this study is to evaluate the safety and tolerability of the dietary supplement, nicotinamide mononucleotide (NMN), in individuals with dehydrodolichol diphosphate synthase congenital disorder of glycosylation (DHDDS-CDG). This will to contribute to knowledge that will allow healthcare providers to make informed decisions about recommending this dietary supplement in this population.",NO,DHDDS-Congenital Disorder of Glycosylation|DHDDS-CDG|Congenital Disorder of Glycosylation,DRUG: Nicotinamide Mononucleotide (NMN) Nucleosidase,"Incidence of adverse events (AEs), Incidence of AEs will be collected throughout the treatment period and optional long-term safety follow up period., up to 12 months","International Cooperative Ataxia Rating Scale (ICARS) Score, Change in ICARS score from baseline to end of the treatment period (6 months) and long term follow up (12 months). The minimal score is 0 and the maximum score is 100, with a higher score indicating greater impairment as a result of ataxia., Baseline, 6 months, 12 months|Composite gait stability score (Cord walking test performance), Cord walking performance will be quantified using a standardized video-based computer vision pipeline applied to semi-structured recordings of participants walking along a straight line. Markerless pose estimation algorithms will extract time-resolved body keypoints, from which predefined gait and postural metrics will be derived, including step width variability, step length consistency, lateral deviation from the walking path, and trunk instability (e.g., standard deviation of body lean). Each metric will be summarized per recording and combined into a composite gait stability score using a prespecified algorithm. Change from baseline to 6 and 12 months will be calculated as within-subject differences in these quantitative measures, enabling objective assessment of gait abnormalities over time., Baseline, 6 months, 12 months|Composite tremor severity score (Archimedes spiral test performance), Archimedes spiral test performance will be quantified using standardized digital analysis of recorded spiral drawings. Video or image inputs will be processed to extract the drawn trajectory, and quantitative features of tremor and motor control will be computed, including line deviation from an ideal spiral template, tremor amplitude (spatial variability), frequency of oscillations, and drawing smoothness (e.g., velocity and jerk metrics). These features will be aggregated into a composite tremor severity score using a predefined scoring framework. Change from baseline to 6 and 12 months will be assessed as within-subject differences in these quantitative metrics, providing an objective measure of hand tremor severity and progression., Baseline, 6 months, 12 months",,Eva Morava-Kozicz,,ALL,"CHILD, ADULT, OLDER_ADULT",PHASE1,8,OTHER,INTERVENTIONAL,Allocation: NA | Intervention Model: SINGLE_GROUP | Masking: NONE | Primary Purpose: TREATMENT,STUDY-25-01520,2026-05-08,2027-08-01,2027-08-01,2026-05-07,,2026-06-22,"Icahn School of Medicine at Mount Sinai, New York, New York, 10029, United States",
NCT05984550,The Exploratory Study on the Nicotinamide Mononucleotide (Vital NAD ) to Promote the Rejuvenation of the Peripheral Blood Immune Cells of Adults.,https://clinicaltrials.gov/study/NCT05984550,,UNKNOWN,"The purpose of this study is to investigate the changes in adult peripheral blood immune cell subpopulations, subpopulations, and cell functional status before and after intervention with Nicotinamide Mononucleotide (Vital NAD ) as NAD+ supplement for a certain period of time。To Explore and validate the biological functions of Nicotinamide Mononucleotide (Vital NAD ) of rejuvenation of the Peripheral blood immune cells of Adults.",NO,Enhance Immune Function,DRUG: NMN,"Changes in Nicotinamide mononucleotide (Vital NAD) in whole blood., before and after at least 30 days of treatment of Vital NAD|Changes in NAD+ and NADH concentrations in whole blood., before and after at least 30 days of treatment of Vital NAD]|The change of Blood cell indicators TBNK cells of the healthy adults at the points before and after intervention., before and after at least 30 days of treatment of Vital NAD|The change of Blood biochemical indicators of the healthy adults at the points before and after intervention., before and after at least 30 days of treatment of Vital NAD|The change of Peripheral blood immune T cells phenotype of the healthy adults at baseline., before and after at least 30 days of treatment of Vital NAD|The change of Tnaïve, Tscm, Tcm and Tem in peripheral blood of the healthy adults at the points before and after intervention., before and after at least 30 days of treatment of Vital NAD|The change of SITR1 expression in immune cells of peripheral blood at the points before and after intervention., before and after at least 30 days of treatment of Vital NAD",,,"Shanghai Cell Therapy Group Co.,Ltd",Shanghai Mengchao Cancer Hospital,ALL,"ADULT, OLDER_ADULT",EARLY_PHASE1,10,INDUSTRY,INTERVENTIONAL,Allocation: NA | Intervention Model: SINGLE_GROUP | Masking: NONE | Primary Purpose: TREATMENT,CH2301-A-02,2023-08,2024-03,2024-12,2023-08-09,,2023-08-21,"Shanghai Mengchao Cancer Hospital, Shanghai, China",
NCT04910061,Safety and Pharmacokinetics of Nicotinamide Mononucleotide (NMN) in Healthy Adults.,https://clinicaltrials.gov/study/NCT04910061,,COMPLETED,"The purpose of this study is to investigate the safety, pharmacokinetic profile, and effects of nicotinamide mononucleotide (NMN-C) in healthy adults, 18-65 years of age. The effects will be studied over the course of 30 days in a repeated-dose study through the collection of blood and urine samples, and administration of surveys and questionnaires.",NO,Healthy Volunteers,DIETARY_SUPPLEMENT: Nicotinamide mononucleotide (NMN-C),"Safety as measured by subject incident of treatment-emergent adverse events, Subject incidence of treatment-emergent adverse events, between Day 1 and Day 30|Safety as measured by subject incident of treatment-emergent clinically significant changes in vital signs, Subject incidence of treatment-emergent clinically significant changes in vital signs (body temperature, heart rate and blood pressure), between Day 1 and Day 30|Safety as measured by subject incident of treatment-emergent clinically significant changes in clinical laboratory safety tests., Subject incidence of treatment-emergent clinically significant changes in clinical laboratory safety tests (Complete blood count, C reactive protein, AST, ALT, bilirubin, GGT, Alkaline phosphatase, creatinine, creatine kinase, Sodium, Potassium, Chloride), between Day 1 and Day 30","Change from baseline in NAD+ and NMN concentrations in whole blood, NAD+ and NMN will be assessed in blood at the following time points : t=0 hours (pre-dose), t=0.25 hours, t=0.5 hours, t=1 hours, t=2 hours, t=4 hours, t=8 hours and t=12 hours after dosing, Pre-dose and at 0.25, 0.5, 1, 2, 4, 8, 12 hour post-dose on Day 1|Change from baseline in NAD+ and NMN concentrations in whole blood, NAD+ and NMN will be assessed in blood, Day 1, Day 2, Day 8, Day 15, Day 22, Day 29, Day 30|Change from baseline in NAD+ metabolites concentrations in plasma, MeNAM and NAM will be assessed in plasma at the following time points : t=0 hours (pre-dose), t=0.25 hours, t=0.5 hours, t=1 hours, t=2 hours, t=4 hours, t=8 hours and t=12 hours after dosing, Pre-dose and at 0.25, 0.5, 1, 2, 4, 8, 12 hour post-dose on Day 1|Change from baseline in NAD+ metabolites concentrations in plasma, MeNAM and NAM will be assessed in plasma, Day 1, Day 2, Day 8, Day 15, Day 22, Day 29, Day 30|Change from baseline in NAD+ metabolites concentrations in urine, MeNAM and Me-2-PY will be assessed in urine at the following time points : t=0 hours (pre-dose), t=0.25 hours, t=0.5 hours, t=1 hours, t=2 hours, t=4 hours, t=8 hours and t=12 hours after dosing, Pre-dose and at 0.25, 0.5, 1, 2, 4, 8, 12 hour post-dose on Day 1|Change from baseline in NAD+ metabolites concentrations in urine, MeNAM and Me-2-PY will be assessed in urine, Day 1, Day 2, Day 8, Day 15, Day 22, Day 29, Day 30|Change from baseline in NAD+ and NMN concentrations in whole blood, NAD+ and NMN will be assessed in blood at the following time points : t=0 hours (pre-dose), t=0.25 hours, t=0.5 hours, t=1 hours, t=2 hours, t=4 hours, t=8 hours and t=12 hours after dosing, Pre-dose and at 0.25, 0.5, 1, 2, 4, 8, 12 hour post-dose on Day 29|Change from baseline in NAD+ metabolites concentrations in plasma, MeNAM and NAM will be assessed in plasma at the following time points : t=0 hours (pre-dose), t=0.25 hours, t=0.5 hours, t=1 hours, t=2 hours, t=4 hours, t=8 hours and t=12 hours after dosing, Pre-dose and at 0.25, 0.5, 1, 2, 4, 8, 12 hour post-dose on Day 29|Change from baseline in NAD+ metabolites concentrations in urine, MeNAM and Me-2-PY will be assessed in urine at the following time points : t=0 hours (pre-dose), t=0.25 hours, t=0.5 hours, t=1 hours, t=2 hours, t=4 hours, t=8 hours and t=12 hours after dosing, Pre-dose and at 0.25, 0.5, 1, 2, 4, 8, 12 hour post-dose on Day 29|Changes in body weight, Day 1, Day 29|Tolerance, The number of participants with Adverse Events, Day 1, Day 2, Day 8, Day 15, Day 22, Day 29, Day 30|Changes in Quality of life, the mean changes in the the generic Quality of Life Self-Assessment Questionnaire SF-36 questionnaire score (The SF-36 questionnaire is scaled from a 0 to 100. The lower the score the more disability), Day 1, Day 29|Changes in Sleep quality, the mean changes in the Sleep Quality Scale (SQS) score (SQS is providing an overall score ranging from 0 to 84, where lower scores denote a healthier sleep quality), Day 1, Day 29|Changes in Fatigue state, the mean changes in the Multidimensional Fatigue Inventory (MFI-20) score (MFI-20 is providing an overall score ranging from 20 to 100 (a higher score indicates a higher level of fatigue)., Day 1, Day 29|Change in blood lipid profile from baseline during the intervention period, Total cholesterol, HDL-Cholesterol, LDL-Cholesterol, Triglyceride concentrations will be evaluated, Day 1, Day 29|Change in blood glucose (fasting) from baseline during the intervention period, the McNair Cognitive Difficulty Self Questionnaire, Day 1, Day 29|Change from baseline in homocysteine concentrations, homocysteine level will be evaluated in plasma, Day 1, Day 29",,Seneque SA,Dicentra Inc.|LGD,ALL,"ADULT, OLDER_ADULT",NA,24,INDUSTRY,INTERVENTIONAL,Allocation: NA | Intervention Model: SINGLE_GROUP | Masking: NONE | Primary Purpose: BASIC_SCIENCE,20-NNHSP-01,2021-08-05,2022-09-01,2023-03-01,2021-06-02,,2023-03-30,"Vitalabs Clinic, Toronto, Ontario, M5S 2B7, Canada",
NCT04862338,"Pharmacodynamics and Tolerance of Nicotinamide Mononucleotide (NMN, 400mg/Day) in Healthy Adults",https://clinicaltrials.gov/study/NCT04862338,,COMPLETED,The purpose of this study is to evaluate the physiological and/or biological actions of nicotinamide mononucleotide (NMN-C) in healthy adults receiving a repeated-dose over the course of 28 days by studying the tolerance and pharmacodynamics of this product.,NO,Healthy Volunteers,DIETARY_SUPPLEMENT: Nicotinamide mononucleotide (NMN-C),"Change from baseline in NAD+ concentrations in whole blood, Day 0, Day 14 and Day 28","Change from baseline in NMN concentrations in whole blood, Day 0, Day 14 and Day 28|Change from baseline NAD+ metabolite concentrations in plasma, MeNAM, NAM, DMG, TMG and Homocystein, Day 0, Day 14 and Day 28|Change from baseline NAD+ metabolite concentrations in urine, MeNAM and Me-2-PY, Day -7, Day 14 and Day 28|Adverse events, Evaluation of adverse events, Day 14 and Day 28|Evolution of the mitochondrial DNA ratio, mitochondrial DNA ratio will be assessed in the epithelial cells collected by buccal swabs, Day 0 and Day 28|Evolution of blood glucose levels, Day -7, Day 14 and Day 28|Evolution of blood lipid levels, Triglycerides, Total Cholesterol, HDL-Cholesterol, LDL-Cholesterol, Day -7, Day 14 and Day 28|Evolution of Transaminases (ASAT, ALAT, GGT) levels in blood, Day -7, Day 14 and Day 28|Evolution of Blood cell count, Day -7, Day 14 and Day 28|Evolution of Bilirubin levels in blood, Day -7, Day 14 and Day 28|Evolution of Creatinine levels in blood, Day -7, Day 14 and Day 28|Creatine phosphokinase (CPK) levels in blood, Day -7, Day 14 and Day 28|Evolution of blood Ionogram, Potassium, Chloride, Sodium levels will be assessed in blood, Day -7, Day 14 and Day 28|Evolution of Diastolic blood pressure, Day -7 and Day 28|Evolution of Systolic blood pressure, Day -7 and Day 28|Evolution of Heart rate, Day -7 and Day 28|Evolution of weight, Day -7, Day 14 and Day 28|Evolution of body composition, Body composition will be assessed by impedancemetry, Day -7, Day 14 and Day 28",,Seneque SA,CEN Biotech|LGD,ALL,ADULT,NA,17,INDUSTRY,INTERVENTIONAL,Allocation: NA | Intervention Model: SINGLE_GROUP | Masking: NONE | Primary Purpose: BASIC_SCIENCE,C1677,2021-04-26,2021-09-08,2022-04-04,2021-04-28,,2023-01-26,"Biomed 21, Dijon, 21000, France",
NCT06907329,The Impact of Nicotinamide Mononucleotide Sustained-release Tablets on Immunosenescence and Metablism in Middle-aged and Elderly Individuals With Metabolic Disorders.,https://clinicaltrials.gov/study/NCT06907329,,RECRUITING,"The ageing of our country is increasing and the ageing of the population has led to a significant increase in aging related diseases. During the aging process of the organism, cellular senescence can occur in all systems of the body, of which the senescence of the immune system is called immunosenescence. Some studies have shown that metabolic disorders can also trigger aging. This study investigated the effect of nicotinamide mononucleotide (NMN) supplementation on immunosenescence in middle-aged and elderly people through a placebo-controlled long-range clinical trail, aiming to provide a new method to improve immunosenescence. The effects of NMN supplementation on glucose and lipid metabolic indexes, body composition and telomere length of peripheral blood cells are also investigated, which may open up new ideas for the prevention and treatment of glucose and lipid metabolic diseases.",NO,Immunosenescence|Metabolism,DIETARY_SUPPLEMENT: NMN|DIETARY_SUPPLEMENT: Placebo,"CD3+CD8+CD27-CD28- T cells as a percentage of CD3+CD8+ T cells, expressed in %, evaluated by flow cytometry, 26 weeks","Body composition analysis, expressed in kg, %, and g/cm², evaluated by dual-energy X-ray absorptiometry, 26 weeks|Determination of fasting blood glucose and OGTT 2-hour blood glucose, expressed in mmol/L, evaluated by glucose oxidase method, 26 weeks|CD3+CD8+CD27- T cells as a percentage of total CD3+CD8+ T cells, expressed in %, evaluated by flow cytometry, 26 weeks|CD3+CD8+CD28- T cells as a percentage of total CD3+CD8+ T cells, expressed in %, evaluated by flow cytometry, 26 weeks|CD3+CD4+CD27- T cells as a percentage of CD3+CD4+ T cells, expressed in %, evaluated by flow cytometry, 26 weeks|CD3+CD4+CD28- T cells as a percentage of CD3+CD4+ T cells, expressed in %, evaluated by flow cytometry, 26 weeks|CD3+CD4+CD27-CD28- T cells as a percentage of CD3+CD4+ T cells, expressed in %, evaluated by flow cytometry, 26 weeks|CD3+CD8+CD45RA+CCR7- T cells as a percentage of CD3+CD8+ T cells, expressed in %, evaluated by flow cytometry, 26 weeks|CD3+CD8+CD57+KLRG1+ T cells as a percentage of CD3+CD8+ T cells, expressed in %, evaluated by flow cytometry, 26 weeks|CD3+CD8+ T cells as a percentage of CD3+CD4+ T cells, expressed in %, evaluated by flow cytometry, 26 weeks|NMN, NAD+ levels in peripheral blood cells, evaluated by mass spectrometry, 26 weeks|Peripheral blood cell telomere length, expressed as a unitless value , evaluated by Quantitative Real-time polymerase chain reaction, 26 weeks|Cardiorespiratory fitness related indicators, expressed in mL/kg/min, L/min, beats/min, and unitless ratios, evaluated by COSMED metabolic cart during cardiopulmonary exercise testing, 26 weeks|Glycosylated hemoglobin, expressed in mmol/mol, evaluated by HPLC, 26 weeks|Pancreatic β-cell function, expressed as a unitless value, evaluated by HOMA-β、HOMA-IR, 26 weeks|Weight, expressed in kilograms, evaluated by weighing scale, 26 weeks|Waist circumference, expressed in centimeters, evaluated by tape measure, 26 weeks|Waist-to-hip ratio, expressed as a unitless ratio, evaluated using a standardized tape measure following WHO measurement protocols., 26 weeks|Waist-to-height, expressed as a unitless ratio, evaluated using a standardized tape measure following WHO measurement protocols., 26 weeks",,Qing Su,,ALL,"ADULT, OLDER_ADULT",NA,126,OTHER,INTERVENTIONAL,"Allocation: RANDOMIZED | Intervention Model: PARALLEL | Masking: QUADRUPLE (PARTICIPANT, CARE_PROVIDER, INVESTIGATOR, OUTCOMES_ASSESSOR) | Primary Purpose: OTHER",XHEC-C-2024-165-4,2025-06-05,2027-03-31,2027-03-31,2025-04-02,,2025-07-08,"Xin Hua Hospital Affiliated to Shanghai Jiao Tong University School of Medicine, Shanghai, China",
NCT07144527,Nicotinamide Mononucleotide Supplementation for Exercise Tolerance Improvement in Healthy Older Adults,https://clinicaltrials.gov/study/NCT07144527,,RECRUITING,"This is a randomized, double-blind, placebo-controlled, two-arm crossover clinical trial evaluating the effects of a patented age-reversal therapy, EGA®, compared to conventional nicotinamide mononucleotide (NMN) supplementation. The study will assess safety and efficacy in improving exercise tolerance and modulating biomarkers of aging in healthy older adults.

The primary outcome is cycle ergometry constant work rate (CWR) exercise tolerance, measured as time to fatigue. Secondary outcomes include changes in peak oxygen consumption (VO₂peak), critical power, anaerobic work capacity, lactate threshold, and NAD⁺ metabolite levels.

EGA® is composed of three metabolomic compounds that are endogenous to humans. The formulation has been used in prior exploratory studies and real-world applications, which have helped inform the design of this current trial.",NO,Aging|Frailty|Exercise Tolerance|Healthy Male and Female Subjects,"DIETARY_SUPPLEMENT: NMN, betaine, low-dose hydrogen peroxide (EGA)|DIETARY_SUPPLEMENT: Nicotinamide Mononucleotide (NMN)|DIETARY_SUPPLEMENT: Placebo","Time to Fatigue During Constant Work Rate Cycle Ergometry (tLIM)., Duration (in seconds) that participants can sustain a constant submaximal workload on a cycle ergometer until volitional fatigue. This is a validated surrogate for submaximal exercise tolerance., Measured at the beginning and end of each 4-week intervention period.","Peak Oxygen Uptake (VO2max), Maximum oxygen consumption (ml/kg/min) achieved during graded exercise testing., Measured at the beginning and end of each 4-week intervention period.|Lactate Threshold, Workload or oxygen consumption corresponding to the point at which blood lactate concentration rises above baseline, assessed via graded exercise testing and gas exchange sampling., Measured at the beginning and end of each 4-week intervention period.|Anaerobic Work Capacity, Cumulative work performed above the critical power, calculated from cycle ergometer testing., Measured at the beginning and end of each 4-week intervention period.|Critical Power, The asymptote of the power-duration relationship. A work rate reflecting sustainable aerobic work capacity., Measured at the beginning and end of each 4-week intervention period.|Circulating NAD+ and Related Metabolites, Plasma concentrations of NAD+, NMN, and related metabolites measured by targeted metabolomics., Measured at the beginning and end of each 4-week intervention period.","Adverse Events, Incidence of any reported adverse events or side effects during intervention periods., From first dose through final study visit (up to 12 weeks per participant, including two 4-week intervention periods and a 4-week washout).|Adherence to Supplementation, Pill counts and participant self-report logs of study product usage., Assessed weekly during each 4-week intervention period and at the end of each intervention period (Weeks 4 and 12), for a total study duration of up to 12 weeks per participant.|Exercise Session Adherence, Proportion of prescribed exercise sessions completed (percentage of sessions completed (%) per intervention period, verified by attendance log., Assessed weekly during each 4-week intervention period and summarized at the end of each period (Weeks 4 and 12); total study duration up to 12 weeks per participant.|Fasting Plasma Homocysteine Levels, Fasting plasma homocysteine levels will be assessed using a standardized commercial laboratory assay (LabCorp) from venous blood samples. Values will be reported in micromoles per liter (µmol/L)., Measured at the beginning and end of each 4-week intervention period.",Scott Silveira,Concordia University Chicago,ALL,"ADULT, OLDER_ADULT",NA,40,OTHER,INTERVENTIONAL,"Allocation: RANDOMIZED | Intervention Model: CROSSOVER | Masking: QUADRUPLE (PARTICIPANT, CARE_PROVIDER, INVESTIGATOR, OUTCOMES_ASSESSOR) | Primary Purpose: BASIC_SCIENCE",2305604-1,2026-02-21,2026-12-30,2027-01-01,2025-08-27,,2026-02-20,"Medical Office of Dr. Robert Huizenga MD, Beverly Hills, California, 90210, United States",
NCT04228640,"Evaluate the Efficacy and Safety of Uthever NMN(Nicotinamide Mononucleotide, a Form of Vitamin B3)",https://clinicaltrials.gov/study/NCT04228640,NMN,COMPLETED,"This will be a multi-center, two arm study in 66 healthy adults. Subjects will complete a screening visit (V1, Day -7) to determine eligibility for the study based on Inclusion \& Exclusion Criteria, patient history and safety measures. Eligibility confirmation will be done on visit 2 (Day 1). Patients successfully completing screen will be assigned to either of the two treatments. Subjects will receive the treatment for at-home use and will also be given diaries for recording information of medication, and adverse events. At 2 different intervals i.e. Day 30 and Day 60 (V3, V4) subjects will return to the clinic to review and collect patient diaries, safety data and medication reconciliation. Efficacy and safety assessments will be done at baseline, Day 30 and Day 60 .",NO,Aging,OTHER: NMN|OTHER: Placebo,"Blood cellular NAD+ concentration in serum, Evaluation of Blood cellular NAD+ concentration in serum inter group comparison from baseline to the end of study, Day 2|Blood cellular NAD+ concentration in serum, Evaluation of Blood cellular NAD+ concentration in serum inter group comparison from baseline to the end of study, Day 30|Blood cellular NAD+ concentration in serum, Evaluation of Blood cellular NAD+ concentration in serum inter group comparison from baseline to the end of study, Day 60|Blood cellular NADH concentration in serum, Evaluation of Blood cellular NADH concentration in serum inter group comparison from baseline to the end of study, Day 2|Blood cellular NADH concentration in serum, Evaluation of Blood cellular NADH concentration in serum inter group comparison from baseline to the end of study, Day 30|Blood cellular NADH concentration in serum, Evaluation of Blood cellular NADH concentration in serum inter group comparison from baseline to the end of study, Day 60|Six minutes walking endurance test, Evaluation of Six minutes walking endurance test inter group comparison from baseline to the end of study, Day 2|Six minutes walking endurance test, Evaluation of Six minutes walking endurance test inter group comparison from baseline to the end of study, Day 30|Six minutes walking endurance test, Evaluation of Six minutes walking endurance test inter group comparison from baseline to the end of study, Day 60|Systolic, Evaluation of Systolic blood pressure inter group comparison from baseline to the end of study, Day 2|Systolic, Evaluation of Systolic blood pressure inter group comparison from baseline to the end of study, Day 30|Systolic, Evaluation of Systolic blood pressure inter group comparison from baseline to the end of study, Day 60|Diastolic blood pressure, Evaluation of diastolic blood pressure inter group comparison from baseline to the end of study, Day 2|Diastolic blood pressure, Evaluation of diastolic blood pressure inter group comparison from baseline to the end of study, Day 30|Diastolic blood pressure, Evaluation of diastolic blood pressure inter group comparison from baseline to the end of study, Day 60|Pulse pressure, Evaluation of Pulse Pressure inter group comparison from baseline to the end of study, Day 2|Pulse pressure, Evaluation of Pulse Pressure inter group comparison from baseline to the end of study, Day 30|Pulse pressure, Evaluation of Pulse Pressure inter group comparison from baseline to the end of study, Day 60|SF-36 questionnaire, Evaluation of SF-36 questionnaire inter group comparison from baseline to the end of study, Day 2|SF-36 questionnaire, Evaluation of SF-36 questionnaire inter group comparison from baseline to the end of study, Day 30|SF-36 questionnaire, Evaluation of SF-36 questionnaire inter group comparison from baseline to the end of study, Day 60","Adverse events, Evaluation of Adverse events, Day 2|Adverse events, Evaluation of Adverse events, Day 30|Adverse events, Evaluation of Adverse events, Day 60|Laboratory parameter (blood chemistry), Evaluation of Laboratory parameter (blood chemistry) changes from baseline to end of the study, Day 1|Laboratory parameter (blood chemistry), Evaluation of Laboratory parameter (blood chemistry) changes from baseline to end of the study, Day 30|Laboratory parameter (blood chemistry), Evaluation of Laboratory parameter (blood chemistry) changes from baseline to end of the study, Day 60|Laboratory parameter (lipid profile), Evaluation of Laboratory parameter (lipid profile) changes from baseline to end of the study, Day 1|Laboratory parameter (lipid profile), Evaluation of Laboratory parameter (blood chemistry, lipid profile, LFT and RFT) changes from baseline to end of the study, Day 30|Laboratory parameter (lipid profile), Evaluation of Laboratory parameter (lipid profile) changes from baseline to end of the study, Day 60|Laboratory parameter (LFT ), Evaluation of Laboratory parameter (LFT ) changes from baseline to end of the study, Day 1|Laboratory parameter (LFT), Evaluation of Laboratory parameter (LFT ) changes from baseline to end of the study, Day 30|Laboratory parameter (LFT), Evaluation of Laboratory parameter (LFT ) changes from baseline to end of the study, Day 60|Laboratory parameter (RFT), Evaluation of Laboratory parameter (RFT) changes from baseline to end of the study, Day 1|Laboratory parameter (RFT), Evaluation of Laboratory parameter (RFT) changes from baseline to end of the study, Day 30|Laboratory parameter (RFT), Evaluation of Laboratory parameter (RFT) changes from baseline to end of the study, Day 60|Drop out due to adverse events, Number of participants that dropout due to adverse events including lab values, Day 2|Drop out due to adverse events, Number of participants that dropout due to adverse events including lab values, Day 30|Drop out due to adverse events, Number of participants that dropout due to adverse events including lab values, Day 60","BMI, Monitoring of BMI inter group comparison from baseline to the end of study, Day 1|BMI, Monitoring of BMI inter group comparison from baseline to the end of study, Day 2|BMI, Monitoring of BMI inter group comparison from baseline to the end of study, Day 30|BMI, Monitoring of BMI inter group comparison from baseline to the end of study, Day 60|HOMA, Monitoring of HOMA inter group comparison from baseline to the end of study, Day 2|HOMA, Monitoring of HOMA inter group comparison from baseline to the end of study, Day 60",EffePharm LTD,ProRelix Research,ALL,"ADULT, OLDER_ADULT",NA,66,INDUSTRY,INTERVENTIONAL,"Allocation: RANDOMIZED | Intervention Model: PARALLEL | Masking: DOUBLE (PARTICIPANT, INVESTIGATOR) | Primary Purpose: PREVENTION",EFFE-CT-01,2020-12-15,2021-02-27,2021-03-30,2020-01-14,,2021-04-01,"Dr Kamalakar Gajarae, Pune, Maharashtra, 411019, India|Swasthiye Clinic and Research Center, Pune, Maharashtra, 411030, India",
NCT06889142,Impact of NMN Supplementation on CD4+ T Cell Recovery in HIV Patients With Immunological Failure,https://clinicaltrials.gov/study/NCT06889142,,NOT_YET_RECRUITING,"This proof-of-concept study aims to investigate the potential impact of supplementing with Nicotinamide Mononucleotide (NMN), a direct precursor of NAD+ on CD4+ T cell recovery in virologically suppressed HIV patients experiencing immunological failure on ART. We hypothesize that NMN supplementation will increase intracellular NAD+ levels, thereby improving CD4+ T cell function and potentially reversing immunological failure. A small cohort of patients will be recruited to evaluate the primary outcome of change in CD4+ T cell count from baseline to the end of the study period after receiving NMN daily for 12 weeks. Secondary outcomes including safety and tolerability, impact on pro-inflammatory markers, increase in NAD+ levels, immune activation markers and change in quality of life questionnaire scores. Patients will participate in two in person visits including a baseline and end of study with two telephone encounters. Patients will take 1,000mg NMN daily for a total of 12 weeks during which they will keep a daily log of doses taken and any side effects experienced. At all visits labs and quality of life questionnaire will be completed with complete physical exam to be done at baseline and end of study visit.",NO,Human Immunodeficiency Virus,DIETARY_SUPPLEMENT: Nicotinamide Mononucleotide,"Primary Outcome, The primary outcome of this study will be the change in CD4+ T cell count from baseline to the end of the study period. \[normal range: 500-1500 cells/mm\^3; improved outcomes with increase to normal range\], 12 weeks","CD38, Changes in immune activation markers - CD38 expression \[healthy individuals expression on T cell \<10-20%, untreated HIV elevated \>60-90%, HIV on ART \~ 20-30%; low percentage correlates with improved immune function\], collected at baseline visit followed by monthly collections for total of 3 months|HLA-DR expression, HLA-DR expression \[healthy individuals \<5-10% HLA DR CD 4+ T cell expression and \<5%, collected at baseline visit followed by monthly collections for total of 3 months|TNF-alpha, (Ref Interval: \<=7.2) Cytokines- Results are used to understand the pathophysiology of immune, infectious, or inflammatory disorders, collected at baseline visit followed by monthly collections for total of 3 months|NAD(+) levels, Ranges from 10-500 µM during normal physiological state; however, it's levels can vary by age as well as metabolic and disease states, collected at baseline visit followed by monthly collections for total of 3 months|IL-6, (Ref Interval: \<=2.0 pg/mL ) Cytokines- Results are used to understand the pathophysiology of immune, infectious, or inflammatory disorders, collected at baseline visit followed by monthly collections for total of 3 months|HS-CRP, Ref Interval: \<=3.0 mg/L, collected at baseline visit followed by monthly collections for total of 3 months|Changes on Quality-of-life Questionnaire (QOL): WHO QOL HIV BREF, Domain scores between 4-20 with higher score correlating with improved QOL, collected at baseline visit followed by monthly collections for total of 3 months",,TriHealth Inc.,DoNotAge.org,ALL,"ADULT, OLDER_ADULT",NA,7,OTHER,INTERVENTIONAL,Allocation: NA | Intervention Model: SINGLE_GROUP | Masking: NONE | Primary Purpose: TREATMENT,24-089,2025-04,2025-07,2025-07,2025-03-21,,2025-04-03,,
NCT04571008,Effect of NMN Supplementation on Organ System Biology,https://clinicaltrials.gov/study/NCT04571008,VAN,COMPLETED,The goal of this proposal is to determine whether the beneficial effects of NMN on metabolic function observed in rodents applies to people.,YES,Glucose Metabolism Disorders,OTHER: Placebo|DIETARY_SUPPLEMENT: Treatment,"Change in Muscle Insulin Sensitivity, The outcome (mean change in muscle sensitivity from baseline to after intervention) will be assessed during hyperinsulinemic-euglycemic clamp procedure in conjunction with stable isotopic tracer infusion after intervention period., After 16 weeks of treatment","Changes in Glucose Tolerance, The outcome (mean change in oral glucose tolerance from baseline to after intervention) will be assessed during modified oral glucose tolerance test after the intervention, After 16 weeks of treatment",,Washington University School of Medicine,United States Department of Defense,ALL,"ADULT, OLDER_ADULT",NA,56,OTHER,INTERVENTIONAL,"Allocation: RANDOMIZED | Intervention Model: PARALLEL | Masking: QUADRUPLE (PARTICIPANT, CARE_PROVIDER, INVESTIGATOR, OUTCOMES_ASSESSOR) | Primary Purpose: BASIC_SCIENCE",201909118,2020-10-01,2025-03-04,2025-03-04,2020-09-30,2026-03-11,2026-09-10,"Washington University School of Medicine, St Louis, Missouri, 63110, United States","Study Protocol and Statistical Analysis Plan: Up to date protocol, https://cdn.clinicaltrials.gov/large-docs/08/NCT04571008/Prot_SAP_000.pdf"
NCT04664361,Effect of NMN on Muscle Recovery and Physical Capacity in Healthy Volunteers With Moderate Physical Activity,https://clinicaltrials.gov/study/NCT04664361,,COMPLETED,"The purpose of this study is to evaluate the effect of NMN supplementation (250 and 500 mg/day over 38 days) compared to placebo in healthy volunteers with moderate physical activity on muscle recovery, physical capacity, cardiorespiratory recovery, the perception of the arduousness of the effort, the variation in blood lactate levels before and after physical exercise, the perception of the intensity of post-exercise muscle pain (cramps), the body composition and Nicotinamide-Adenine Mononucleotide (NAD+) level in blood.",NO,Physical Activity|Muscle Recovery,DIETARY_SUPPLEMENT: Nicotinamide mononucleotide|OTHER: Placebo,"Evolution of muscle recovery, Wingate Anaerobic Test (WANT) preformed post-endurance test (at 85% maximum aerobic speed), before and after 21 and 38 days of treatment","Changes in physical capacity, physical capacity evaluated during an endurance test (at 85% maximum aerobic speed) by the maximum duration (time limit), before and after 21 and 38 days of treatment|Changes in cardiorespiratory recovery, Measurement of blood pressure and heart rate at rest and at intervals of several minutes after the endurance test (at 85% maximum aerobic speed), before and after 21 and 38 days of treatment|Changes in the perception of the arduousness of the effort, evaluated by the Borg scale during the endurance test (at 85% maximum aerobic speed), before and after 21 and 38 days of treatment|Changes in blood lactate levels before and after physical exercise, blood lactate levels before and after the endurance test (at 85% maximum aerobic speed), before and after 21 and 38 days of treatment|Changes in the perception of the intensity of post-exercise muscle pain (cramps), post-exercise muscular pain in evaluated using a 7 points numerical scale, 24, 48 and 72 hours after the endurance test, before and after 21 and 38 days of treatment|Changes in the body composition, fat mass, muscle mass, visceral fat, water mass determined by Bioelectrical Impedance Analysis (BIA), before and after 21 and 38 days of treatment|Changes blood NAD+ levels, Evaluation of cellular NAD+ concentration in blood from baseline to the end of study, before and after 21 and 38 days of treatment",,Seneque SA,CEN Nutriment|Centre d'Expertise de la Performance|LGD,MALE,ADULT,NA,131,INDUSTRY,INTERVENTIONAL,"Allocation: RANDOMIZED | Intervention Model: PARALLEL | Masking: QUADRUPLE (PARTICIPANT, CARE_PROVIDER, INVESTIGATOR, OUTCOMES_ASSESSOR) | Primary Purpose: SUPPORTIVE_CARE",C1598,2021-03-09,2022-11-10,2023-05-30,2020-12-11,,2024-01-17,"CEN Nutriment, Dijon, 21000, France",
NCT06882096,Tracing the Metabolic Flux of Orally Administered NAD+ Precursors,https://clinicaltrials.gov/study/NCT06882096,,RECRUITING,"We are doing this research to learn how healthy younger and older adults use two forms of vitamin B3-called nicotinamide mononucleotide (NMN) and nicotinamide (NAM)-to make NAD+. NAD+ is a natural substance that cells need for energy and other important processes. Our goal is to find out how these NAD precursors are absorbed and metabolized and how they raise NAD+ in different tissues.

Who can join? Healthy adults men and women aged 18 to 40 (younger group) or 65 and older (older group) Participants with a body mass index ranging between 19 and 35 No major health issues like diabetes or severe kidney disease

What will happen? Participants will take labeled or unlabeled NMN or NAM by mouth every day for 14 days.

Researchers will collect blood, urine, and stool samples. Researchers also do a small muscle biopsy (under local numbing) twice to check how these NAD precursors raise NAD+ in muscle.

Why is this important? NAD+ levels may drop as people age, and this drop could affect overall health and energy in cells.

A better understanding of how NMN and NAM are metabolized in the body to raise NAD+ levels in both younger and older adults may help us optimize dosing and strategies for raising NAD in older people.

Possible benefits and risks:

Participants may not get any direct health benefit from this study; the main goal is to gather new knowledge.

NMN and NAM appear safe in the doses used. A muscle biopsy may cause soreness or bruising.

Researchers will monitor participants closely for any side effects throughout the study.",NO,Healthy Adults,DRUG: Nicotinamide Mononucleotide (NMN)|DRUG: Nicotinamide (NAM),"Labelled NAD+ in Peripheral Blood, Quantify the fraction of peripheral blood. NAD+ containing the stable isotope labelled tracer, During the Study Intervention Period Day 1 through Day 14","Labelled NAD+ in Muscle, Quantify the fraction of muscle NAD+ containing the stable isotope labelled tracer, During the Study Intervention Period Day 1 through Day 14|1-Methyl nicotinamide (MeNAM) in Plasma, Measure the labelled reading of Plasma NAD+ metabolite 1-Methyl nicotinamide (MeNAM), During the Study Intervention Period Day 1 through Day 14|1-Methyl nicotinamide (MeNAM) in Muscle, Measure the labeled reading of Muscle NAD+ metabolite 1-Methyl nicotinamide (MeNAM), During the Study Intervention Period Day 1 through Day 14|1-Methyl nicotinamide (MeNAM) in Urine, Measure the labeled reading of Urine NAD+ metabolite 1-Methyl nicotinamide (MeNAM), During the Study Intervention Period Day 1 through Day 14|1-Methyl nicotinamide (MeNAM) in Stool, Measure the labeled reading of Stool NAD+ metabolite 1-Methyl nicotinamide (MeNAM), During the Study Intervention Period Day 1 through Day 14|N-methyl-2-pyridone-5-carboxamide (2PY) in Plasma, Measure the labeled reading of Plasma metabolite N-methyl-2-pyridone-5-carboxamide (2PY), During the Study Intervention Period Day 1 through Day 14|N-methyl-2-pyridone-5-carboxamide (2PY) in Muscle, Measure the labeled reading of Muscle NAD+ metabolite N-methyl-2-pyridone-5-carboxamide (2PY), During the Study Intervention Period Day 1 through Day 14|N-methyl-2-pyridone-5-carboxamide (2PY) in Urine, Measure the labeled reading of Urine NAD+ metabolite N-methyl-2-pyridone-5-carboxamide (2PY), During the Study Intervention Period Day 1 through Day 14|N-methyl-2-pyridone-5-carboxamide (2PY) in Stool, Measure the labeled reading of Stool NAD+ metabolite N-methyl-2-pyridone-5-carboxamide (2PY), During the Study Intervention Period Day 1 through Day 14|Nicotinamide in Plasma, Measure the labeled reading of Plasma NAD+ metabolite- Nicotinamide, During the Study Intervention Period Day 1 through Day 14|Nicotinamide in Muscle, Measure the labeled reading of Muscle NAD+ metabolite Nicotinamide, During the Study Intervention Period Day 1 through Day 14|Nicotinamide in Urine, Measure the labeled reading of Urine NAD+ metabolite Nicotinamide, During the Study Intervention Period Day 1 through Day 14|Nicotinamide in Stool, Measure the labeled reading of Stool NAD+ metabolite Nicotinamide, During the Study Intervention Period Day 1 through Day 14",,"Metro International Biotech, LLC",,ALL,"ADULT, OLDER_ADULT",PHASE1,32,INDUSTRY,INTERVENTIONAL,Allocation: RANDOMIZED | Intervention Model: PARALLEL | Masking: NONE | Primary Purpose: BASIC_SCIENCE,MBT-1918/1932-MET,2025-04-28,2026-12,2027-06,2025-03-18,,2025-05-06,"Brigham and Women's Hospital, Boston, Massachusetts, 02215, United States",
NCT05759468,NAD Augmentation in Diabetes Kidney Disease,https://clinicaltrials.gov/study/NCT05759468,DKD,RECRUITING,"A phase 2a trial randomized, double-blind, placebo-controlled, parallel group trial to determine whether NMN administration improves DKD, as indicated by a significantly greater reduction in UACR compared with placebo administration. Eligible participants will be randomized to receive either 1000 mg NMN or placebo twice daily.",NO,Type2diabetes|Diabetic Kidney Disease,DRUG: Investigational Product - MIB 626|DRUG: Placebo,"The primary endpoint is the change from baseline in UACR over the 6-month intervention period., To determine whether treatment with a microcrystalline formulation of β nicotinamide mononucleotide (βNMN) in older adults with DKD improves urinary albumin to creatinine excretion ratio (UACR), compared to placebo., 6 months","Assess the proportion of participants in the two study arms with 30% or greater reduction in UACR, In supportive analysis of the primary outcome, the investigator will compare the proportion of participants in the two study arms with 30% or greater reduction in UACR, 6 months|Assess the change from baseline over the 6-month intervention period in biomarkers of kidney injury., Compared to placebo treatment, NMN treatment of older adults with DKD will assess for improvements in biomarkers of kidney injury in association with DKD prognosis by measuring KIM-1 and STNFR1 combinedly., 6 month|Change from baseline in the levels of serum creatinine over 6-month intervention period, To determine whether NMN treatment is associated with change in serum creatinine from baseline to 24 weeks between the two study arms., 6 month|Change from baseline in the levels of cystine C over 6-month intervention period., To determine whether NMN treatment is associated with change in cystatin C from baseline to 24 weeks between the two study arms., 6 month|To determine whether NMN treatment is associated with significantly greater improvement in muscle endurance., Assess the change from baseline in muscle endurance by exercises (reps to failure) using Keiser Machines, 6 month|Assess the change from baseline in performance-based measures of function., To determine whether NMN treatment is associated with significantly greater improvement in performance based by using 6-minute walking distance measure of function., 6 month|To determine whether NMN alters the circulating biomarkers of aging that the geroscience experts have recommended., Compared to placebo treatment, NMN treatment will be assessed to identify greater changes in the circulating biomarkers of aging. the biomarkers that will be assessed are IL6 and TNFalpha, 6 months|Assess the change from baseline in the levels of NMN in the peripheral blood and in the PBMCs using a validated LC-MS/MS assay., NMN treatment will be assessed to determine significant increases in blood levels of NAD and its metabolome during the 24-week intervention period. The increase in NAD levels are to be observed during the intervention period in NMN-treated subjects that will be sustained during the 12-week follow-up period (legacy effect)., 6 months|Assess the change in measure of H1bac as a measure of glycemic control over the 6 months intervention period., To determine the effect of NMN treatment on Hb1ac (expressed in mg/dL) in the body as a measure of glycemic control., 6 months|Assess the change in measure of fasting glucose as a measure of glycemic control over the 6 months intervention period., To determine the effect of NMN treatment on fasting glucose in the body as a measure of glycemic control., 6 months",,Brigham and Women's Hospital,Boston Medical Center,ALL,"ADULT, OLDER_ADULT",PHASE2,156,OTHER,INTERVENTIONAL,"Allocation: RANDOMIZED | Intervention Model: PARALLEL | Masking: QUADRUPLE (PARTICIPANT, CARE_PROVIDER, INVESTIGATOR, OUTCOMES_ASSESSOR) | Primary Purpose: TREATMENT",2021P003702,2023-04-13,2026-11-30,2027-03-31,2023-03-08,,2026-04-13,"Brigham and Women's Hospital, Boston, Massachusetts, 02115, United States",
NCT07013591,Nicotinamide Mononucleotide in Patients Undergoing Cardiac Surgery,https://clinicaltrials.gov/study/NCT07013591,,RECRUITING,"The investigators will perform a phase 2a, randomized, double-blind, placebo-controlled clinical trial in adult patients undergoing elective cardiac surgery to investigate the effects of oral nicotinamide mononucleotide (NMN) administration on myocardial NAD+ concentrations and on postoperative markers of myocardial and kidney injury.",NO,Cardiac Surgery,DRUG: MIB-626|OTHER: Placebo,"NAD+ concentration in the myocardial tissue, NAD+ concentration in the myocardial tissue (right atrial appendage) obtained intraoperatively, measured using the validated NADome Quant assay, Intraoperatively (single time point)","Intracellular levels of NAD+ and related metabolites, NAD+, NADH, and related metabolite concentrations in discarded tissue collected intraoperatively, including right atrial appendage, internal mammary artery, sternal muscle, and fat, Intraoperatively (single time point)|Circulating levels of NAD+ and related metabolites, NAD+, NADH, and related metabolite concentrations in the circulation and in peripheral blood mononuclear cells, Baseline to day 90|Markers of cardiac injury/dysfunction, Circulating levels of cardiac troponin I, creatine kinase MB fraction (CKMB), and N-terminal pro-B-type natriuretic peptide (NT-pro-BNP), Preoperatively, on ICU arrival, and on postoperative days 1-4|Acute kidney injury (AKI), Incidence of acute kidney injury (AKI) defined according to the Kidney Disease Improving Global Outcomes (KDIGO) criteria as any of the following: 1) urine output \<0.5 ml/kg/h for ≥6 consecutive hours (assessed within the first 48h or until the Foley catheter is removed, whichever occurs first); 2) an increase in SCr ≥0.3 mg/dl within the first 48h; 3) an increase in SCr ≥50% within the first 7 days; or 4) receipt of KRT within the first 7 days, 7 days post-operatively|Serum creatinine (SCr), Maximum baseline-adjusted changes in SCr, Immediately pre-operative to 7 days post-operative|Cystatin C, Circulating levels of cystatin C, Preoperatively, on ICU arrival, and on postoperative days 1-4|Neutrophil gelatinase-associated lipocalin (NGAL), Circulating levels of measured neutrophil gelatinase-associated lipocalin (NGAL), Preoperatively, on ICU arrival, and on postoperative days 1-4|Kidney Injury Molecule-1 (KIM-1), Circulating levels of KIM-1, Preoperatively, on ICU arrival, and on postoperative days 1-4|NMN level, Plasma concentrations of NMN, Preoperatively, on ICU arrival, and on postoperative days 1-4|2PY Level, Plasma concentrations of 2PY, Preoperatively, on ICU arrival, and on postoperative days 1-4|N-Methylnicotinamide level, Plasma N-methylynicotinamide level, Preoperatively, on ICU arrival, and on postoperative days 1-4|nicotinamide level, Plasma nicotinamide concentrations, Preoperatively, on ICU arrival, and on postoperative days 1-4","Left ventricular ejection fraction (LVEF), Left ventricular ejection fraction (LVEF) measured by a transesophageal echocardiogram (TEE), change from immediately preoperative to immediate postoperative|Atrial fibrillation, Frequency of new-onset atrial fibrillation. Atrial fibrillation must be confirmed on a 12-lead ECG or a rhythm strip, confirmed by a healthcare provider, or treated (either medically \[e.g., amiodarone\] or with electrical cardioversion), First seven days postoperatively|Vasoactive-inotropic score, The vasoactive-inotropic score is a validated method for integrating all vasoactive medications and their doses on an hourly basis into a single measure. The score ranges from 0 to 100, with higher scores indicating greater cardiovascular support needs., Immediately preoperatively to 24-hours post-incision|Time-to-liberation from vasoactive medications, Time (in hours) from end of cardiopulmonary bypass (CPB) to liberation from all vasopressors and inotropes., End of cardiopulmonary bypass to 24 hours post surgery|ICU length of stay, time to release from the ICU post-operatively, Time in days in the ICU post-operatively, from the day of admission to the ICU postoperatively after the coronary artery bypass surgery to the time of release from ICU or date of death from any cause, up to 90 days",Brigham and Women's Hospital,National Institute on Aging (NIA),ALL,"ADULT, OLDER_ADULT",PHASE2,90,OTHER,INTERVENTIONAL,"Allocation: RANDOMIZED | Intervention Model: PARALLEL | Masking: QUADRUPLE (PARTICIPANT, CARE_PROVIDER, INVESTIGATOR, OUTCOMES_ASSESSOR) | Primary Purpose: TREATMENT",2025P000420|1U01AG089040-01,2026-06-10,2028-10-01,2029-01-01,2025-06-10,,2026-09-21,"Brigham and Women's Hospital, Boston, Massachusetts, 02115, United States",
NCT06036355,The Exploratory Study on the Biological Function of Dendritic Cells In Vivo Supported by Nicotinamide Mononucleotide (Vital NAD),https://clinicaltrials.gov/study/NCT06036355,,UNKNOWN,"The main purpose of this study is to explore the PK/PD changes of NMN and DC cells after oral NMN combined with DC cells injection in patients after tumor surgery, and evaluate the biological age of adults, TCR diversity, SiRT1 expression level, SF-36 quality of life, OS, antigen specific immune response (TAA), cytokines and so on. In this study, 20 postoperative tumor patients who meet the entry and excretion criteria were recruited to explore the clinical potential of NMN combined with DC cell vaccine.",NO,Postoperative Prevention of Tumor,DRUG: Oral NMN combined with DC cell vaccine,"Concentration of double antibodies in peripheral blood, Up to 3 months|Concentration of NMN (nicotinamide mononucleotide) in peripheral blood, Up to 3 months|Peripheral blood NAD+, Up to 3 months|Cytokines (IL6, TNF- goat, INF- γ, IL-4, IL-10), Up to 3 months|T cell depletion index (PD1/Tim-3/lag3), Up to 3 months|T cell activation index CD107, Up to 3 months|T cell and NK cell function index (INF- γ) and granzyme, Up to 3 months|High quality Survival benefit Endpoint (DFS), DFS refers to the time from the beginning of treatment to the recurrence of the disease or the death of the patient. Patients need to be followed up regularly to keep records., Up to 15 years|Survival benefit (OS), OS refers to the time from the beginning of randomization to death (for any reason). Patients need to be followed up regularly to keep records., Up to 15 years|Distant Metastasis-Free Survival (DMFS), Metastasis-free survival time. Patients need to be followed up regularly to keep records., Up to 15 years",,,"Shanghai Cell Therapy Group Co.,Ltd",,ALL,"ADULT, OLDER_ADULT",EARLY_PHASE1,20,INDUSTRY,INTERVENTIONAL,Allocation: NA | Intervention Model: SINGLE_GROUP | Masking: NONE | Primary Purpose: TREATMENT,CH2301-A-03,2023-09-30,2024-04-30,2024-12-30,2023-09-13,,2023-09-13,"Shanghai Mengchao Cancer Hospital, Shanghai, Shanghai Municipality, 200240, China",
NCT07569627,Effects of BFR-training on Stem Cells and Immune Cells in Human Skeletal Muscle,https://clinicaltrials.gov/study/NCT07569627,,COMPLETED,"In this 3-year project, investigators will first measure stem cells (primary outcome) and immune cells (secondary outcome) in human skeletal muscle immediately after and 24 hour after the BFR-training. In the second and third year, the effect of β-NMN (vitamin B3 precursor) and antioxidant on the same outcomes after BFR-exercise will be assessed. The BFR-exercise in the study will consist of a 5 × 10-second sprinting with maximal voluntary efforts, 5 minutes after a BFR pre-conditioning to legs using pressurized cuffs. In Study 1 (1st year, N = 24, aged 20-30 year), a randomized crossover trial will be conducted to compare the efficacy of sprinting exercise using BFR pre-conditioning at 20 mmHg (control) or 180 mmHg (occlusion). Study 2 (2nd year, N = 24, aged 20-30 years) will be conducted to examine the effect of β-NMN supplementation on the aforementioned outcomes in human muscles using a randomized placebo-controlled crossover study design. Study 3 (third year, N = 24, aged 20-30 years) will be conducted to examine the effect of vitamin C on the same variables immediately after and 24 hours after resistance exercise intervention, using a randomized placebo-controlled crossover study design.",NO,Exercise|Blood Flow Restriction (BFR) Training Effects|Supplement,BEHAVIORAL: BFR (180 mmHg)|DIETARY_SUPPLEMENT: NMN-BFR exercise|DIETARY_SUPPLEMENT: Vitamin C-resistance exercise,"Stem cells in muscle, Stem cells are identified by Stro-1 cell marker, Pre-exercise, immediately post-exercise, and 24-hour post-challenge (BFR-exercise) recovery","Immune cells in muscle, Immune cells are identified by myeloperoxidase (MPO) cell marker, At 24-hour post-challenge recovery",,University of Taipei,,MALE,ADULT,NA,60,OTHER,INTERVENTIONAL,"Allocation: RANDOMIZED | Intervention Model: CROSSOVER | Masking: TRIPLE (PARTICIPANT, CARE_PROVIDER, OUTCOMES_ASSESSOR) | Primary Purpose: BASIC_SCIENCE",IRB-2021-082|MOST 111-2410-H-845 -005 -MY3,2022-08-01,2025-05-01,2025-05-01,2026-05-06,,2026-07-13,"Laboratory of Exercise Biochemistry, Taipei, Taiwan, 111, Taiwan","Study Protocol, https://cdn.clinicaltrials.gov/large-docs/27/NCT07569627/Prot_000.pdf"
NCT06214078,Preliminary Clinical Study of NMN Intervention in Mild Ulcerative Colitis,https://clinicaltrials.gov/study/NCT06214078,,UNKNOWN,"The goal of this clinical trial is to compare the safety and efficacy of nicotinamide mononucleotide (NMN) and placebo in patients with mild ulcerative colitis (UC). The main question it aims to answer is Whether NMN can alleviate the intestinal pathology of UC patients, so as to play a role in UC treatment or adjuvant therapy.

Participants will be randomized into two groups, an NMN group or a placebo group. Patients in the NMN group were treated with NMN intervention for 8 weeks. The placebo group received a placebo intervention for 8 weeks.",NO,Ulcerative Colitis Chronic Mild,DIETARY_SUPPLEMENT: nicotinamide mononucleotide|OTHER: placebo,"Clinical response rate, Clinical response was defined according to STRIDE II as a reduction of at least 50% in Patient Reported Outcomes 2 (PRO2) rectal bleeding and stool frequency., 8 weeks","Biomarker target attainment rate, The target of inflammatory biomarkers was defined as normal C-Reactive Protein (CRP) + Fecal Calprotectin (FC) decreased to 100-250 ug/g., 8 weeks|clinical remission rate, It was defined as modified Mayo score ≤2 and no single subscore \> 1., 8 weeks|Endoscopic remission rate, Endoscopic remission was defined as Mayo endoscopic score (MES) =0 or UCEIS score ≤1., 8 weeks|Histologic remission rate after 8 weeks of intervention, Histological remission: Geboes index score \< 2.0., 8 weeks",,The Third Xiangya Hospital of Central South University,,ALL,"ADULT, OLDER_ADULT",NA,48,OTHER,INTERVENTIONAL,"Allocation: RANDOMIZED | Intervention Model: PARALLEL | Masking: QUADRUPLE (PARTICIPANT, CARE_PROVIDER, INVESTIGATOR, OUTCOMES_ASSESSOR) | Primary Purpose: TREATMENT",2024-NMN-XY3,2024-02-01,2025-03-01,2025-07-30,2024-01-19,,2024-01-19,"The Third Xiangya Hospital of Central South University, Changsha, Hunan, 410013, China",
NCT04823260,To Evaluate the Efficacy and Safety of NMN as an Anti-ageing Supplement in Middle Aged and Older (40-65 Years) Adults,https://clinicaltrials.gov/study/NCT04823260,,COMPLETED,"It will be a two-part study. Part I will be six arms; randomized, double blind, parallel design, placebo-controlled dose ranging study. Part II will be open-label single dose study at the highest dose.

A total of 90 Subjects (Part 1 \& Part 2) will be enrolled in the study. The Part 1 group subjects (80 Subjects) shall be randomly distributed between the six arms, i.e. 20 Subjects each in IP arms, and 7, 7 and 6 subjects in corresponding placebo arms.

All Part 2 Group subjects (10 Subjects) will be assigned into the cluster where all receive the maximum NMN dose (900 mg)",NO,Aging,DRUG: Nicotinamide Mononucleotide|OTHER: Placebo,"Blood cellular NAD+/ NADH, Blood cellular NAD+ / NADH concentration in serum, Baseline|Blood cellular NAD+/ NADH, Blood cellular NAD+ / NADH concentration in serum, 1 month|Blood cellular NAD+/ NADH, Blood cellular NAD+ / NADH concentration in serum, 2 month|Six walking endurance test, Six minutes walking endurance test, Baseline|Six walking endurance test, Six minutes walking endurance test, 1 month|Six walking endurance test, Six minutes walking endurance test, 2 month|SF-36 questionnaire, Short Form-36 questionnaire is a general health questionnaire consisting of 36 questions. The quality of life among the study participants using questionnaire by comparing with end of study., Baseline|SF-36 questionnaire, Short Form-36 questionnaire is a general health questionnaire consisting of 36 questions. The quality of life among the study participants using questionnaire by comparing with end of study., 1 month|SF-36 questionnaire, Short Form-36 questionnaire is a general health questionnaire consisting of 36 questions. The quality of life among the study participants using questionnaire by comparing with end of study., 2 month|PART II : Telomerase test results, Telomere are repetitive nucleotide elements at the end of chromosomes that protect chromosomes from degradation and genetic information loss.In this study we will be doing absolute Human telomere length quantification qPCR assay using a RUO commercial kit. The method uses delta Cq method for calculating relative telomere length with reference DNA used., Baseline|PART II : Telomerase test results, Telomere are repetitive nucleotide elements at the end of chromosomes that protect chromosomes from degradation and genetic information loss.In this study we will be doing absolute Human telomere length quantification qPCR assay using a RUO commercial kit. The method uses delta Cq method for calculating relative telomere length with reference DNA used., 2 Months|PART II : SF-36 questionnaire, Short Form-36 questionnaire is a general health questionnaire consisting of 36 questions. The quality of life among the study participants using questionnaire by comparing with end of study., Baseline|PART II : SF-36 questionnaire, Short Form-36 questionnaire is a general health questionnaire consisting of 36 questions. The quality of life among the study participants using questionnaire by comparing with end of study., 2 months","safety of NMN, To compare the safety of NMN versus placebo, Baseline|safety of NMN, Monitoring and documentation of number and types of adverse events including changes on laboratory parameter (blood chemistry, lipid profile, LFT and RFT), 2 Months|Tolerability of NMN, Number of participants that drop out due to adverse events including lab values. Monitoring ad documentation of subject drop out due to adverse events., Baseline|Tolerability of NMN, Number of participants that drop out due to adverse events including lab values. Monitoring ad documentation of subject drop out due to adverse events., 2 months|Safety of the different NMN doses, Monitoring and documentation of number and types of adverse events including changes in lab parameter (blood chemistry, lipid profile, LFT, RFT), 2 Months|Tolerability different NMN doses, Number of participants that drop out due to adverse events including lab values, Baseline|Tolerability different NMN doses, Number of participants that drop out due to adverse events including lab values, 2 Months|PART II : Safety of NMN, Monitoring and documentation of number and types of adverse events including changes in lab parameter (blood chemistry, lipid profile, LFT, RFT), Baseline|PART II : Safety of NMN, Monitoring and documentation of number and types of adverse events including changes in lab parameter (blood chemistry, lipid profile, LFT, RFT), 2 Months","BMI, Body Mass Index (BMI) is a person's weight in kilograms divided by the square of height in meters. A high BMI can be an indicator of high body fatness., Baseline|BMI, Body Mass Index (BMI) is a person's weight in kilograms divided by the square of height in meters. A high BMI can be an indicator of high body fatness., 2 months|HOMA (Homeostatic model assessment), Homeostatic model assessment (HOMA) is a method for assessing β-cell function and insulin resistance (IR) from basal (fasting) glucose and insulin or C-peptide concentrations., Baseline|HOMA (Homeostatic model assessment), Homeostatic model assessment (HOMA) is a method for assessing β-cell function and insulin resistance (IR) from basal (fasting) glucose and insulin or C-peptide concentrations., 2 months|Biological Age using Aging.Ai 3.0 calculator, Biological age, also referred to as physiological age, takes many lifestyle factors into consideration, including diet, exercise and sleeping habits, to name a few., Baseline|Biological Age using Aging.Ai 3.0 calculator, Biological age, also referred to as physiological age, takes many lifestyle factors into consideration, including diet, exercise and sleeping habits, to name a few., 2 Months","Abinopharm, Inc",ProRelix Research,ALL,"ADULT, OLDER_ADULT",NA,90,NETWORK,INTERVENTIONAL,"Allocation: RANDOMIZED | Intervention Model: PARALLEL | Masking: QUADRUPLE (PARTICIPANT, CARE_PROVIDER, INVESTIGATOR, OUTCOMES_ASSESSOR) | Primary Purpose: OTHER",AP-NMN-CT01-21,2021-05-25,2021-09-09,2021-09-09,2021-03-30,,2021-10-01,"Swasthiya Clinic and Research Center, Pune, Maharashtra, 411030, India|Sunad Ayurved, Pune, Maharashtra, 411033, India",
NCT04685096,Anti-ageing Efficacy of a Cosmetic Formulation Containing NMN (2%) Versus Placebo,https://clinicaltrials.gov/study/NCT04685096,,COMPLETED,"The study aims at evaluating skin wrinkling, puffiness and fatigue and dark circle appearance on asian and african-american healthy volunteer cohorts receiving a cosmetic formulation containing NMN (2%). The product will be evaluated after 28 and 56 days of twice-daily application in comparison with a reference cosmetic formulation using clinical scoring under dermatological control. Cosmetic acceptability and future use will also be subjectively evaluated by analysis of the subjects answers to an evaluation questionnaire.",NO,Wrinkle|Fatigue|Puffiness Around the Eyes,OTHER: Test product creme|OTHER: Reference creme,"Wrinkles, clinical grading under dermatological control using 1) a 7 points Visual scale of Bazin from absence (0) to pronounced wrinkles (6) for the Asian panel and 2) a 5 points Visual scale of Bazin from absence (0) to pronounced wrinkles (4) for the Afro-American panel, Change from baseline (day 0) at days 28 and 56 of application|Eye bags, clinical grading under dermatological control using 1) a 7 points Visual scale of Bazin from absence (0) to pronounced bags (6) for the Asian panel and 2) a 6 points Visual scale of Bazin from absence (0) to pronounced bags (5) for the Afro-American panel, Change from baseline (day 0) at days 28 and 56 of application|Dark circles, clinical grading under dermatological control using 1) a 6 points Visual scale of Dermscan from absence (0) to important dark circles (6) for the Asian panel and 2) a 5 points Visual scale of Dermscan from absence (0) to important dark circles (4) for the Afro-American panel, Change from baseline (day 0) at days 28 and 56 of application|Relaxed features, clinical grading under dermatological control using a 11 points Non structured scale from relaxed features (0) to looking tired (10) for both panels, Change from baseline (day 0) at days 28 and 56 of application","Subjective evaluation of the product agreeableness and its effects on skin texture, moisture, puffiness, brightness, youth, swelling, wrinkling, radiance and tone., Self-assessment questionnaire on a 5 points scale from ""I disagree"" (-2) to ""I agree"" (+2)., At day 28 of application|Subjective evaluation of the product agreeableness and its effects on skin texture, moisture, puffiness, brightness, youth, swelling, wrinkling, radiance and tone., Self-assessment questionnaire on a 5 points scale from ""I disagree"" (-2) to ""I agree"" (+2)., At day 56 of application",,Seneque SA,Eurofins|LGD,FEMALE,"ADULT, OLDER_ADULT",,89,INDUSTRY,OBSERVATIONAL,Observational Model: COHORT | Time Perspective: PROSPECTIVE,19E4487,2020-12-12,2021-03-12,2021-04-16,2020-12-28,,2021-04-23,"Eurofins CRL Cosmetics Inc, Piscataway, New Jersey, 08854, United States|Eurofins China, Guangzhou, 510289, China",
NCT03151239,"Effect of ""Nicotinamide Mononucleotide"" (NMN) on Cardiometabolic Function",https://clinicaltrials.gov/study/NCT03151239,NMN,COMPLETED,"The purpose of the study is to understand the effect of the dietary supplement ""Nicotinamide mononucleotide"" on metabolic health in people.",NO,Glucose Metabolism Disorders,DIETARY_SUPPLEMENT: NMN supplement|OTHER: Placebo,"Change in muscle insulin sensitivity, The outcome will be assessed by hyperinsulinemic-euglycemic clamp procedure in conjunction with stable isotopic tracer infusion before and after intervention period., before and after at least 8 weeks of treatment","Changes in liver insulin sensitivity, The outcome will be assessed during hyperinsulinemic-euglycemic clamp procedure in conjunction with stable isotopic tracer infusion before and after intervention period., before and after at least 8 weeks of treatment|Change in adipose tissue insulin sensitivity, The outcome will be assessed during hyperinsulinemic-euglycemic clamp procedure in conjunction with stable isotopic tracer infusion before and after intervention period., before and after at least 8 weeks of treatment|Change in body fat mass, The outcome will be measured by using dual-energy X-ray absorptiometry before and after intervention period., before and after at least 8 weeks of treatment|Change in fat free mass, The outcome will be measured by using dual-energy X-ray absorptiometry before and after intervention period., before and after at least 8 weeks of treatment|Changes in intra-abdominal adipose tissue volume, The outcome will be measured by using magnetic resonance imaging before and after intervention period., before and after at least 8 weeks of treatment|Changes in intrahepatic triglyceride content, The outcome will be measured by using magnetic resonance imaging before and after intervention period., before and after at least 8 weeks of treatment|Changes in blood pressure, The outcome will be assessed by measuring blood pressure at rest before and after intervention period., before and after at least 8 weeks of treatment|Changes in plasma glucose concentration, The outcome will be determined by plasma glucose concentration after overnight fasting, before and after intervention period., before and after at least 8 weeks of treatment|Changes in fasting insulin, The outcome will be determined by plasma insulin concentration after overnight fasting, before and after intervention period., before and after at least 8 weeks of treatment|Changes in fasting free fatty acid, The outcome will be determined by plasma free fatty acid concentration after overnight fasting, before and after intervention period., before and after at least 8 weeks of treatment|Changes in tissue NAD content, The outcome will be assessed by measuring NAD content before and after intervention period, before and after at least 8 weeks of treatment|Changes in protein levels in skeletal muscle insulin signaling, The outcome will be determined by Western blot by using samples collected before and after intervention period, before and after at least 8 weeks of treatment",,Washington University School of Medicine,,FEMALE,"ADULT, OLDER_ADULT",NA,25,OTHER,INTERVENTIONAL,"Allocation: RANDOMIZED | Intervention Model: PARALLEL | Masking: QUADRUPLE (PARTICIPANT, CARE_PROVIDER, INVESTIGATOR, OUTCOMES_ASSESSOR) | Primary Purpose: BASIC_SCIENCE",201701096,2017-07-01,2019-05-30,2021-06-30,2017-05-12,,2021-07-14,"Washington University School of Medicine, St Louis, Missouri, 63110, United States",
NCT06991712,Comparisons of NAD Precursors for Neuroenhancement in Glaucoma Patients,https://clinicaltrials.gov/study/NCT06991712,,RECRUITING,"The goal of this clinical trial is to determine whether oral supplementation with different nicotinamide adenine dinucleotide (NAD) precursors can improve visual function in adults with primary open-angle glaucoma. The main questions it aims to answer are:

1. Does daily oral administration of equimolar doses of nicotinamide riboside (NR), nicotinamide (NAM), nicotinamide mononucleotide (NMN), or nicotinic acid (NA) improve visual field sensitivity in glaucoma patients over the short term?
2. How do plasma NAD+ metabolite profiles change after administration of each precursor, and do these changes relate to improvements in visual function?

Researchers will compare NR, NAM, NMN, NA, and placebo groups to see if any of the NAD precursors lead to greater improvements in visual field sensitivity or changes in blood NAD+ metabolite levels compared to placebo.

Participants will:

Be randomly assigned to receive one of the four NAD precursors or placebo daily for two weeks.

Undergo comprehensive eye examinations, including visual field testing and optical coherence tomography, at baseline and after two weeks.

Provide blood samples before and after the intervention for measurement of NAD+ metabolites.

Have safety monitored through clinical examination.

This study will help identify whether boosting NAD+ levels with specific precursors offers functional benefit in glaucoma, and which blood metabolites may mediate these effects.",NO,Glaucoma,DIETARY_SUPPLEMENT: Nicotinamide Riboside|DIETARY_SUPPLEMENT: Nicotinamide|DIETARY_SUPPLEMENT: Nicotinamide Mononucleotide|DIETARY_SUPPLEMENT: Nicotinic Acid|OTHER: Placebo (Corn Starch)|OTHER: Placebo (Corn Starch),"Change in visual field sensitivity, Visual field will be measured with automated static perimetry by the Humphrey Field Analyzer 3 24-2 SITA standard strategy (HFA; Carl Zeiss Meditec). Two reliable visual fields will be obtained for each eye at the baseline examination, with at least 10 minutes of rest in between, and two reliable visual fields will be obtained for each eye at week two.

Change in visual field index (VFI) and threshold sensitivity (dB) before and two weeks after intervention between treatment groups will be compared., 2 weeks","Blood NA and NAD+ metabolome, At baseline, plasma and PBMC samples will be collected on the day of VF test before the intake of NAD precursor or placebo between 9am and 10am. After two weeks of oral administration of NAD+ precursor or placebo, two blood samples will be collected: between 9 am and 10 am (pre-dose), and then between 11am and 12 noon (post-dose). The sample will be processed by liquid chromatography-tandem mass spectrometry (LC-MS/MS) and chromatography-tandem mass spectrometry (GC-MS/MS) to measure the amounts of NAD+ metabolites. Changes in NAD metabolites before and 2 weeks after intake of NAD precursors will be compared between treatment groups., 2 weeks|Change in pattern ERG measurements, Pattern Electroretinogram (PERG) will also be performed at baseline and follow-up for every other subject included in the study. Changes in PERG measurements including P50 and N95 amplitudes, before and two weeks after intervention, will be compared between the placebo group and the NAD precursor group., 2 weeks|Retinal nerve fiber layer thickness and defect imaging by optical coherence tomography, At baseline and week two follow-up visits, RNFL imaging will be performed with the Cirrus HD-OCT (Carl Zeiss Meditec) using the optic nerve head (6x6 mm2) cube scan covering both the macula and the parapapillary area (512x256 pixels). Changes in average RNFL thickness before and two weeks after intervention will be compared between treatment groups., 2 weeks","Impact of age on the change in visual field sensitivity, To investigate whether age is associated with change in VF sensitivities, 2 weeks",Christopher Kai Shun Leung,,ALL,"ADULT, OLDER_ADULT",PHASE2,138,OTHER,INTERVENTIONAL,"Allocation: RANDOMIZED | Intervention Model: PARALLEL | Masking: QUADRUPLE (PARTICIPANT, CARE_PROVIDER, INVESTIGATOR, OUTCOMES_ASSESSOR) | Primary Purpose: TREATMENT",H029,2025-05-19,2025-12-31,2026-12-31,2025-05-28,,2025-06-26,"HKU Eye Centre, Wong Chuk Hang, Hong Kong",
NCT07703215,NPQ Plus Supplementation for Skin Health and Antioxidant Status,https://clinicaltrials.gov/study/NCT07703215,,COMPLETED,"This study evaluated the effects of NPQ Plus supplementation on skin health, antioxidant status, fatigue, and self-perceived well-being in healthy adults with skin concerns. NPQ Plus is a multi-component nutraceutical formulation containing polyphenols (Oligonol®), nicotinamide mononucleotide (NMN; RevAge®), pyrroloquinoline quinone (PQQ; PureQQ®), coenzyme Q10 (CoQ10), and a trace mineral complex (Ioniplex), which are known to possess antioxidant and cellular protective properties.

This was a single-arm, open-label, prospective interventional study involving 55 participants. Subjects consumed one sachet of NPQ Plus daily for 12 weeks. Assessments were performed at baseline and at Weeks 4, 8, and 12. Skin health was evaluated using the Patient-Oriented Eczema Measure (POEM), visual analogue scale (VAS), and objective skin biophysical measurements including skin elasticity, hydration, transepidermal water loss (TEWL), pigmentation, inflammation, and sebum secretion. Antioxidant status was assessed by measuring total antioxidant capacity (TAOC), malondialdehyde (MDA), 3-nitrotyrosine (3-NT), and 8-hydroxy-2'-deoxyguanosine (8-OHdG). Fatigue symptoms and self-perceived improvements in skin health, sleep quality, and overall well-being were also evaluated.",NO,Eczema|Atopic Dermatitis|Skin Health|Fatigue Symptom|Sleep Quality|Antioxidant Capacity|Oxidative Stress,DIETARY_SUPPLEMENT: NPQ Plus,"Skin Elasticity, Skin elasticity was measured using the Cutometer® (MPA580, Courage \& Khazaka, Germany). Measurements were obtained from the left cheek, right inner forearm, and dorsal neck under standardized environmental conditions. Three consecutive readings were recorded at each site and the mean value was used for analysis. Higher values indicate greater skin elasticity., Baseline, Week 4, Week 8, and Week 12|Skin Hydration, Skin hydration was assessed using the Corneometer® CM825. Measurements were obtained from the left cheek, right inner forearm, and dorsal neck. Three readings were averaged for each anatomical site. Higher values indicate greater skin hydration., Baseline, Week 4, Week 8, and Week 12|Transepidermal Water Loss (TEWL), Skin barrier function was evaluated by measuring transepidermal water loss using the Tewameter® TM300. Measurements were performed under standardized environmental conditions. Lower values indicate improved skin barrier integrity., Baseline, Week 4, Week 8, and Week 12|Skin Inflammation, Skin inflammation was assessed using the erythema index measured by the Mexameter® MX18. Lower erythema values indicate reduced skin inflammation., Baseline, Week 4, Week 8, and Week 12|Skin Pigmentation, Skin pigmentation was evaluated using the melanin index measured by the Mexameter® MX18. Changes in melanin index were assessed throughout the intervention., Baseline, Week 4, Week 8, and Week 12|Sebum Secretion, Sebum secretion was measured using the Sebumeter® SM815. Three measurements were obtained and averaged for each assessment site. Higher values indicate greater sebum production., Baseline, Week 4, Week 8, and Week 12|Patient-Oriented Eczema Measure (POEM), Skin symptoms were assessed using the Patient-Oriented Eczema Measure (POEM), a validated patient-reported questionnaire evaluating eczema severity over the previous week. Lower scores indicate less severe symptoms., Baseline, Week 4, Week 8, and Week 12","Total Antioxidant Capacity (TAOC), Total antioxidant capacity was determined from saliva samples using a ferric reducing antioxidant capacity (FRAC) assay. Higher values indicate greater antioxidant capacity., Baseline, Week 4, Week 8, and Week 12|Malondialdehyde (MDA), Lipid oxidative damage was assessed by measuring salivary malondialdehyde (MDA). Lower concentrations indicate reduced lipid peroxidation., Baseline, Week 4, Week 8, and Week 12|3-Nitrotyrosine (3-NT), Protein oxidative damage was assessed by measuring salivary 3-nitrotyrosine (3-NT), a biomarker of protein nitration. Lower concentrations indicate reduced protein oxidative damage., Baseline, Week 4, Week 8, and Week 12|8-Hydroxy-2'-deoxyguanosine (8-OHdG), Oxidative DNA damage was assessed by measuring salivary 8-hydroxy-2'-deoxyguanosine (8-OHdG). Lower concentrations indicate reduced oxidative DNA damage., Baseline, Week 4, Week 8, and Week 12|Functional Assessment of Chronic Illness Therapy-Fatigue (FACIT-Fatigue), Fatigue severity was assessed using the Functional Assessment of Chronic Illness Therapy-Fatigue (FACIT-Fatigue) questionnaire. Lower scores indicate lower fatigue severity., Baseline, Week 4, Week 8, and Week 12|Self-perceived Outcomes, Participants rated their overall skin health, skin itchiness and sleep quality using a visual analogue scale (VAS). Ten indicate the best possible outcome, and zero indicate the worst possible outcome., Baseline, Week 4, Week 8, and Week 12",,N REMEDIER (M) SDN BHD,UCSI University|JScience Consultancy PLT,ALL,"ADULT, OLDER_ADULT",NA,55,INDUSTRY,INTERVENTIONAL,Allocation: NA | Intervention Model: SINGLE_GROUP | Masking: NONE | Primary Purpose: SUPPORTIVE_CARE,IEC-2025-FMHS-0019,2026-01-01,2026-04-30,2026-04-30,2026-07-14,,2026-07-14,"UCSI University, Cheras, Kuala Lumpur, 56000, Malaysia",
NCT06966583,NAD+ Supplement（NMN）With Radioimmunotherapy in Advanced NSCLC,https://clinicaltrials.gov/study/NCT06966583,NMN,NOT_YET_RECRUITING,"This is a phase I, single center (West China Hospital, Sichuan University) study aimed at investigating the safety and efficacy of NMN supplements combined with chemotherapy and radiation therapy for second-line and above treatment of advanced NSCLC.",NO,Solid Tumor|Non Small Cell Lung Cancer,DIETARY_SUPPLEMENT: NAD supplement|RADIATION: Radiotherapy|DRUG: Immunotherapy,"Number of Participants With Adverse Events and/or Dose Limiting Toxicities of NMN supplements in RT+ICI treatment, Adverse Events and/or Dose Limiting Toxicity graded per Common Terminology Criteria for Adverse Events (CTCAE) version 5.0, from enrollment through 30 days after last dosing, up to 24 months","Progression Free Survival (PFS), Investigator assessed PFS according to RECIST v1.1. Progression free survival is defined as time of enrollment to first evidence of progressive disease.

Progression is defined using Response Evaluation Criteria In Solid Tumors Criteria (RECIST v1.1), as a 20% increase in the sum of the longest diameter of target lesions, or a measurable increase in a non-target lesion, or the appearance of new lesions., up to 24 months after the enrollment|Objective Response Rate (ORR), Investigator assessed ORR using RECIST v1.1 including the all tumor, the tumor undergoing RT and the tumor which do not receive radiotherapy.

Per Response Evaluation Criteria In Solid Tumors Criteria (RECIST v1.1) for target lesions and assessed by CT: Complete Response (CR), Disappearance of all target lesions; Partial Response (PR), \>=30% decrease in the sum of the longest diameter of target lesions; Overall Response (OR) = CR + PR, up to 24 months after the enrollment|Overall Survival (OS), OS is defined as the difference (in months) between the date of study enrollment to the date death due to any cause, up to 24 months after the enrollment","Exploratory indicators, The investigators will detect changes in CD4+T absolute count, CD8+T absolute count, CD4+/CD8+T cell ratio, CD38 expression, the concentration of NAD+, granulocyte/lymphocyte ratio, PD-L1 expression, immune related cytokine profile expression levels, etc. in blood/tissue samples by Flow cytometry,ELISA or immunofluorescence experiment., up to 24 months after the enrollment",Sichuan University,,ALL,"ADULT, OLDER_ADULT",PHASE1,20,OTHER,INTERVENTIONAL,Allocation: NA | Intervention Model: SINGLE_GROUP | Masking: NONE | Primary Purpose: SUPPORTIVE_CARE,HX257253|257253,2025-05-01,2027-06-30,2027-11-30,2025-05-12,,2025-05-12,"West China Hospital, Sichuan University, Chengdu, Sichuan, 610041, China",
NCT05698771,NAD-brain: a Pharmacokinetic Study of NAD Replenishment Therapy,https://clinicaltrials.gov/study/NCT05698771,NAD-brain,COMPLETED,The objective of the NAD-brain study is to determine the blood and brain pharmacokinetics of NAD replenishment therapy (NRT) using Nicotinamide Riboside (NR) or Nicotinamide Mononucleotide (NMN).,NO,Healthy,DIETARY_SUPPLEMENT: Nicotinamide Riboside (NR)|DIETARY_SUPPLEMENT: nicotinamide mononucleotide|DIETARY_SUPPLEMENT: Nicotinamide Riboside (NR)|DIETARY_SUPPLEMENT: Nicotinamide Riboside (NR),"NAD metabolism, The change of cerebral NAD levels (measured by 31P-MRS) and of blood NAD-metabolites (measured by HPLC-MS), over time (20 days), after the administration of oral NRT with the following NAD precursors: NR 600mg x 2 daily, NMN 600mg x 2 daily., For Stage-1: 20 days for NR and 20 days for NMN comprising 8 days treatment, and 11 days washout. For Stage-2 (NR): 7 weeks comprising 4 weeks of treatment and 3 weeks washout","Interindividual differences, Descriptive analyses of interindividual differences in the time course of change in the blood NAD-metabolome and cerebral NAD increase, following the administration of oral NRT., For Stage-1: 20 days for NR and 20 days for NMN comprising 8 days treatment, and 11 days washout. For Stage-2 (NR): 7 weeks comprising 4 weeks of treatment and 3 weeks washout|Between-sex differences, Between-sex differences in the time course of change in the blood NAD-metabolome and cerebral NAD increase, following the administration of oral NRT., For Stage-1: 20 days for NR and 20 days for NMN comprising 8 days treatment, and 11 days washout. For Stage-2 (NR): 7 weeks comprising 4 weeks of treatment and 3 weeks washout",,Haukeland University Hospital,,ALL,"ADULT, OLDER_ADULT",PHASE1,12,OTHER,INTERVENTIONAL,Allocation: NON_RANDOMIZED | Intervention Model: SEQUENTIAL | Masking: NONE | Primary Purpose: TREATMENT,2023-496197|2023,2022-09-17,2024-03-04,2024-03-04,2023-01-26,,2025-01-17,"Haukeland University Hospital, Bergen, Vestland, 5021, Norway",
NCT05882214,Metabolic Changes Induced by NMN in Healthy Subjects With Acute Binge Drink,https://clinicaltrials.gov/study/NCT05882214,NMN-MeABD,COMPLETED,"The goal of this double-blinded, randomized, crossover trial is to investigate the effects of NMN supplementation on liver function, liver fat content and lipid metabolism in healthy young subjects with acute binge drink. The main questions it aims to answer are:

1. if NMN administration could accelerate alcohol metabolism and alleviate hangover symptom;
2. if NMN administration could alleviate alcohol-induced liver injury and hepatic steatosis.",NO,Binge Drinking|Liver Injury|Nutritional Supplementation|Hepatic Steatosis,DIETARY_SUPPLEMENT: β-nicotinamide Mononucleotide|DIETARY_SUPPLEMENT: Maltodextrin,"Ethanol concentration, Ethanol concentration change in mg/dL of each set, day1-2 and day 8-9 of each 30minutes and 1hour and 2 hours and 3 hours and 4 hours and 5 hours and 6 hours and 12 hours and 24 hours|Acetaldehyde concentration, Acetaldehyde concentration change in mg/dL of each set, day1-2 and day 8-9 of each 30minutes and 1hour and 2 hours and 3 hours and 4 hours and 5 hours and 6 hours and 12 hours and 24 hours|Hepatic fibrosis change, Research blood hepatic fibrosis include:Hyaluronicacid in ng/mL;Laminin in ng/mL;type Ⅲ in ng/mL;precollagen in ng/mL;type Ⅳ collagen in ng/mL;Fibronect in ng/mL, day1-2 and day 8-9 of each 30minutes and 1hour and 2 hours and 3 hours and 4 hours and 5 hours and 6 hours and 12 hours and 24 hours|hepatic function change, Research blood hepatic function include:TBIL in μmol/L;Direct bilirubin in μmol/L;Indirect bilirubin in μmol/L;Total bile acid in μmol/L, day1-2 and day 8-9 of each 30minutes and 1hour and 2 hours and 3 hours and 4 hours and 5 hours and 6 hours and 12 hours and 24 hours|hepatic injury change, Research blood hepatic injury include:Alanine Aminotransferase in U/L;Aspartate Aminotransferase in U/L;Gamma-Glutamyltransferase in U/L;Alpha-Fucosidase in U/L;Alkaline Phosphatase in U/L;cholinesterase in U/L;Lactate Dehydrogenase Enzyme in U/L, day1-2 and day 8-9 of each 30minutes and 1hour and 2 hours and 3 hours and 4 hours and 5 hours and 6 hours and 12 hours and 24 hours|Lipid metabolism change, Research blood Fat metabolism include:Triglycerides in mmol/L;HDL-Cholesterol in mmol/L;LDL--Cholesterol in mmol/L;Apolipoprotein A in mmol/L;Apolipoprotein B in mmol/L;Lipoprotein(a) in mmol/L, day1-2 and day 8-9 of each 30minutes and 1hour and 2 hours and 3 hours and 4 hours and 5 hours and 6 hours and 12 hours and 24 hours|hangover cognition assessment tools after drinking, The survey tool consisted of many questions addressing cognition headache, nausea,vomiting,fatigue,concentration,thirst or dehydration,light sensitivity,sleeping difficulty,excessive sweating,anxiety,feelings of depression,trembling or shaking,dizziness,stomachache,and memory loss after drinking, day1-2 and day 8-9 of each 30minutes and 1hour and 2 hours and 3 hours and 4 hours and 5 hours and 6 hours and 12 hours and 24 hours","Laboratory markers of inflammation, Research blood Inflammatory factor include:Interleukin-2 in pg/ml;Interleukin-4 in pg/ml;Interleukin-6 in pg/ml;Interleukin-8 in pg/ml;Interleukin-10 in pg/ml;Tumor necrosis factor in pg/ml;Interferon gamma in pg/ml;Human IL-1 beta protein in pg/ml;High Sensitivity C-reactive Protein in mg/L, day1-2 and day 8-9 of each 30minutes and 1hour and 2 hours and 3 hours and 4 hours and 5 hours and 6 hours and 12 hours and 24 hours|nicotinamide adenine dinucleotide metabolism change, NAD+ metabolism will be analysed by performing Liquid Chromatography Mass Spectrometer（LC-MS） on serum, day1-2 and day 8-9 of each 30minutes and 1hour and 2 hours and 3 hours and 4 hours and 5 hours and 6 hours and 12 hours and 24 hours|Fecal metabolites, Gut microbial communities and their abundant features will be analysed based on shotgun metagenomic sequencing., day1-2 and day 8-9 of each set|Metabolomics profiling, Targeted metabonomics are analyzed based on urine and faeces at all visits, day1-2 and day 8-9 of each set",,Zhejiang Chinese Medical University,,MALE,ADULT,PHASE1|PHASE2,22,OTHER_GOV,INTERVENTIONAL,"Allocation: RANDOMIZED | Intervention Model: CROSSOVER | Masking: QUADRUPLE (PARTICIPANT, CARE_PROVIDER, INVESTIGATOR, OUTCOMES_ASSESSOR) | Primary Purpose: HEALTH_SERVICES_RESEARCH",Alleviate a hangover with NMN,2024-05-01,2025-02-18,2025-04-06,2023-05-31,,2025-04-10,"Zhejiang Chinese Medical University, Hangzhou, Zhejiang, 310053, China",
NCT07451496,"PRecision gerOMedicinE: Tailored Healthy agEing With Lifestyle, sUpplements and drugS (PROMETHEUS)",https://clinicaltrials.gov/study/NCT07451496,PROMETHEUS,RECRUITING,"As the population ages, the growing prevalence of age-related diseases is creating substantial challenges for healthcare systems worldwide. Current therapeutic strategies often target individual diseases and decrease mortality without improving healthspan. The geroscience hypothesis suggests that targeting the ageing process itself could prevent, delay, or manage the severity of multiple age-related diseases concurrently, thereby improving overall healthspan and reducing healthcare burdens.

Emerging research highlights several interconnected hallmarks of aging, such as mitochondrial dysfunction, chronic inflammation, impaired autophagy, and immune dysregulation, as modifiable through targeted interventions. Precision geromedicine represents a paradigm shift in addressing these processes, combining baseline diagnostics with individualized treatment strategies that adapt over time based on patient response. This approach integrates lifestyle modifications, dietary supplements, and pharmacological agents to optimize physical, cognitive, and immune function across the lifespan .",NO,Ageing,OTHER: Sleep and dietary counseling|OTHER: Supervised exercise and exergaming program|BEHAVIORAL: Motivational interviewing|DIETARY_SUPPLEMENT: Whey protein|DIETARY_SUPPLEMENT: Creatine Monohydrate|DIETARY_SUPPLEMENT: Fucoidan|DIETARY_SUPPLEMENT: Urolithin A|DIETARY_SUPPLEMENT: Nicotinamide Mononucleotide (NMN)|DIETARY_SUPPLEMENT: Multivitamin|DIETARY_SUPPLEMENT: Ergothioneine,"Change from baseline in cardiorespiratory fitness (VO₂peak), VO₂peak will be determined using standardized cardiopulmonary exercise testing on an electronically braked cycle ergometer, Baseline, Week 4, and Week 8|Change from baseline in muscle strength (one-repetition maximum (1RM)), Change from baseline in muscle strength assessed by one-repetition maximum (1RM) testing, Baseline, Week 4, and Week 8|Change from baseline in muscle mass (Ultrasound imaging), Muscle thickness of the thigh will be assessed non-invasively using B-mode ultrasound with a linear array transducer., Baseline, Week 4, and Week 8|Change from baseline in cognitive performance (NIH Toolbox Fluid Cognition Composite), Change from baseline in cognitive performance assessed by the NIH Toolbox Fluid Cognition Composite score., Baseline, Week 4, and Week 8|Change from baseline in immune function (CD4+: CD8+ ratio), Change from baseline in immune status assessed by the CD4+:CD8+ T-cell ratio., Baseline, Week 4, and Week 8","Change from Baseline in Circulating Cytokines, Chemokines, and Growth Factors, Change from baseline in circulating cytokines, chemokines, and growth factors. These will be quantified in plasma using enzyme-linked immunosorbent assays (ELISA) or multiplex immunoassays based on xMAP technology. Concentrations will be expressed in standard units (e.g., pg/mL), Baseline, Week 4, and Week 8|Change from baseline in advanced glycation end-products, Change from baseline in tissue advanced glycation end-products (AGEs), assessed using skin autofluorescence., Baseline, Week 4, and Week 8|Change from baseline in methylation levels, Genome-wide DNA methylation levels will be measured using Illumina BeadChips, which will be scanned on the iScan System. Methylation levels will be quantitatively determined from the fluorescence signals., Baseline, Week 4, and Week 8|Change from baseline in blood multi-omics profiles, Blood-based multi-omics profiles, including proteomics and lipidomics, will be assessed using standard analytical platforms., Baseline, Week 4, and Week 8|Change from baseline in gut microbiome composition and fuctional capacity, Gut microbiome composition and functional capacity will be characterized using short-read shotgun metagenomic sequencing of DNA extracted from stool samples. Changes from baseline to Week 8 will be assessed at the species and functional gene levels., Baseline and Week 8|Change from Baseline in Body Composition (Fat and Lean Mass), Body composition, including fat mass and lean mass, will be assessed using bioelectrical impedance analysis., Baseline, Week 4, and Week 8|Change from Baseline in Arterial Stiffness (Carotid-Femoral Pulse Wave Velocity), Carotid-femoral pulse wave velocity (cf-PWV) will be measured using applanation tonometry at the carotid artery combined with a thigh cuff., Baseline, Week 4, and Week 8|Change from baseline in sleep quality, Sleep quality will be assessed using validated questionnaires, including the Pittsburgh Sleep Quality Index (PSQI) and the SATED questionnaire, as well as objective sleep metrics collected via the Oura Ring wearable device. Changes from baseline to each follow-up time point will be reported., Baseline, Week 4, and Week 8|Change from baseline in skin color and elasticity, Skin color and elasticity will be assessed using a standardized colorimeter, Baseline, Week 4, and Week 8|Change from baseline in oral health indicators, Oral health status and mucosal condition will be assessed using validated questionnaires, including the Geriatric Oral Health Assessment Index (GOHAI) and the Modified CDC/AAP oral health questionnaires., Baseline, Week 4, and Week 8|Change from baseline in reproductive health, Reproductive health will be assessed using validated questionnaires. For men, the Androgen Deficiency in Aging Males (ADAM) and Brief Sexual Function Inventory (BSFI) will be used; for women, the Female Sexual Function Index (FSFI) will be used., Baseline, Week 4, and Week 8|Change from Baseline in Waist and Hip Circumferences, Waist and hip circumferences will be measured using a standardized measuring tape., Baseline, Week 4, and Week 8|Change from Baseline in Blood Pressure (Systolic and Diastolic), Brachial systolic and diastolic blood pressures will be measured using an automated cuff., Baseline, Week 4, and Week 8|Change from baseline in Physical activity levels, Physical activity will be objectively measured using the Oura Ring wearable device, which passively tracks daily steps, activity intensity, and sleep duration throughout the intervention period., Baseline, Week 4, and Week 8|Change from Baseline in Quality of Life, Quality of life will be assessed using the 36-Item Short Form Survey (SF-36) and EuroQol-5D-5L (EQ-5D)., Baseline, Week 4, and Week 8|Change from baseline in Psychological Well-being, Exhaustion will be evaluated using two items from the Center for Epidemiologic Studies Depression Scale (CES-D). Depression, anxiety, and stress levels will be measured using the 21-item Depression Anxiety and Stress Scale (DASS-21)., Baseline, Week 4, and Week 8|Change from baseline in wellness, Overall wellness will be assessed using a validated wellness questionnaire., Baseline, Week 4, and Week 8|Change from baseline in food intake, Participants will record dietary intake using a 3-day food diary. Changes from baseline in nutrient and energy intake will be analyzed., Baseline, Week 4, and Week 8|Change from Baseline in Grip Strength, Grip strength will be measured using a hand-held dynamometer (Jamar Plus+)., Baseline, Week 4, and Week 8|Change from Baseline in Standard Clinical Blood Biomarkers, Standard clinical blood tests, including hematology, liver and renal function profiles, lipid profile, glucose, HbA1c, insulin, and high-sensitivity C-reactive protein (hs-CRP), will be conducted by an accredited clinical laboratory., Baseline, Week 4, and Week 8","Study participation and retention rates, Participation rate defined as the percentage of eligible participants enrolled, and dropout rate defined as the percentage of participants who discontinue the study and reasons for dropout., 8 weeks|Adherence to sleep intervention, Adherence to the sleep intervention expressed as the number and percentage of nights with ≥7 hours of sleep, recorded using a wearable device., 8 weeks|Adherence to fundamental supplementation, Adherence to whey protein, creatine, and fucoidan supplementation assessed as the number and percentage of prescribed doses taken, verified by counting and weighing returned supplement bottles., 8 weeks|Adherence to augmented supplementation, Adherence to urolithin A, NMN, multivitamin, ergothioneine, or additional fucoidan assessed as the number and percentage of prescribed doses taken, verified by counting and weighing returned supplement bottles., 8 weeks|Adherence to exercise and exergaming intervention, Adherence to the exercise intervention expressed as the number and percentage of aerobic training, strength training, and exergaming sessions attended, recorded by study staff., 8 weeks",National University of Singapore,"Xprize Foundation|Abinopharm, Inc|DoNotAge.org",ALL,"ADULT, OLDER_ADULT",NA,20,OTHER,INTERVENTIONAL,Allocation: NON_RANDOMIZED | Intervention Model: SEQUENTIAL | Masking: NONE | Primary Purpose: HEALTH_SERVICES_RESEARCH,NUS-IRB-2025-393,2025-09-29,2026-02-23,2026-06-30,2026-03-05,,2026-03-05,"MD11 Clinical Research Centre, #03-01, 10 Medical Drive, Singapore 117597, Singapore, Singapore, 117597, Singapore",
NCT05517122,Effect of Oral NAD+ Precursors Administration on Blood NAD+ Concentration in Healthy Adults,https://clinicaltrials.gov/study/NCT05517122,,COMPLETED,"Nicotinamide adenine dinucleotide (NAD) is a coenzyme playing a central role in human metabolic pathways. A recognized approach to increase NAD level is through oral supplementation of its precursors promoting NAD synthesis in vivo. NAD precursors exist in multiple forms. However, it is unclear how the various precursors compare in their ability to increase NAD levels in human blood. The purpose of this study is to compare the effect of 3 NAD precursors on whole blood NAD metabolome.",NO,Healthy,DIETARY_SUPPLEMENT: Nicotinamide (NAM)|DIETARY_SUPPLEMENT: Nicotinamide Riboside (NR)|DIETARY_SUPPLEMENT: Nicotinamide Mono Nucleotide (NMN)|DIETARY_SUPPLEMENT: Microcrystalline cellulose,"Determine the extent of increase in NAD+ level in whole blood, for each NAD+ precursor (NAM, NR and NMN) compared to placebo, Measure the changes in whole blood NAD+ level interventions vs placebo: NAM vs placebo, NR vs placebo, NMN versus placebo by quantitative liquid chromatography-mass spectroscopy, at Day 14|Compare the extent of increase in NAD+ level in whole blood across the 3 NAD+ precursors (NAM, NR and NMN), Measure the changes in whole blood NAD+ level across interventions: NAM vs NR, NAM vs NMN, NR vs NMN by quantitative liquid chromatography-mass spectroscopy, at Day 14","Determine the extent the NAD+ precursors(NAM, NR and NMN) affect the NAD metabolome in whole blood compared to placebo, Measure the change in whole blood NAD+ metabolites iAUC (reported as microM\*h) and Cmax (microM) by quantitative liquid chromatography-mass spectroscopy, over 4 hours at Day 1 and at Day 14.|Compare the extent the NAD+ precursors (NAM, NR and NMN) affect the NAD+ metabolome in whole blood., Measure the change in whole blood NAD+ metabolites iAUC (reported as microM\*h) and Cmax (microM) determined by quantitative liquid chromatography-mass spectroscopy, over 4 hours at Day 1 and at Day 14.","Comparer the extend the NAD+ precursors (NAM, NR and NMN) affect the NAD+ metabolome in in plasma., Measure the change in plasma NAD+ metabolites iAUC (reported in microM) and Cmax (microM) determined by quantitative liquid chromatography-mass spectroscopy, over 4 hours at Day 1 and at Day 14.|Comparer the extend the NAD+ precursors (NAM, NR and NMN) affect the NAD+ metabolome in urine, Measure the change in urine NAD+ metabolites iAUC (reported in microM) and Cmax (microM) determined by quantitative liquid chromatography-mass spectroscopy, at baseline Day 14 versus Day 1",Société des Produits Nestlé (SPN),,ALL,ADULT,NA,68,INDUSTRY,INTERVENTIONAL,Allocation: RANDOMIZED | Intervention Model: PARALLEL | Masking: NONE | Primary Purpose: BASIC_SCIENCE,2201NR,2022-07-12,2022-11-24,2022-11-24,2022-08-26,,2025-04-24,"Nestlé Clinical Innovation Lab, Lausanne, Canton of Vaud, 1000, Switzerland",
NCT04903210,Nicotinamide Mononucleotide in Hypertensive Patients,https://clinicaltrials.gov/study/NCT04903210,,UNKNOWN,"Cardiovascular and cerebrovascular diseases are most terrible killers endangering the health of Chinese residents, and hypertension is the most important risk factor. Hypertension related vascular function and structural damage are the common pathological basis and initiation of cardiovascular and cerebrovascular disease. Therefore, reducing blood pressure and delaying or reversing vascular injury is an effective way to treat hypertension and prevent cardiovascular disease. NAD+ (nicotinamide adenine dinucleotide) is a coenzyme of many kinds of dehydrogenases in the body, and is an essential molecule in the basic process of life support. The latest research found that with the growth of age, the level of NAD+ is decreasing, and increasing the content of NAD+ can prolong the life of multiple species including human. NMN (β - nicotinamide mononucleotide) is a natural NAD+ precursor in cells. Recent clinical trials found that NMN supplementation can effectively improve the level of NAD+ in cells, delay aging, improve the metabolic process of cells without adverse reactions. However, the effect of NMN supplementation on reducing blood pressure and protecting vascular endothelial function has not been reported. Therefore, this study aims to focus on hypertension, a major chronic disease, and to observe the effects of NMN supplementation on vascular function and blood pressure in patients with hypertension, so as to provide a new treatment strategy for hypertension and associated vascular injury.",NO,Hypertension,DIETARY_SUPPLEMENT: Nicotinamide mononucleotide supplied as 400mg capsule|BEHAVIORAL: Lifestyle modification,"Effect of NMN on flow mediated dilation (FMD), Change of FMD between NMN-treated participants and non-NMN-treated participants, Up to 2 month|Effect of NMN on brachial-ankle pulse wave velocity (baPWV), Change of baPWV between NMN-treated participants and non-NMN-treated participants, Up to 2 month","Effect of NMN on blood pressure, Change of systolic blood pressure and diastolic blood pressure between NMN-treated participants and non-NMN-treated participants, Up to 2 month|Effect of NMN on PBMC NAD+ levels, Change of peripheral blood mononuclear cells NAD+ levels between NMN-treated participants and non-NMN-treated participants, Up to 2 month|Effect of NMN on sleep quality, Change of the scores of Pittsburgh Sleep Quality Index (PSQI). The final score ranges from 0 to 21. The higher the score, the worse the sleep quality., Up to 2 month|Incidence of Treatment Adverse Events, Adverse Events, Up to 2 month",,"First Affiliated Hospital, Sun Yat-Sen University",,ALL,"ADULT, OLDER_ADULT",PHASE4,20,OTHER,INTERVENTIONAL,Allocation: RANDOMIZED | Intervention Model: PARALLEL | Masking: SINGLE (OUTCOMES_ASSESSOR) | Primary Purpose: TREATMENT,NMNHTN-001,2021-06-01,2022-06-20,2022-07-31,2021-05-26,,2022-02-01,"First Affiliated Hospital,Sun Yat-sen University, Guangzhou, Guangdong, 510000, China",
NCT07278492,NAD Augmentation to Prevent or Reverse Alzheimer's Disease in People With Down Syndrome,https://clinicaltrials.gov/study/NCT07278492,,NOT_YET_RECRUITING,"The aim of the study is to determine the safety and tolerability of different increasing doses of MIB-626 (a microcrystalline form of β nicotinamide mononucleotide; NMN) given daily for 28 consecutive days to adults with Down syndrome (DS). The study will also explore how the drug moves through the body over time (pharmacokinetics or PK) and how the drug affects the body in different ways (pharmacodynamics or PD). The study participants will be monitored for adverse events and measurements to detect safety events will take place including laboratory tests of blood counts, chemistries and coagulation profile, and electrocardiogram (ECG). The trial will enroll a total of 24 adults with DS who are 18 years or older and are medically stable. People enrolled in the study will be randomly assigned to receive either the active intervention (MIB-626) tablets, or placebo tablets for 28 days. Study participants will be followed for an additional 28 days (total 56 days of follow-up). This study will also explore the effect of MIB-626 on different measures associated with aging and risk of Alzheimer's Disease (AD).",NO,Down Syndrome (DS),DRUG: MIB-626|DRUG: Placebo,"Treatment emergent adverse events, All treatment emergent adverse events, Baseline to 56 days after drug administration|Treatment emergent serious adverse events, All treatment emergent serious adverse events, Baseline to 56 days after drug administration","Pharmacokinetics of NMN, Circulating levels of NMN, Baseline to 56 days|Pharmacodynamics - steady state concentration of NAD+ in the brain, steady stage concentration of NAD+ in the brain measured in situ using ultra-high field 7T magnetic resonance spectroscopy (MRS), Baseline and Day 28|Pharmacodynamics - Blood NAD+ level, Blood NAD+ level, Baseline to Day 56|Pharmacodynamics - Plasma concentrations of NAD+ metabolites, Plasma concentrations of major NAD+ metabolites (nicotinamide, 1-methylnicotinamide, N-Methyl-2-pyridone-5-carboxamide \[2-PY\]), Pre-dose up to Day 28|Urine concentration of NAD+, Concentrations of timed urine collections of the major NAD+ metabolites (2-PY, 4-PY, nicotinamide and 1-methylnicotinamide), Day 1 and Day 28|Blood pressure, Change in blood pressure measured under standard conditions, Baseline to Day 56|Hemoglobin A1c (HbA1c), Change in HbAIc over the 28-day intervention period, Change from baseline to 28 days|Fasting glucose and insulin, Change in fasting glucose and insulin over the 28-day intervention period, Baseline to 28 days|Homeostatic Model Assessment for Insulin Resistance (HOMA-IR), Change in HOMA-IR over the 28-day intervention period, Change from baseline to 28 days|Change in biomarkers of aging: Insulin Growth Factor 1 (IGF-1), Change in IGF-1, Baseline to 28 days|Change in biomarkers of aging: Triiodothyronine (T3), Change in T3, Baseline to 28 days|Change in biomarkers of aging: Tumor necrosis factor-alpha (TNF-alpha), Change in TNF-alpha, Baseline to 28 days|Change in biomarkers of aging: F2-isoprostanes (F2-IsoPs), Change in F2-IsoPs, Baseline to 28 days","Muscle strength and endurance, muscle strength measured by the number of repetitions to failure with leg press exercise, Baseline to Day 28|Physical Function, Six-minute walk test, distance walked in 6 minutes, Baseline to Day 28",Brigham and Women's Hospital,National Institutes of Health (NIH),ALL,"ADULT, OLDER_ADULT",PHASE1,24,OTHER,INTERVENTIONAL,"Allocation: RANDOMIZED | Intervention Model: PARALLEL | Masking: QUADRUPLE (PARTICIPANT, CARE_PROVIDER, INVESTIGATOR, OUTCOMES_ASSESSOR) | Primary Purpose: TREATMENT",2025p002197,2026-08-31,2028-02-29,2028-05-31,2025-12-12,,2026-08-19,"Massachusetts General Hospital, Boston, Massachusetts, 02114, United States|Brigham and Women's Hospital, Boston, Massachusetts, 02115, United States",
NCT05175768,Study to Evaluate the Effect of Nicotinamide Mononucleotide (NMN) As an Adjuvant to Standard of Care (SOC) On Fatigue Associated With COVID-19 Infection,https://clinicaltrials.gov/study/NCT05175768,,TERMINATED,"A Randomized, Double Blind, Placebo-Controlled Study to Evaluate the Effect of Nicotinamide Mononucleotide (NMN) As an Adjuvant to Standard of Care (SOC) On Fatigue Associated with COVID-19 Infection",NO,COVID-19 Infection,OTHER: Nicotinamide Mononucleotide|OTHER: Nicotinamide Mononucleotide with L-Leucine|OTHER: Placebo,"Multidimensional fatigue Inventory-20, Effect of on COVID-19 associated fatigue as assessed by the Multidimensional fatigue Inventory-20 scale., Upto 28 days","total number of days hospitalized, Effect of IP on Duration of hospitalization by assessing the total number of days hospitalized., Upto 28 days|Proportion of patients demonstrating clinical improvement, Effect of IP on the rate of recovery as assessed by the proportion of patients demonstrating clinical improvement defined by the WHO categories 0, 1, 2, or 3., From baseline (day 0) to day of discharge (Upto 28 days)|Modified Borg Dyspnoea Scale, Effect of IP on breathlessness as assessed by the change in Modified Borg Dyspnoea Scale (mBDS) score, Day 0, Day 4, Day of discharge, (Day 14 , Day 21) Optional, Day 28|time taken to reach SPO2 ≥ 95%, Effect of IP on time taken to reach SPO2 ≥ 95% without supplemental oxygen measured with pulse oximeter, Upto 28 days|the rate of recovered patients discharged, Effect of IP on hospital discharge rate as assessed by the rate of recovered patients discharged from the hospital, Upto 28 days|rate of clinical deterioration, Effect of IP on rate of clinical deterioration as assessed by the proportion of patients fulfilling WHO categories 6, 7 or 8, Upto 28 days|Viral load, Effect of IP on SARS-CoV-2 viral load evaluated by RT-PCR (Ct Value), Day 0, Day 4, Day of discharge (Upto 28 days)",,Vedic Lifesciences Pvt. Ltd.,LGD,ALL,"ADULT, OLDER_ADULT",NA,69,INDUSTRY,INTERVENTIONAL,"Allocation: RANDOMIZED | Intervention Model: PARALLEL | Masking: TRIPLE (PARTICIPANT, CARE_PROVIDER, INVESTIGATOR) | Primary Purpose: SUPPORTIVE_CARE",SE/210401/NM/COVID,2021-12-27,2022-07-16,2022-07-16,2022-01-04,,2024-09-23,"Aman Hospital and Research Center, Vadodara, Gujarat, 390021, India|Dept of critical care medicine, new trauma centre, rajendra institute of medical sciences (RIMS),, Ranchi, Jharkhand, 834009., India|St. George's Hospital, Mumbai, Maharashtra, 400001, India|BAJ RR Hospital, Mumbai, Maharashtra, 400053, India|Pulse Multispeciality Hospital, Pune, Maharashtra, 400053, India|Jeevanrekha Multispeciality Hospital, Pune, Maharashtra, 412101, India|Ojas Multispeciality Hospital, Pune, Maharashtra, 9503553685, India|Krishna institute of medical sciences Deemed To Be University, Satara, Maharashtra, 415539, India|Acharya Vinoba Bhave Rural Hospital, Wardha, Maharashtra, 442004, India|Kalinga Institute of Medical Sciences (KIMS), Bhubaneswar, Odisha, 751024, India|Christian Medical College and Hospital, Ludhiana, Punjab, 141008, India|Jaipur National University Institute for Medical Science and Research Centre, Jaipur, Rajasthan, 302017, India",
NCT05878119,Effects of MIB-626 With and Without A High-Intensity Multi-Dimensional Exercise Training Program,https://clinicaltrials.gov/study/NCT05878119,,COMPLETED,"A single-center, randomized, placebo-controlled study in community dwelling, healthy, regularly exercising, highly physically fit men and women, 19 to 40 years. Eligible participants will be randomized to receive either 1000 mg NMN or placebo twice daily for 10 weeks.",NO,Healthy,"DRUG: Investigational Product - MIB 626|DRUG: Placebo|OTHER: Standardized, progressive, high intensity, multidimensional exercise|OTHER: Usual Physical Activity","Change in Aerobic capacity from baseline to week 11, identified as VO2 max measured during a standardized increasing work rate treadmill protocol, To determine the effects of MIB-626 (microcrystalline β-Nicotinamide Mononucleotide), administered at a dose of 1000-mg twice daily for 10 weeks, with and without a standardized multidimensional program of progressive high intensity exercise training on aerobic capacity, assessed as VO2 max measured during a standardized increasing work rate treadmill protocol, in community living, healthy, regularly exercising, highly physically fit, men and women, 19 to 40 years, inclusive., 11 Weeks","Change in endurance time from baseline to week 11, measured during a constant work rate test, To determine the effects of MIB-626, administered at a dose of 1000-mg twice daily for 10 weeks, with and without a standardized multidimensional program of progressive high intensity exercise training, on endurance time during a constant work rate test., 11 weeks|Change from baseline to week 11 in anaerobic threshold during CPXT, To determine the effects of MIB-626 administered twice daily for 10 weeks, with and without a standardized multidimensional program of progressive high intensity exercise training on anaerobic threshold by assessing peak anaerobic power, average anaerobic capacity, rate of power decay, and fatigue index using the Wingate anaerobic power test., 11 weeks|Change in upper body muscle performance, assessed as change from baseline to week 10, To determine the effects of MIB-626, administered twice daily for 10 weeks, with and without a standardized multidimensional program of progressive high intensity exercise training on upper body muscle performance using the instrumented chest press machines (Keiser)., 10 weeks|Change in lower body muscle performance, assessed as change from baseline to week 10, To determine the effects of MIB-626, administered twice daily for 10 weeks, with and without a standardized multidimensional program of progressive high intensity exercise training on lower body muscle performance using the instrumented Keiser leg press machines., 10 weeks|Change over the 10 weeks in performance scores on sustained-attention, reaction-timed task, To determine the effects of MIB-626, administered twice daily for 10 weeks, with and without a standardized multidimensional program of progressive high intensity exercise training on sustained-attention, reaction-timed task that measures the speed with which subjects respond to a visual stimulus using a standardized Psychomotor Vigilance Task test., 10 weeks|Change over 10 weeks in working memory and working memory capacity, To determine the effects of MIB-626, administered twice daily for 10 weeks, with and without a standardized multidimensional program of progressive high intensity exercise training on working memory and working memory capacity during a standardized continuous performance task assessed by using the n back test, 10 weeks|Change over 10 weeks in selective attention, target identification and response, • To determine the effects of MIB-626, administered twice daily for 10 weeks, with and without a standardized multidimensional program of progressive high intensity exercise training on selective attention, target identification and response (delay in reaction time between congruent and incongruent stimuli) using the STROOP test., 10 weeks|Change over 10 weeks in total sleep time, To determine the effects of MIB-626 administered twice daily for 10 weeks, with and without a standardized multidimensional program of progressive high intensity exercise training on total sleep time measured using an Actigraph device, 10 weeks|Change from baseline in insulin sensitivity, To determine the effects of MIB-626 on insulin sensitivity by assessing fasting glucose, insulin and a derived index of insulin sensitivity by using (HOMA-IR), 10 weeks|Changes from baseline in blood lipid profile, To evaluate the physiologic effects of MIB-626 on blood lipid profile by assessing the levels of plasma lipids, free fatty acids, leptin, myostatin, and adiponectin in the blood., 10 weeks.|Change from baseline in sleep latency, and without a standardized multidimensional program of progressive high intensity exercise training on sleep latency measured using an Actigraph, 10 weeks",,"Metro International Biotech, LLC",,ALL,ADULT,PHASE2,124,INDUSTRY,INTERVENTIONAL,"Allocation: RANDOMIZED | Intervention Model: PARALLEL | Masking: QUADRUPLE (PARTICIPANT, CARE_PROVIDER, INVESTIGATOR, OUTCOMES_ASSESSOR) | Primary Purpose: TREATMENT",MIB-626-206,2023-10-25,2025-06-17,2025-08-04,2023-05-26,,2026-01-21,"Brigham and Women's Hospital, Boston, Massachusetts, 02115, United States",
NCT06776510,A Clinical Study of NAD in the Treatment of Immune Thrombocytopenia,https://clinicaltrials.gov/study/NCT06776510,,RECRUITING,To evaluate the safety and efficacy of nicotinamide adenine dinucleotide in the treatment of immune thrombocytopenia in patients who have not responded adequately or relapsed after first-line treatment and at least one second-line therapy including Anti-CD20 Antibody and/or TPO-RA.,NO,Immune Thrombocytopenia|Treatment,DRUG: nicotinamide adenine dinucleotid/nicotinamide mononucleotide,"Evaluation of overall efficacy response after nicotinamide adenine dinucleotide/NMN treatment within 2 weeks, Proportion of subjects with a platelet count ≥ 50 × 10\^9/L (two consecutive measurements at least 1 day apart) within 2 weeks after initial administration in absence of rescue therapy, and without having had dose increment of TPO-RA or corticosteroids during the study period, [Time Frame: 2 weeks]|incidence of treatment-emergent Adverse Events and TRAE, Incidence, severity, and relationship of treatment emergent adverse events after nicotinamide adenine dinucleotide/NMN treatment, [Time Frame: 8 weeks]","Evaluation of the efficacy at each visit period, Proportion of subjects with a platelet count ≥ 50 × 10\^9/L at week 1, week 2, week 3, week 4, week 6，week 8 in absence of rescue therapy, and without having had dose increment of TPO-RA or corticosteroids during the study period, [Time Frame: 8 weeks]|Duration from treatment initiation to platelet count ≥30×10^9/L (at least two times of baseline platelet count) and ≥50×10^9/L, Duration from treatment initiation to platelet count ≥30×10\^9/L (at least two times of baseline platelet count) and ≥50×10\^9/L without having received any platelet elevating therapy or having had dose increment of TPO-RA and/or corticosteroids, [Time Frame: 8 weeks]|Platelet count at each visit time point, Platelet count values at each visit time point including day0, week 1, week 2, week 3, week 4, week 5, week 6, week 7, week 8., [Time Frame: 8 weeks]|Emergency treatment, The proportion of subjects who received emergency treatment within 2 weeks and during the entire study period., [Time Frame: 8 weeks]|Cumulative weeks of platelet ≥30×10^9/L (at least two times of baseline platelet count) and platelet ≥50×10^9/L, Cumulative weeks of platelet ≥30×10\^9/L (at least two times of baseline platelet count) and platelet ≥50×10\^9/L without having received any platelet elevating therapy or having had dose increment of TPO-RA and/or corticosteroids, [Time Frame: 8 weeks]|The change in bleeding score before treatment and 2 weeks after treatment assessed using the world health organization (WHO) bleeding scale, The change in bleeding score before treatment and 2 weeks after treatment according to the reported World Health Organization's Bleeding Scale. The WHO Bleeding Scale is a measure of bleeding severity with the following grades: grade 0 = no bleeding, grade 1= petechiae, grade 2= mild blood loss, grade 3 = gross blood loss, and grade 4 = debilitating blood loss., [Time Frame: 2 weeks]|Evaluation of the efficacy during the first 4 weeks, Proportion of subjects achieving platelet counts ≥ 50×10\^9/L at least once in absence of rescue therapy, and without having had dose increment of TPO-RA or corticosteroids during the first 4 weeks, 4 weeks|The response rate within 4 weeks, Proportion of subjects whose platelet counts ≥ 30×10\^9/L and at least two times of baseline platelet count in absence of rescue therapy, and without having had dose increment of TPO-RA or corticosteroids within 4 weeks（two consecutive measurements at least 7 days apart）., 4 weeks",,"Institute of Hematology & Blood Diseases Hospital, China",,ALL,"ADULT, OLDER_ADULT",PHASE1|PHASE2,20,OTHER,INTERVENTIONAL,Allocation: NA | Intervention Model: SINGLE_GROUP | Masking: NONE | Primary Purpose: TREATMENT,IIT2024089,2025-01-15,2025-12-01,2026-03-01,2025-01-15,,2025-08-05,"Chinese Academy of Medical Science and Blood Disease Hospital, Tianjin, Tianjin Municipality, 300020, China",
NCT05295342,The No Means No South Africa Evaluation Study,https://clinicaltrials.gov/study/NCT05295342,,COMPLETED,"This school-based study will evaluate a behavioral intervention-the No Means No (NMN) intervention-to reduce violence among enrolled girls, ages 10-19, through a cluster-randomized control trial and a nested qualitative study.",NO,Gender-based Violence|Sexual Violence,BEHAVIORAL: No Means No intervention Girls' Curriculum|BEHAVIORAL: No Means No intervention Boys' Curriculum|BEHAVIORAL: Active comparator: Life Orientation,"Change in reported sexual violence exposure incidence, intervention vs. control, Change in female participants self-report of sexual violence experience measured using adapted questions from the Manhood 2.0 study, assessed in the combined intervention arms vs. the control arm, Measured at baseline, six months and one year from enrollment|Change in intervention mechanisms of action, Qualitative assessment of changes in theorized mechanisms of action, e.g. ways in which the intervention impacts sexual violence, explored over time using open-ended questions., Measured at three months and one year from enrollment","Change in reported intimate partner violence exposure incidence, Change in female participants self-report of intimate partner violence experience, assessed using WHO Violence Against Women instrument (VAWI) questions in the combined intervention arms vs. the control arm, Measured at baseline, six months and one year from enrollment|Change in reported community violence exposure incidence, Change in female participants self-report of community violence experience, assessed using questions from the Global Early Adolescent Study (GEAS) in the girls only intervention arm vs. the girls and boys intervention arm, Measured at baseline, six months and one year from enrollment|Change in reported sexual violence exposure incidence, Change in female participants self-report of sexual violence experience measured using adapted questions from the Manhood 2.0 study, assessed in the girls-only intervention arm vs. the girls' and boys' intervention arm, Measured at baseline, six months and one year from enrollment|Change in knowledge of sexual violence and prevention strategies, Change in self-reported knowledge of sexual violence and associated prevention strategies among male participants in the intervention vs. control arm, using questions adapted from prior evaluations (e.g. ""What is consent?"" and ""What are the tools you can use for intervention?"")., Measured at baseline, three months, six months, and one year from enrollment|Change in gender norms, Change among male participants in gender norms according to a 20-item gender scale questions, used in the Manhood 2.0 study, in the intervention vs. control arm. Scores can range from 20 to 40 with high scores representing greater support for gender equity., Measured at baseline, three months, six months, and one year from enrollment|Change in attitudes towards violence, Change among male participants in attitudes towards violence according to a 4-item rape myths scale previously used in South Africa in the intervention vs. control arm. Scores can range from 4 to 12 with high scores representing lower acceptability of rape., Measured at baseline, three months, six months, and one year from enrollment|Change in use of intervention behaviors, Change in self-reported application of specific behaviors taught in the intervention related to violence prevention among male participants in the intervention vs. control arm, using questions from prior evaluations of the intervention, e.g. ""Have you successfully intervened in any situations where someone was verbally harassing a girl or woman to stop the harassment?"", Measured at baseline, three months, six months, and one year from enrollment|Change in sexual violence perpetration, Change in male participants who report perpetrating sexual violence in the intervention vs. control arm, measured using adapted questions from the Manhood 2.0 study., Measured at baseline, six months and one year from enrollment",,RTI International,No Means No Worldwide,ALL,"CHILD, ADULT",NA,2173,OTHER,INTERVENTIONAL,Allocation: RANDOMIZED | Intervention Model: PARALLEL | Masking: NONE | Primary Purpose: PREVENTION,0217796|REC 2/17/03/21,2022-02-16,2023-10-24,2023-10-24,2022-03-25,,2024-04-10,"No Means No South Africa, Port Elizabeth, Eastern Cape, South Africa",
NCT06889740,"Evaluate the Safety, Tolerability, and Efficacy of UthPeak NMNH (Reduced Nicotinamide Mononucleotide) in Healthy Adult Participants",https://clinicaltrials.gov/study/NCT06889740,,COMPLETED,"This study is to assess the safety and tolerability of NMNH as a dietary supplement for human consumption. The current study aims to comprehensively evaluate its potential effects on pharmacokinetics, physical performance, biological age and overall quality of life. These findings will expand our understanding of NMNH therapeutic potential and guide its future clinical applications in anti-aging interventions.",NO,Healthy Aging,OTHER: NMNH|OTHER: Placebo,"To assess NAD+ Values in blood, To assess NAD+ Values in blood, day 0, day 45, day 90|Assessment of Biological Age, Assessment of Biological Age by an online biological age calculator, day 0, day 45, day 90|Physical Performance walking test, Physical Performance is assessed by endurance test measured on six minutes, day 0, day 45, day 90|Change in BMI, BMI, day 0, day 45, day 90|Quality (QoL) Questionnaire, The 36-Item Short Form Health Survey (SF-36) was used to assess Health-Related Quality of Life. It measures eight scales: physical functioning, bodily pain, role limitations due to physical health problems, role limitations due to personal or emotional problems, emotional well-being, social functioning, energy/fatigue, and general health perceptions. Scores range from 0 to 100, with higher scores indicating a more favorable health state., day 0, day 45, day 90","Safety will be assessed based on number of adverse events, Safety will be assessed based on number of adverse events, day 0, day 45, day 90|Tolerability will be assessed based on number of subjects drop out due to treatment related adverse events, Tolerability will be assessed based on number of subjects drop out due to treatment related adverse events, day 0, day 45, day 90",,EffePharm LTD,,ALL,"ADULT, OLDER_ADULT",NA,80,INDUSTRY,INTERVENTIONAL,"Allocation: RANDOMIZED | Intervention Model: PARALLEL | Masking: DOUBLE (PARTICIPANT, INVESTIGATOR) | Primary Purpose: OTHER",Study No. EP_RNM_001_24,2024-07-08,2024-12-08,2025-01-25,2025-03-21,,2025-07-04,"Medstar Speciality Hospital, Bengaluru, Karnataka, 560092, India|Vinayaka Mission's Medical College and Hospital, Kāraikāl, Puducherry, 609609, India",
NCT06739720,RCT of Efficacy and Safety of CP003 on CFS/ME or Post COVID-19 Fatigue,https://clinicaltrials.gov/study/NCT06739720,,RECRUITING,"The goal of this clinical trial is to test if a Lingzhi supplement (CP003) helps people with chronic fatigue or post-COVID fatigue feel better. It will also check if the supplement is safe to use. The main questions it aims to answer are:

Does the Lingzhi supplement reduce fatigue symptoms? Is it safe to take? How does it affect the body's immune system and inflammation?

The investigators will compare people taking the Lingzhi supplement to those who do not receive any treatment (waitlist group) to see if it works.

Participants will:

* Take 5 capsules once daily for 6 weeks (or wait to start treatment if in waitlist group)
* Visit the clinic 2 times for blood tests (before and after taking the supplement)
* Complete questionnaires 3 times about their fatigue and quality of life (4 times participants in the waitlist group)",NO,Chronic Fatigue Syndrome (CFS)|Post-COVID ME/CFS,DRUG: LingZhi capsule,"Mean difference in Chalder Fatigue Score, Likert score 0-4 for 11 items, ranging 0-44, with higher scores indicating greater fatigue, From baseline to 6 weeks","Mean difference in Chalder Fatigue Score, Likert score 0-4 for 11 items, ranging 0-44, with higher scores indicating greater fatigue, From baseline to 12 weeks|Mean difference in 36-Item Short-Form Health Survey, ranging 0-100, with higher scores indicating better health status, from baseline to 6 week and 12 week|Mean difference in Fatigue Severity Score, Likert score 1-7 for 9 items, ranging 9-63, where higher scores indicate more severe fatigue, from baseline to 6 week and 12 week|mean difference in Patient Reported Outcome Measurement Information System (PROMIS) Fatigue-Short Form 7A survey, a 5-point Likert scale of 7 items, ranging 0-35, with higher scores indicating greater fatigue, from baseline to 6 week and 12 week|Mean difference in hospital anxiety and depression scale, ranging 0-21, with higher scores indicating more severe symptoms, from baseline to 6 week and 12 week|Mean difference in Pittsburgh sleep quality index, ranging 0-21, with higher scores indicating worse sleep quality, from baseline to 6 week and 12 week visit.","Change in serum markers, for inflammation, immunity and oxidative aging, From baseline to 6 weeks",The University of Hong Kong,"Innovation and Technology Commission, Hong Kong",ALL,ADULT,PHASE2|PHASE3,130,OTHER,INTERVENTIONAL,Allocation: RANDOMIZED | Intervention Model: PARALLEL | Masking: NONE | Primary Purpose: TREATMENT,HKWC-2024-320,2025-01-02,2026-01-15,2026-12-31,2024-12-18,,2026-09-21,"Specialist Clinical Centre for Teaching and Research, School of Chinese Medicine, The University of Hong Kong, Hong Kong, Hong Kong",
