NCT Number,Study Title,Study URL,Acronym,Study Status,Brief Summary,Study Results,Conditions,Interventions,Primary Outcome Measures,Secondary Outcome Measures,Other Outcome Measures,Sponsor,Collaborators,Sex,Age,Phases,Enrollment,Funder Type,Study Type,Study Design,Other IDs,Start Date,Primary Completion Date,Completion Date,First Posted,Results First Posted,Last Update Posted,Locations,Study Documents
NCT01492114,Anti-inflammatory and Antioxidant Effects of Resveratrol on Healthy Adults.,https://clinicaltrials.gov/study/NCT01492114,,COMPLETED,This research will investigate the hypothesis that resveratrol when given orally to healthy adult smokers induces a decrease in the inflammatory and oxidative mediators which characterize the low-grade systemic inflammatory state and the oxidants-antioxidants imbalance of tobacco users.,NO,Chronic Subclinic Inflammation|Redox Status,DIETARY_SUPPLEMENT: Resveratrol|DIETARY_SUPPLEMENT: resveratrol,"C-reactive protein, To evaluate before-after changes in circulating concentrations of C-reactive protein (CRP), an inflammation marker, in smokers submitted to resveratrol supplementation when compared to smokers treated with placebo, At baseline and every 30 days for three months","TAS (total antioxidant status), To evaluate before-after changes in circulating fasting concentrations of the following parameters:

-markers of oxidative stress: TAS (total antioxidant status., At baseline and every 30-days for three months|4-hydroxynonenal, To evaluate before-after changes in circulating fasting concentrations of the following parameters:

-markers of oxidative stress: 4-hydroxynonenal, At baseline and after 30-days for three months|nitrotyrosine, To evaluate before-after changes in circulating fasting concentrations of the following parameters:

-markers of oxidative stress: nitrotyrosine., At baseline and every 30-days for three months|endothelial nitric oxide synthase (eNOS)-polymorphism, To evaluate before-after changes in circulating fasting concentrations of the following parameters:

-markers of oxidative stress: endothelial nitric oxide synthase (eNOS)-polymorphism, At baseline and every 30-days for three months|superoxide dismutase (SOD2)-polymorphism, To evaluate before-after changes in circulating fasting concentrations of the following parameters:

-markers of oxidative stress: superoxide dismutase (SOD2)-polymorphism., At baseline and every 30-days for three months|catalase-polymorphism, To evaluate before-after changes in circulating fasting concentrations of the following parameters:

-markers of oxidative stress: catalase-polymorphism, At baseline and every 30-days for three months|interleukin-6, To evaluate before-after changes in circulating fasting concentrations of the following parameters:

-other markers of inflammation: interleukin-6., At baseline and every 30-days for three months|pentraxin 3, To evaluate before-after changes in circulating fasting concentrations of the following parameters:

-other markers of inflammation: pentraxin 3., At baseline and every 30-days for three months|tumor necrosis factor-α, To evaluate before-after changes in circulating fasting concentrations of the following parameters:

-other markers of inflammation: tumor necrosis factor-α., At baseline and every 30-days for three months",,"University of Turin, Italy",,ALL,ADULT,PHASE3,40,OTHER,INTERVENTIONAL,"Allocation: RANDOMIZED | Intervention Model: CROSSOVER | Masking: DOUBLE (PARTICIPANT, CARE_PROVIDER) | Primary Purpose: PREVENTION",sbo2011,2011-07,2012-02,2012-03,2011-12-14,,2012-07-10,"Simona Bo, Turin, Turin, 10126, Italy",
NCT00920803,"A Clinical Study to Assess the Safety, Pharmacokinetics, and Pharmacodynamics of SRT501 in Subjects With Colorectal Cancer and Hepatic Metastases",https://clinicaltrials.gov/study/NCT00920803,,COMPLETED,"The primary purpose of this study is to determine the safety and tolerability of SRT501 (5.0 g) in subjects with colorectal cancer and hepatic metastases when administered once daily for 14 days.

The purpose is to also characterize the pharmacokinetic profile of SRT501 (5.0 g) by assessing levels of SRT501 and metabolites in blood, urine, bile and normal and malignant metastatic tissues in subjects with colorectal cancer and hepatic metastases when administered once daily for 14 days.

The secondary purpose is to examine the pharmacodynamics of SRT501 activity in both normal and malignant tissue samples, including blood and/or bodily fluids.",NO,"Neoplasms, Colorectal",DRUG: Placebo|DRUG: SRT501,"To determine the safety and tolerability of SRT501 when administered once daily for 14 days., Safety will be continually assessed while subjects are on study.|To characterize the pharmacokinetic profile of SRT501 in blood and normal and malignant metastatic tissues when administered once daily for 14 days., Pharmacokinetic samples will be obtained on Days 1, 2, 14, and 15.","To examine the pharmacodynamics of SRT501 activity in both normal and malignant tissue samples and blood., Pharmacodynamic samples will be collected on Days 14 and 15 and will be analyzed at the end of the study.",,"Sirtris, a GSK Company",GlaxoSmithKline,ALL,"ADULT, OLDER_ADULT",PHASE1,9,INDUSTRY,INTERVENTIONAL,"Allocation: RANDOMIZED | Intervention Model: PARALLEL | Masking: TRIPLE (PARTICIPANT, CARE_PROVIDER, INVESTIGATOR) | Primary Purpose: BASIC_SCIENCE",113221,2008-08-19,2009-11-11,2009-11-11,2009-06-15,,2017-06-14,"GSK Investigational Site, Leicester, Leicestershire, LE1 5WW, United Kingdom",
NCT03933163,Micronised Resveratrol as a Treatment for Friedreich Ataxia,https://clinicaltrials.gov/study/NCT03933163,,COMPLETED,"The aim of this study is to assess the efficacy of micronised resveratrol as a treatment for FRDA, in terms of reducing the severity of ataxia symptoms at 24 weeks, through a randomised blinded, placebo controlled crossover trial.",NO,Friedreich Ataxia,DRUG: Resveratrol,"Modified Friedreich Ataxia Rating Scale, Change in the Modified Friedreich Ataxia Rating Scale score (score range 0-99) at 24 weeks compared with baseline. Higher scores are indicative of more severe disease., 24 weeks","Nine-Hole Peg Test, Change in the Nine-Hole Peg Test at 24 weeks compared with baseline., 24 weeks|Berg Balance Scale, Change in the Berg Balance Scale (score range 0-56) at 24 weeks compared with baseline. A higher score indicates lower fall risk., 24 weeks|Ataxia Instrumented Measure-Spoon, Change in the Ataxia Instrumented Measure-Spoon at 24 weeks compared with baseline., 24 weeks|Friedreich Ataxia Impact Scale, Change in the Friedreich Ataxia Impact Scale at 24 weeks compared with baseline. The Friedreich Ataxia Impact Scale comprises 8 subscales (score range 0-100) that are scored independently. A higher score indicates greater impact of Friedreich ataxia on health and well-being., 24 weeks|Modified Fatigue Impact Scale, Change in the Modified Fatigue Impact Scale (score range 0-24) at 24 weeks compared with baseline. Higher scores indicate a greater impact of fatigue on an individual's activities., 24 weeks|Measures of speech, Change in measures of speech (reading a paragraph, produce a prolonged vowel sound for 5 seconds, count from one to 20, and produce a 1-minute monologue on a pre-specified topic) at 24 weeks compared with baseline., 24 weeks|Measures of hearing, Change in measures of hearing using the Listening in Spatialized Noise Test (LiSN-S) at 24 weeks compared with baseline., 24 weeks|Cardiac parameters measured by echocardiography, Change in left ventricular global longitudinal strain at 24 weeks compared to baseline., 24 weeks|Cardiac parameters measured by ECG, Change in QRS duration at lead V5 at 24 weeks compared to baseline., 24 weeks|Frataxin levels, Change in frataxin levels at 24 weeks compared to baseline., 24 weeks|mRNA levels, Change in PGC-1α mRNA levels and Nrf2 mRNA levels at 24 weeks compared to baseline., 24 weeks|Plasma F2-isoprostane levels, Change in plasma F2-isoprostane levels at 24 weeks compared to baseline., 24 weeks",,Murdoch Childrens Research Institute,,ALL,"CHILD, ADULT, OLDER_ADULT",PHASE2,25,OTHER,INTERVENTIONAL,"Allocation: RANDOMIZED | Intervention Model: CROSSOVER | Masking: QUADRUPLE (PARTICIPANT, CARE_PROVIDER, INVESTIGATOR, OUTCOMES_ASSESSOR) | Primary Purpose: TREATMENT",36007,2019-05-23,2024-03-28,2024-03-28,2019-05-01,,2024-05-22,"Royal North Shore Hospital, St Leonards, New South Wales, 2065, Australia|University of Queensland Centre for Clinical Research, Herston, Queensland, 4029, Australia|Murdoch Children's Research Institute, Parkville, Victoria, 3052, Australia|Royal Perth Hospital, Perth, Western Australia, 6000, Australia",
NCT02321176,Pharmacokinetics of Trans-resveratrol Based Nutritional Supplement and Its Three Metabolites in Human Eyes and Blood,https://clinicaltrials.gov/study/NCT02321176,,UNKNOWN,"There is blood-eye barrier in eyes,but some oral medicines can enter in the tissues of eyes.

The primary objective of the study is to study the Pharmacokinetics of Trans-resveratrol and Its three Metabolites in Human Eyes and Blood",NO,Eye Disease,DRUG: trans-resveratrol,"Tmax, 1 capsule containing 100 mg of trans resveratrol active ingredient daily for three days.Than detect the concentrations of the tissues from the eyes of the surgery., up to three days",,,Huazhong University of Science and Technology,,ALL,ADULT,NA,20,OTHER,INTERVENTIONAL,Allocation: NA | Intervention Model: SINGLE_GROUP | Masking: SINGLE (PARTICIPANT),Sun2,2014-03,2015-04,2015-04,2014-12-22,,2014-12-22,"Tongji Medical College of HUST, Wuhan, Hubei, 430030, China",
NCT00920556,A Clinical Study to Assess the Safety and Activity of SRT501 Alone or in Combination With Bortezomib in Patients With Multiple Myeloma,https://clinicaltrials.gov/study/NCT00920556,,TERMINATED,"The primary purpose of this study is to determine the safety and tolerability of SRT501 (5.0 g) with or without concurrent bortezomib administration, when administered once daily in 21 day cycles, in male and female subjects with Multiple Myeloma.

The purpose is also to define objective response (ORR, CR, PR, MR, SD) and time to progression (TTP) of SRT501 with or without concurrent bortezomib administered concurrently in male and female subjects with Multiple Myeloma.

In addition, 15 subjects will participate in a sub-study to assess the pharmacokinetics of SRT501.",YES,Multiple Myeloma,DRUG: 5.0g SRT501|DRUG: Bortezomib,"Number of Participants With Adverse Events (AEs) and Serious Adverse Events (SAEs), An AE is defined as any untoward medical occurrence in a clinical investigation participant, temporally associated with the use of a medicinal product, whether or not considered related to the medicinal product. An AE can therefore be any unfavorable and unintended sign (including an abnormal laboratory finding), symptom, or disease (new or exacerbated) temporally associated with the use of a medicinal product. An SAE is defined as any untoward medical occurrence that, at any dose, results in death, is life threatening, requires hospitalization or prolongation of existing hospitalization, results in disability/incapacity, or is a congenital anomaly/birth defect, or is an important medical events that jeopardize the participants or may require medical or surgical intervention to prevent one of the other outcomes listed in the above definition, or a drug-induced liver injury., Approximately up to 12 cycles of 3 weeks each|Number of Participants With Overall Response Rate, Overall response rate, defines proportion of participants with Complete response (CR), Partial response (PR) or Minimal response (MR) as best response for all cycles. In atleast 2 determinations for minimum of 6 week (Wks) for every criteria listed. CR defined as disappearance of original monoclonal (MC) paraprotein (PP) in blood and urine on immunofixation determinations (IFD); \< 5 % plasma cells in bone marrow; no increase in size or number of lytic bone lesions (LBLs); disappearance of soft tissue plasmacytomas (STP). PR defined as \>= 50% reduction (RE) in level of serum MC PP for 2 IFDs; if present RE in 24 hour urinary light chain excretion (ULCE) by \>= 90% RE or \<200 mg; \>= 50% RE in STP for; no increase in size or number of LBLs. MR criteria defined were \>= 25% to \<=49% RE serum MC PP; if present 50 to 89% RE in 24 hour LCE exceeding 200 mg/24 hour; 25% to 49% RE in size of STP; no increase in size or number of LBLs., Approximately up to 12 cycles of 3 weeks|Number of Participants With Partial Response (PR) as Best Response (BR), PR includes some, but not all, criteria for CR providing the remaining criteria are satisfied: ≥50% reduction in the level of serum monoclonal paraprotein for at least 2 immunofixation determinations for a minimum of 6 weeks, If present, reduction in 24 hr urinary light chain excretion by either ≥90% or to \<200 mg for at least 2 determinations for a minimum of 6 weeks, ≥50% reduction in the size of soft tissue plasmacytomas (by clinical or radiographic examination) for a minimum of 6 weeks, No increase in size or number of lytic bone lesions (development of compression fracture does not exclude response)., Up to 12 cycles of 3 weeks each|Number of Participants With Minor Response (MR) as Best Response (BR), MR includes some, but not all, criteria for PR providing the remaining criteria satisfied: ≥25% to ≤ 49% reduction in the level of serum monoclonal paraprotein for at least 2 immunofixation determinations for a minimum of 6 weeks, If present, a 50 to 89% reduction in 24 hr light chain excretion, which still exceeds 200 mg/24 hr, for at least 2 determinations for a minimum of 6 weeks, 25-49% reduction in the size of plasmacytomas (by clinical or radiographic examination) for a minimum of 6 weeks, No increase in size or number of lytic bone lesions (development of compression fracture does not exclude response)., Up to 12 cycles of 3 weeks each|Number of Participants With Partial Response (PR) as Last Observed Response (LOR), PR includes some, but not all, criteria for CR providing the remaining criteria are satisfied: ≥50% reduction in the level of serum monoclonal paraprotein for at least 2 immunofixation determinations for a minimum of 6 weeks, If present, reduction in 24 hr urinary light chain excretion by either ≥90% or to \<200 mg for at least 2 determinations for a minimum of 6 weeks, ≥50% reduction in the size of soft tissue plasmacytomas (by clinical or radiographic examination) for a minimum of 6 weeks, No increase in size or number of lytic bone lesions (development of compression fracture does not exclude response)., Up to 12 cycles of 3 weeks each|Number of Participants With Stable Disease (SD) as Best Response (BR), Stable disease included not meeting the criteria for MR or PD., Up to 12 cycles of 3 weeks each|Number of Participants With Stable Disease (SD) as Last Observed Response (LOR), Stable disease included not meeting the criteria for MR or PD., Up to 12 cycles of 3 weeks each|Number of Participants With Progressive Disease (PD) PD as Best Response (BR), PD includes one or more of the following criteria: \>25% increase in the level of serum monoclonal paraprotein, which must also be an absolute increase of at least 5 g/L and confirmed on a repeat investigation, \>25% increase in 24 hr urinary light chain excretion, which must also be an absolute increase of at least 200 mg/24 hr and confirmed on a repeat investigation, \>25% increase in plasma cells in a bone marrow aspirate or on trephine biopsy, which must also be an absolute increase of at least 10%., Definite increase in the size of existing lytic bone lesions or soft tissue plasmacytomas, Development of new bone lesions or soft tissue plasmacytomas (not including compression fracture), Development of hypercalcemia (corrected serum calcium \>11.5 mg/dL or 2.8 mmol/L not attributable to any other cause)., Up to 12 cycles of 3 weeks each|Number of Participants With Progressive Disease (PD) PD as Last Observed Response (LOR), PD includes one or more of the following criteria: \>25% increase in the level of serum monoclonal paraprotein, which must also be an absolute increase of at least 5 g/L and confirmed on a repeat investigation, \>25% increase in 24 hr urinary light chain excretion, which must also be an absolute increase of at least 200 mg/24 hr and confirmed on a repeat investigation, \>25% increase in plasma cells in a bone marrow aspirate or on trephine biopsy, which must also be an absolute increase of at least 10%., Definite increase in the size of existing lytic bone lesions or soft tissue plasmacytomas, Development of new bone lesions or soft tissue plasmacytomas (not including compression fracture), Development of hypercalcemia (corrected serum calcium \>11.5 mg/dL or 2.8 mmol/L not attributable to any other cause)., Up to 12 cycles of 3 weeks each|Time to Disease Progression, Time to disease progression was defined as the time from first dose until objective tumor progression. Participants who did not experience tumor progression were censored at their last known date in the study. It was estimated using Kaplan-Meier methodology. Participants who did not experience tumor progression were censored at their last known date in the study. The first quartile for time to disease progression was evaluated when 25th percentile of participants of mITT population reported disease progression. Similarly, median and 75th percentile of participants of MITT population was planned to be reported. If, less than 75th percentile of participants reported disease progression at the end of the study period, then the observation was censored for the purpose of this analysis and in such case the data was planned to be reported as not evaluable (NA)., From Day 1 till disease progression (approximately 12 cycles of 3 weeks each)|Change From Baseline in Hematology: White Blood Cell (WBC) Count, Neutrophils, Lymphocytes, Platelets, Blood samples collected to evaluate the hematology parameters were WBC count, neutrophils, lymphocytes and platelets. Change from Baseline was defined as the value of Baseline minus from the End of study visit. Baseline was defined as Day 1., Baseline (Day 1) and End of Study assessments/follow-up approximately 28 days (+/- 7 days) following the last dose of SRT501 or SRT501 and bortezomib (approximately 280 days)|Change From Baseline in Hematology: Hematocrit, Blood samples were collected to evaluate the hematology parameter hematocrit. Change from Baseline was defined as the value of baseline minus from the End of study visit. Baseline was defined as Day 1., Baseline (Day 1) and End of Study assessments/follow-up approximately 28 days (+/- 7 days) following the last dose of SRT501 or SRT501 and bortezomib (approximately 280 days)|Change From Baseline in Hematology: Hemoglobin, Blood samples were collected to evaluate the hematology parameter hemoglobin. Change from Baseline was defined as the value of Baseline minus from the End of study visit. Baseline was defined as Day 1., Baseline (Day 1) and End of Study assessments/follow-up approximately 28 days (+/- 7 days) following the last dose of SRT501 or SRT501 and bortezomib (approximately 280 days)|Change From Baseline in Hematology: Red Blood Cell (RBC), Blood samples were collected to evaluate the hematology parameter RBC. Change from Baseline was defined as the value of Baseline minus from the End of study visit. Baseline was defined as Day 1., Baseline (Day 1) and End of Study assessments/follow-up approximately 28 days (+/- 7 days) following the last dose of SRT501 or SRT501 and bortezomib (approximately 280 days)|Change From in Baseline Biochemistry: Serum Creatinine, Total Bilirubin, Blood samples were collected to evaluate hematology parameters serum creatinine and total bilirubin. Change from Baseline was defined as the value of baseline minus from the End of study visit. Baseline was defined as Day 1., Baseline (Day 1) and End of Study assessments/follow-up approximately 28 days (+/- 7 days) following the last dose of SRT501 or SRT501 and bortezomib (approximately 280 days)|Change From Baseline in Biochemistry -Urea, Bicarbonate, Blood samples were collected to evaluate the biochemistry parameter urea and bicarbonate. Change from Baseline was defined as the value of Baseline minus from the End of study visit. Baseline was defined as Day 1., Baseline (Day 1) and End of Study assessments/follow-up approximately 28 days (+/- 7 days) following the last dose of SRT501 or SRT501 and bortezomib (approximately 280 days)|Change From Baseline in Biochemistry: Prothrombin Time (PT)/ International Normalized Ratio (INR), Blood samples were collected to evaluate the biochemistry parameter PT/INR. Change from Baseline was defined as the value of Baseline minus from the End of study visit. Baseline was defined as Day 1., Baseline (Day 1) and End of Study assessments/follow-up approximately 28 days (+/- 7 days) following the last dose of SRT501 or SRT501 and bortezomib (approximately 280 days)","Plasma Concentrations of SRT501 at Indicated Time Points, Pharmacokinetic sampling on Day1/2 and Day 20/21 of Cycle 1 for participants ready to participate was planned. The sampling was planned to be collected at timepoints on Cycle 1 Day 1 at pre-dose, 30 minute, 1 hour, 2 hour, 4 hour, 6 hour and 24 hour post-dose and the same timepoints on Day 2 and Day 20 post- dose. It was to be collected in participants who fasted atleast for an hour. Due to early termination of the study, the data for Pharmacokinetic analysis was not collected., Cycle 1 Day 1, Cycle 1 Day 2 and Cycle 1 Day 20 at pre-dose, 30 minute, 1 hour, 2 hour, 4 hour, 6 hour and 24 hour post-dose. Day 2 and Day 20, samples collected post-dose. Each cycle duration was 21 days.",,"Sirtris, a GSK Company",GlaxoSmithKline,ALL,"ADULT, OLDER_ADULT",PHASE2,24,INDUSTRY,INTERVENTIONAL,Allocation: NA | Intervention Model: SINGLE_GROUP | Masking: NONE | Primary Purpose: TREATMENT,113222,2009-03-30,2010-11-04,2010-11-04,2009-06-15,2019-02-27,2019-02-27,"GSK Investigational Site, Vejle, 7100, Denmark|GSK Investigational Site, Sutton, Surrey, SM2 5NG, United Kingdom|GSK Investigational Site, Birmingham, B15 2TH, United Kingdom|GSK Investigational Site, Leeds, LS9 7TF, United Kingdom|GSK Investigational Site, London, EC1A 7BE, United Kingdom",
NCT02244879,Effects of Resveratrol on Inflammation in Type 2 Diabetic Patients,https://clinicaltrials.gov/study/NCT02244879,,COMPLETED,"This research will investigate the effect of resveratrol on inflammatory mediators in type 2 diabetic patients in vivo.

The investigators will also investigate the hypothesis that resveratrol has an antioxidant activity, improves insulin sensitivity and lipid pattern, down-regulates bone-turnover.",NO,Type 2 Diabetes Mellitus|Inflammation|Insulin Resistance|Other Disorders of Bone Density and Structure,DIETARY_SUPPLEMENT: resveratrol,"C reactive protein (CRP), To investigate changes from baseline in blood concentrations of high-sensitivity CRP after six months of treatment with either resveratrol at different dosages or placebo, up to 25 months","Metabolic and oxidative markers, To evaluate before-after changes in the concentrations of the following: Interleukin 6, Pentraxin-3, total antioxidant status, fasting glucose, insulin, glycated hemoglobin, total and HDL-cholesterol, triglycerides, adiponectin., up to 25 months","body composition and bone mineral density, To evaluate before-after change in bone mineral density and body composition by Dual-emission X-ray absorptiometry, up to 25 months","University of Turin, Italy","Ministry of Health, Italy",ALL,"ADULT, OLDER_ADULT",PHASE3,192,OTHER,INTERVENTIONAL,"Allocation: RANDOMIZED | Intervention Model: PARALLEL | Masking: TRIPLE (PARTICIPANT, CARE_PROVIDER, INVESTIGATOR) | Primary Purpose: TREATMENT",RF-2010-2313155,2013-10,2016-02,2016-02,2014-09-19,,2016-03-08,"University of Turin, Turin, IT, 10126, Italy",
NCT01339884,A Study of Resveratrol as Treatment for Friedreich Ataxia,https://clinicaltrials.gov/study/NCT01339884,,COMPLETED,"The purpose of this study is to determine the effect of two doses of resveratrol taken for a 12 week period, on frataxin levels in individuals with Friedreich ataxia. This study will also measure the effect of resveratrol on markers of oxidative stress, clinical measures of ataxia, and cardiac parameters.",NO,Friedreich Ataxia,DRUG: Resveratrol,"Lymphocyte frataxin level, Change in lymphocyte frataxin levels at 12 weeks compared to baseline, 12 weeks","Oxidative stress markers, Oxidative stress, as measured by a) plasma F2-isoprostanes and b) urinary 8-hydroxyl-2-deoxyguanosine levels at 12 weeks compared to baseline, 12 weeks|Clinical rating scales of ataxia, Clinical rating scales of ataxia at 12 weeks will be compared to baseline. This will include: a) Friedreich Ataxia Rating Scale (FARS) b) International Cooperative Ataxia Rating Scale (ICARS) c) Scale for the Assessment and Rating of Ataxia (SARA) d) Friedreich Ataxia Functional Composite, 12 weeks|Echocardiogram measures, Changes in structural and functional 3D echocardiogram measures from baseline to 12 weeks will be reported, 12 weeks|Pharmacokinetic studies of resveratrol, Pharmacokinetic data will be collected 45, 90 and 120 minutes after the first dose of resveratrol. Plasma concentration of resveratrol and its sulfate and glucuronide metabolites will be measured in ng/mL., First 2 hours post dose",,Murdoch Childrens Research Institute,Friedreich's Ataxia Research Alliance,ALL,"ADULT, OLDER_ADULT",PHASE1|PHASE2,27,OTHER,INTERVENTIONAL,Allocation: NON_RANDOMIZED | Intervention Model: PARALLEL | Masking: NONE | Primary Purpose: TREATMENT,10358B,2011-04,2012-08,2012-12,2011-04-21,,2014-01-22,"Monash Medical Centre, Southern Health, Clayton, Melbourne, Victoria, 3168, Australia",
NCT03665740,Multimodal Investigation of the Neuroprotective Effects of Resveratrol (MINER),https://clinicaltrials.gov/study/NCT03665740,MINER,UNKNOWN,"Since their return from military service in the 1990-1991 Gulf War, many Veterans have been affected by debilitating symptoms that are not easily explained. A leading hypothesis states that the combination of exposure to toxic chemicals and environmental stressors are responsible for a cluster of debilitating symptoms known as Gulf War Illness (GWI). Research has found that over-the-counter antioxidant supplements such as resveratrol may reverse the damage that causes these debilitating symptoms. Resveratrol is a nutrient found abundantly in the skin of red grapes that is known to have robust antioxidant and anti-inflammatory properties. The investigators predict that resveratrol treatment will improve memory issues, difficulties with thinking and mood problems in Veterans with GWI and that resveratrol will do so with minimal risk.",NO,Gulf War Illness,DRUG: Resveratrol,"Change from baseline in Cognitive Function, CVLT-II: measure of cognitive functioning and memory, Baseline & Post (week 26)|Change from baseline in Mood, Beck Depression Inventory II, Baseline, Mid (week 13) and Post (week 26)|Change from baseline in Daily Functioning, WHODAS 2.0: measure of disability and global health, Baseline and Post (week 26)","Change from baseline in Structural MRI Scans, Structural MRI scanning of hippocampus, Baseline & Post (Week 26)|Change from baseline in Diffusion Tensor Imaging, A diffusion tensor imaging scan of hippocampus, Baseline & Post (Week 26)","Change from baseline in Pro-inflammatory cytokines, IL-1β; TNF-α; IL-6; IL-1α; Interferon-Y; G-CSF/CSF3; GM\_CSF/CSF2; IL-8; IP-10; RANTES; Resistin; PAI-1; IL-12; IL-13; Eotaxin-3; MCP-1; MIP-1α; IL-2; Leptin; Adiponectin; IL-17α; IL-4; IL10, Baseline & Post (Week 26)",VISN 17 Center of Excellence,Texas A&M University|Baylor University|KR Love Quantitative Consulting and Collaboration,ALL,"ADULT, OLDER_ADULT",PHASE2,68,FED,INTERVENTIONAL,"Allocation: RANDOMIZED | Intervention Model: PARALLEL | Masking: QUADRUPLE (PARTICIPANT, CARE_PROVIDER, INVESTIGATOR, OUTCOMES_ASSESSOR) | Primary Purpose: TREATMENT",GW160050,2018-08-01,2022-08-31,2022-08-31,2018-09-11,,2018-09-11,"VISN 17 Center of Excellence for Research on Returning War Veterans, Waco, Texas, 76711, United States",
NCT01038089,Pilot Study Of The Effects Of Resveratrol On Endothelial Function In Subjects With Type 2 Diabetes Mellitus,https://clinicaltrials.gov/study/NCT01038089,,COMPLETED,"Observational studies have shown that consumption of grapes and grape products such as red wine is associated with reduced cardiovascular risk. The mechanisms accounting for this benefit remain incompletely understood. Resveratrol is a component of grapes and red wine that has favorable effects on endothelial function in diabetic and obese animals. Resveratrol is available to people over-the-counter in health food stores and the internet as a dietary supplement.

The endothelium plays a central role in the control of blood vessel function. When healthy, the endothelium prevents vasospasm, blood clot formation, and the development of atherosclerosis. Endothelial function is abnormal in patients with diabetes mellitus and this abnormality contributes to the development of cardiovascular disease.

The present pilot study is designed to test the hypothesis that resveratrol (90 mg/day and 270 mg/day for one week each) will have favorable effects on endothelial function in patients with diabetes mellitus.",NO,Type 2 Diabetes Mellitus,DIETARY_SUPPLEMENT: Resveratrol,"Brachial artery flow-mediated dilation, 2 weeks","Blood markers of inflammation, oxidative stress, insulin resistance, 2 weeks",,Boston University,dsm-firmenich Switzerland AG,ALL,"ADULT, OLDER_ADULT",NA,20,OTHER,INTERVENTIONAL,Allocation: NON_RANDOMIZED | Intervention Model: SINGLE_GROUP | Masking: NONE | Primary Purpose: BASIC_SCIENCE,H-28258,2010-01,2010-12,2010-12,2009-12-23,,2010-12-21,"Boston Medical Center, Boston, Massachusetts, 02118, United States",
NCT02616822,Effects of Trans-Resveratrol in Endothelial Function in Hypertensive Patients,https://clinicaltrials.gov/study/NCT02616822,,COMPLETED,"Arterial Hypertension (HBP) has a high prevalence and low rates of control, is considered a major modifiable risk factors and one of the most important public health problems. Mortality from cardiovascular disease increases progressively with increasing blood pressure (BP) in a linear, continuous and independent. The pathophysiological mechanisms involved in the pathogenesis of hypertension exhibit metabolic abnormalities, which are related to endothelial dysfunction. Resveratrol, a polyphenol stilbene derived from various species of plants, but in our food, mainly present in red wine and grapes, has shown protective effects in cardiovascular diseases, such as preventing the damage caused by oxidative stress, decreased plasma lipids with inhibiting the formation of atherosclerotic plaque; protective effect of vascular endothelium, with increased release of nitric oxide and decreased production of free radicals in animal models, but human studies are limited and insufficient to clarify the possible effects of trans-resveratrol (biologically active form) on endothelial function, blood pressure and central aortic pressure in treated hypertensive individuals.The aim of this study is to evaluate the acute effects of trans-resveratrol supplementation on endothelial function in treated hypertensive patients.",NO,Endothelial Dysfunction,DIETARY_SUPPLEMENT: Trans-resveratrol|OTHER: Placebo,"Flow-mediated dilatation of the brachial artery, The patient lay comfortably in the supine position with slightly abducted right arm. After located the brachial artery, the transducer was placed on the anteromedial face of the right arm, perpendicular to the axis of the arm, 5-10 cm above the antecubital crease on the artery. The basal diameter of the brachial artery (BBAD) and post occlusion brachial artery diameter (POBAD) were measured manually between the intima-lumen interfaces at end-diastole. After BBAD, the site of contact of the probe was marked on the skin, so that the measurement of POBAD occur at the same site. The occlusion is maintained for five minutes through cuff on the arm, which print pressure slightly above the systolic blood pressure, confirmed by no pulse Doppler. The POBAD was measured 30, 60 and 90 seconds after releasing the flow. At baseline, after checking the criteria for inclusion and exclusion and signing the informed consent, the selected patient performs the DMF fasting and after 90 minutes., 90 minutes","Determination of central aortic pressure (Sphygmocor), Noninvasive test, conducted in peaceful environment, temperature controlled, patient lying supine, using his right arm to measure blood pressure and central aortic pressure.

The analysis of radial artery pulse wave by applanation tonometry is performed to derive central artery pressures and other hemodynamic parameters using Sphygmocor system (Atcor, USA). After measuring the BP in the brachial artery pulse wave of the radial artery on the same side were obtained for at least 10 seconds using a tonometer (SPC-301 - Millar Instruments, Houston, Texas), calibrated according to the brachial BP. The resulting radial pulse waves are processed using specific software (Sphygmocor v7 AtCor, USA) to derive the corresponding central aortic pressure through a previously validated transfer function. At baseline, after checking the criteria for inclusion and exclusion and signing the informed consent, the selected patient performs the SphymoCor fasting and after 90 minutes., 90 minutes",,Hospital Universitario Pedro Ernesto,,ALL,"ADULT, OLDER_ADULT",PHASE1,24,OTHER,INTERVENTIONAL,"Allocation: RANDOMIZED | Intervention Model: CROSSOVER | Masking: DOUBLE (PARTICIPANT, INVESTIGATOR) | Primary Purpose: TREATMENT",Resv2013,2013-01,2015-09,2015-09,2015-11-30,,2015-11-30,,
NCT04689412,Nasal Resveratrol and Wheezing Episodes in Preschool Children,https://clinicaltrials.gov/study/NCT04689412,RSVchild,COMPLETED,"As most of the upper airways infections (UAI) leading to wheezing are secondary to viral triggers, the possible antinflammatory and antiviral role of resveratrol has been suggested in several studies, both in vitro and in vivo. However, its efficacy has been studied only when evaluating upper respiratory symptoms.

With the aim to define new approaches in patients with recurrent wheezing triggered by UAI we have performed a prospective observational study to evaluate the efficacy of a short-course of intranasal resveratrol, administered for 7 days at the beginning of UAI, when compared to standard nasal lavage with 0.9% saline solution, in terms of reduction in wheezing episodes.",NO,Wheezing|Upper Respiratory Tract Infections,DRUG: Resveratrol,"Wheezing days, number of wheezing days during the follow-up period, october 2017 - march 2018","Severity index, oral corticosteroid administration, october 2017 - march 2018|Severity index, access to ER or admission to pediatric ward, october 2017 - march 2018",,University Of Perugia,,ALL,CHILD,,50,OTHER,OBSERVATIONAL,Observational Model: CASE_CONTROL | Time Perspective: PROSPECTIVE,RSV01Ped,2018-04-01,2019-03-31,2019-04-30,2020-12-30,,2020-12-30,"Università di Perugia, Perugia, 06100, Italy",
NCT01412645,Long-term Investigation of Resveratrol in Obesity,https://clinicaltrials.gov/study/NCT01412645,LIRMOI,COMPLETED,"The aim of this study is to investigate potential metabolic effects of resveratrol in men with metabolic syndrome(otherwise healthy).

The investigators hypothesize that resveratrol has an anti-inflammatory effect, and will increase insulin sensitivity, change the fat- and sugar-metabolism, and down-regulate bone-turnover.",NO,Obesity|Inflammation|Insulin Sensitivity|Osteoporosis,DIETARY_SUPPLEMENT: Resveratrol,"Changes from Baseline in markers of inflammation (hs-CRP) in blood after 4 months of treatment with either resveratrol or placebo, 4 months",,,University of Aarhus,"The Ministry of Science, Technology and Innovation, Denmark|Central Denmark Region",MALE,ADULT,NA,76,OTHER,INTERVENTIONAL,"Allocation: RANDOMIZED | Intervention Model: PARALLEL | Masking: QUADRUPLE (PARTICIPANT, CARE_PROVIDER, INVESTIGATOR, OUTCOMES_ASSESSOR) | Primary Purpose: BASIC_SCIENCE",LIRMOI,2011-08,2013-08,2013-08,2011-08-09,,2013-12-13,"Clinical Institute, Aarhus University, Aarhus, Aarhus, 8000, Denmark",
NCT02565979,Long-term Resveratrol and Metabolism,https://clinicaltrials.gov/study/NCT02565979,,COMPLETED,"The main objective of the study is to investigate if 6 months resveratrol supplementation can improve glucose tolerance in overweight/obese individuals. As secondary objectives we want to investigate whether resting energy metabolism, intra-hepatic lipid content, physical performance, body composition and quality of life change by 6 months resveratrol supplementation in these individuals.",NO,Pre-diabetes,DIETARY_SUPPLEMENT: resveratrol|DIETARY_SUPPLEMENT: placebo,"Change in Glucose Tolerance, Matsuda Index calculated from double 2-hour Oral Glucose Tolerance Test (OGTT), 2x baseline and 2x after 6 months of supplemenation","Change in Intra-hepatic lipid content, Intra-hepatic lipid content measured with 1H-MRS, baseline and after 6 months of supplemenation|Change in Resting energy expenditure, energy expenditure and substrate oxidation will be measured by an automated ventilated hood system (45 minutes) to determine whole body energy metabolism, baseline and after 6 months of supplemenation|Change in Body composition, Body composition will be assessed by dual energy X-ray absorptimetry (DEXA) scan, baseline and after 6 months of supplemenation|Change in Blood plasma markers, Markers related to energy metabolism (for instance glucose, insulin, free fatty acids, cholesterol, glycerol and triglycerides) will be measured regularly, Once a month for a period of 6 months|Change in Blood pressure, blood pressure (diastolic and systolic blood pressure and heart rate) will be measured once a month, Once a month for a period of 6 months|Change in Physical performance, Physical performance will be assessed by the following tests: the Timed Chair Stand Test; the 6-minute walk test while they wear a MOX Activity Monitor; and a dynamometer (Biodex) will be used to determine isometric and isokinetic muscle strength of the extensor and flexor muscles of the knee joint, baseline and after 6 months of supplemenation|Change in Quality of life, Quality of life (QoL) will be tested using a 32-item questionnaire. This measure quantifies QoL on the dimensions Social, Spiritual, Emotional, Cognitive, Physical, Activities of Daily Living, and Integrated QoL, baseline and after 6 months of supplemenation|Change in Quality of sleep, Sleep quality will be measured by the 10-item Pittsburg Sleep Quality Index, baseline and after 6 months of supplemenation",,Maastricht University Medical Center,Diabetes Fonds|dsm-firmenich Switzerland AG,ALL,"ADULT, OLDER_ADULT",NA,42,OTHER,INTERVENTIONAL,"Allocation: RANDOMIZED | Intervention Model: PARALLEL | Masking: QUADRUPLE (PARTICIPANT, CARE_PROVIDER, INVESTIGATOR, OUTCOMES_ASSESSOR) | Primary Purpose: PREVENTION",15-3-037,2016-04,2019-03,2019-03-28,2015-10-01,,2019-04-02,"Maastricht University and Medical Centre, Maastricht, Limburg, 6200 MD, Netherlands",
NCT01768507,Reresveratrol Administered to Healthy Male Subjects,https://clinicaltrials.gov/study/NCT01768507,REVAHS,COMPLETED,Heme oxygenase 1 (HO-1) serves as a protective gene. The aim of this clinical trial is to evaluate the HO-1 stimulation of resveratrol in healthy humans.,NO,Healthy Subjects|Heme Oxygenase,DIETARY_SUPPLEMENT: Resveratrol,"The maximal HO-1 and sirtuin mRNA expression in PBMCs, 1 month",,,Daniel Doberer,,MALE,ADULT,NA,10,OTHER,INTERVENTIONAL,Allocation: RANDOMIZED | Intervention Model: PARALLEL | Masking: NONE | Primary Purpose: BASIC_SCIENCE,ClinPharm 754,2011-03,2011-03,2011-03,2013-01-15,,2016-09-15,"Medical University of Vienna, Vienna, 1090, Austria",
NCT00256334,Resveratrol for Patients With Colon Cancer,https://clinicaltrials.gov/study/NCT00256334,,COMPLETED,"Resveratrol is purported to possess cancer preventive activity, especially for colon cancer, though its mechanisms of action are not well defined. Resveratrol is found in the skin of grapes and has anti-oxidative and pro-apoptotic effects on cancer cell lines in vitro. The main dietary sources of resveratrol are grapes, grape products, and red wine, and small amounts may be found in mulberries. A prior report and compelling preliminary data from our laboratory suggest that resveratrol modulates Wnt signaling, a signaling pathway which is activated in over 85% of colon cancers. In this proposal, studies were performed to define the actions of resveratrol on the Wnt signaling pathway in a clinical trial in which patients with colon cancer received treatment with Resveratrol, and correlative laboratory studies examined its effects directly on colon cancer and normal colonic mucosa. These studies provided data on the mechanisms of resveratrol action and provided a foundation for future prevention trials, correlative studies and therapeutic clinical research with this agent.",NO,Colon Cancer|Cancer,DRUG: Resveratrol,"Test the hypothesis that resveratrol modulates Wnt signaling in vivo in colon cancer and normal colonic mucosa, 3 years",,,"University of California, Irvine","University of California, Los Angeles",ALL,"ADULT, OLDER_ADULT",PHASE1,11,OTHER,INTERVENTIONAL,Allocation: NA | Intervention Model: SINGLE_GROUP | Masking: NONE | Primary Purpose: TREATMENT,UCI 05-20|2005-4333,2005-07,2008-12,2009-04,2005-11-21,,2014-06-20,"Chao Family Comprehensive Cancer Center, Orange, California, 92868, United States",
NCT01354977,Effect of Resveratrol on Age-related Insulin Resistance and Inflammation in Humans,https://clinicaltrials.gov/study/NCT01354977,,COMPLETED,"Resveratrol is a natural polyphenol (a compound containing a phenol functional group) that can be found in many plants. The purpose of this research is to study the effects of resveratrol on the action of insulin (a hormone produced in the body by the pancreas that regulates the amount of sugar in the blood), fat accumulation, and inflammation in the body.",YES,Type 2 Diabetes Mellitus|Insulin Resistance,DRUG: Resveratrol,"Peripheral Insulin Sensitivity (RD) Measured by the Change in Glucose Rates of Disappearance With Resveratrol or Placebo at Baseline and at 4 Weeks., We will measure peripheral insulin sensitivity by determining the rate of glucose uptake (RD).

RD will be measured using a 6 hours stepped pancreatic clamp study procedure under various treatment conditions (eg, resveratrol or placebo). by monitoring changes in the level of a non-radioactive, naturally occurring form of glucose (sugar)., 4 weeks","Endogenous Glucose Production (EGP), With Resveratrol or Placebo at Baseline and at 4 Weeks., Endogenous glucose production will be used to determine hepatic insulin sensitivity.

Rates of EGP (a measure of the body's production of sugar) will be measured using a 6 hour stepped pancreatic clamp procedure under various treatment conditions (eg, resveratrol or placebo), by monitoring changes in the level of a non-radioactive, naturally occurring form of glucose (sugar)., 4 weeks|Effects of Resveratrol on Skeletal Muscle Mitochondrial Numbers, Skeletal muscle mitochondria numbers were calculated under EM on subjects pre- and post- treatment of either Resveratrol or placebo intervention., 4 weeks|Gene Expression in Whole Fat Tissue , Before and After 4 Weeks' Resveratrol and Placebo. Ratio From Baseline Versus at 4 Weeks, Changes of relative copy number of gene inflammatory markers in whole fat tissue were studied by quantitative, real-time RT-PCR, resveratrol vs. placebo, 4 weeks|Muscle Mitochondrial Area, Skeletal Muscle Mitochondria Area Before and After 4 Weeks of Resveratrol/Placebo Treatment, 4 Weeks",,Albert Einstein College of Medicine,,ALL,"ADULT, OLDER_ADULT",PHASE2,20,OTHER,INTERVENTIONAL,Allocation: NA | Intervention Model: SINGLE_GROUP | Masking: NONE | Primary Purpose: TREATMENT,2007-534,2008-03,2017-09-15,2017-09-15,2011-05-17,2022-03-08,2022-03-08,"Albert Einstein College of Medicine, The Bronx, New York, 10461, United States","Study Protocol and Statistical Analysis Plan, https://cdn.clinicaltrials.gov/large-docs/77/NCT01354977/Prot_SAP_000.pdf"
NCT03728777,Resveratrol Supplementation in Patients With Mitochondrial Myopathies and Skeletal Muscle Fatty Acid Oxidation Disorders,https://clinicaltrials.gov/study/NCT03728777,,COMPLETED,"The purpose of this study is to investigate the potential beneficial effects of a daily supplement of Resveratrol (1000mg/day) on physical ability and on muscle metabolism in patients with verified mitochondrial myopathy and patients with a verified fatty acid oxidation defect of VLCAD and CPTII deficiencies. Investigators hypothesize an improved muscle metabolism, mitochondrial function, fatty acid oxidation and thus improvement of physical ability.",NO,Mitochondrial Myopathies|Fatty Acid Oxidation Defects,DIETARY_SUPPLEMENT: Resveratrol,"Heart rate, Decrease in heart rate during constant load cycling exercise., 20 weeks","Peak oxygen utilization, VO\^2max (ml/min), 20 weeks|Fatty acid oxidation, Fatty acid oxidation will be assessed by stable isotope technique (only for fatty acid oxidation defect disease subgroup), 20 weeks|Perceived exertion, Evaluation of perceived exertion (Borg score) during constant workload cycling, 20 weeks|Fatigue Severity Scale score, Evaluation of self-rated fatigue, 20 weeks|SF-36 questionnaire, Evaluation of self-rated daily function scores, 20 weeks",,"Copenhagen University Hospital, Rigshospitalet",,ALL,"ADULT, OLDER_ADULT",NA,20,OTHER,INTERVENTIONAL,"Allocation: RANDOMIZED | Intervention Model: CROSSOVER | Masking: DOUBLE (PARTICIPANT, INVESTIGATOR) | Primary Purpose: TREATMENT",H-17039503,2018-04-09,2019-10-01,2019-10-01,2018-11-02,,2019-11-27,"Copenhagen Neuromuscular Center, Copenhagen, 2100, Denmark",
NCT05808387,The Effects of Resveratrol on Sirtuins and Apoptosis Biomarkers,https://clinicaltrials.gov/study/NCT05808387,RE-AGES,UNKNOWN,"Cardiovascular diseases (CVD) and neoplasms are the main causes of death in Brazilian women. Coronary artery disease (CAD) and stroke were responsible for approximately 54% of deaths from CVD in this population. In Brazil, cancers were the second cause of death and in 2017 were responsible for 58% of deaths in women. CVD and cancer share some risk factors, and control of these factors is associated with a significant reduction in cancer incidence. These two causes of death, although apparently disparate, share similar lifestyles and health risk factors, suggesting some common pathways and basic molecular networks. In women, the presence of estrogen has protective effects against atherosclerosis and, with the decline in hormone production at menopause, the incidence and prevalence of CAD increase substantially. Although the estrogen pathway is supposed to have a central effect on this increased risk, it is still debated whether other non-estrogenic mechanisms are related, since hormone replacement alone does not reduce cardiovascular events. Sirtuins and soluble advanced glycation product receptors (sRAGE) are associated with increased vascular protection, while the role of apoptosis inhibiting proteins, a pathway linked to increased cancer incidence, is still unclear in the context of atherosclerosis. Resveratrol is a key activator of sirtuins and potentially modulates these metabolic pathways, reducing cardiovascular risk. This randomized, double-blind, parallel, placebo-controlled clinical trial will be carried out in 80 postmenopausal women with CAD to analyze the effect of treatment with resveratrol on serum concentration and gene expression of sirtuins-1 -3, in the serum sRAGE concentration and in the gene expression of apoptosis inhibitory proteins.",NO,Coronary Artery Disease|Menopause|Endothelial Dysfunction,DIETARY_SUPPLEMENT: Resveratrol|DIETARY_SUPPLEMENT: Placebo,"Sirtuin-1 and sirtuin-3, Serum concentrations and gene expression, 90 days|Inhibitors of apoptosis proteins, Gene expression of Bcl-2, XIAP, c-IAP1, and survivin, 90 days|sRAGE, Serum concentrations and gene expression, 90 days","Inflammation, Serum concentrations of proinflammatory cytokines, 90 days|Cardiometabolic risk factors, Lipid and glucometabolic profiles, 90 days|Anthropometric measures, BMI, skinfold thickness, and body composition, 90 days",,InCor Heart Institute,,FEMALE,"ADULT, OLDER_ADULT",NA,80,OTHER,INTERVENTIONAL,"Allocation: RANDOMIZED | Intervention Model: PARALLEL | Masking: DOUBLE (PARTICIPANT, CARE_PROVIDER) | Primary Purpose: TREATMENT",61901722.6.0000.0068,2023-03-06,2025-06-05,2026-06-05,2023-04-11,,2023-04-11,"INCOR- Heart Institute, São Paulo, São Paulo, 05403900, Brazil",
NCT03100019,"Supplementation of 500mg Trans-resveratrol Within Hypoxic and Normoxic Conditions, in Healthy Humans.",https://clinicaltrials.gov/study/NCT03100019,,COMPLETED,"Objectives: Resveratrol, a non-flavonoid polyphenol, has been found to consistently modulate cerebral blood flow (CBF) following oral supplementation. Although, this has not resulted in subsequent predicted benefits to cognitive performance in young healthy populations. However, it is argued that those who suffer a reduction in CBF and cognition, such as aging populations, may benefit more from resveratrol administration.

Hypothesis: The current investigation aimed to employ a mild hypoxia as an experimental model of aging in a young healthy population, to assess if resveratrol can attenuate the deficits elicited by the reduction in oxygen supply. It was hypothesized resveratrol would module CBF, to provide a more efficient supply of oxygen to overcome any associated decreases to performance caused by the hypoxic model.

Design: This repeated measures, double blind, placebo controlled, balanced design assessed the cognitive and CBF effects of resveratrol in hypoxia (equivalent to \~2000m above sea level) and normoxia (sea level).

Methods: 24 participants arrived fully fasted (except water) for 12 hrs before completing a baseline measure of a cognitive task battery, and taking the treatment for the day. Following a 45 min absorption period, participants completed 3 full repetitions of the cognitive test battery and, if appropriate, the oxygen level was altered. Changes in CBF were measured by near-infrared spectroscopy throughout the full testing session.",NO,"Hypoxia, Brain",DIETARY_SUPPLEMENT: Resveratrol|DRUG: Placebo,"Cerebral blood flow, Cerebral heamodynamic response (of the prefrontal cortex) at rest and during task performance (all concentration change (μmol / L)).

There are 3 outputs to this (oxygenated, de-oxygenated and total heamoglobin, detailing changes of oxygenation and de-oxygenation in the neural tissue at rest and during task performance., 2 hours|Cognitive performance, Participants completed a number of tasks to measure cognitive domain performance (Episodic Memory, Speed of Attention, \& Accuracy of Attention), as part of a 15 minute cognitive battery. Outcomes were measured in accuracy of responses to each task (% correct), reaction time to respond to each task (in milliseconds (ms), and the number of error responses when completing each task., 1 hour",,,Northumbria University,,ALL,ADULT,NA,24,OTHER,INTERVENTIONAL,"Allocation: RANDOMIZED | Intervention Model: CROSSOVER | Masking: DOUBLE (PARTICIPANT, INVESTIGATOR) | Primary Purpose: BASIC_SCIENCE",22AX1,2014-05-13,2015-04-30,2015-04-30,2017-04-04,,2017-04-04,,
NCT02114892,"Effect of Resveratrol Administration on Metabolic Syndrome, Insulin Sensitivity and Insulin Secretion",https://clinicaltrials.gov/study/NCT02114892,,COMPLETED,"The Metabolic Syndrome is a high prevalence disease worldwide. About a quarter of the adult population suffers the disease.

Resveratrol is a substance found in many plants, including grapes, nuts and wine, but it's also found in Polygonum cuspidatum. There is evidence that resveratrol consumption has beneficial effects on glucose and lipids metabolism, blood pressure and body weight.

The aim of this study was to evaluate the effect of resveratrol on metabolic syndrome, insulin sensitivity and insulin secretion.

The investigators hypothesis was that the administration of resveratrol modifies the metabolic syndrome, insulin sensitivity and insulin secretion.",YES,Metabolic Syndrome X,DRUG: Resveratrol|DRUG: Placebo,"Triglycerides Levels at Week 12, The triglycerides were evaluated at baseline and week 12 with enzymatic-colorimetric techniques and the entered values reflect the triglycerides level at week 12, Week 12|High Density Lipoprotein (c-HDL) Levels at Week 12., The c-HDL levels were evaluated at baseline and week 12 with enzymatic/colorimetric techniques and the entered values reflect the c-HDL level at week 12, Baseline. Week 12|Fasting Glucose Levels at Week 12., The fasting glucose levels were evaluated at baseline and week 12 with enzymatic/colorimetric techniques and the entered values reflect the fasting glucose level at week 12, Week 12|Systolic Blood Pressure at Week 12., The systolic blood pressure was evaluated at baseline and week 12 with a digital sphygmomanometer and the entered values reflect the systolic blood pressure at week 12, Week 12|First Phase of Insulin Secretion at Week 12., The first phase of insulin secretion was calculated at baseline and week 12 with Stumvoll index and the entered values reflect the first phase of insulin secretion at week 12, Week 12|Total Insulin Secretion at Week 12., The total insulin secretion was calculated at baseline and week 12 with insulinogenic index and the entered values reflect the total insulin secretion at week 12, Week 12|Total Insulin Sensitivity at Week 12., The insulin sensitivity was calculated at baseline and week 12 with Matsuda index and the entered values reflect the insulin sensitivity at week 12, Week 12|Waist Circumference at Week 12, Waist circumference was evaluated at baseline and at week 12 with a flexible tape and the entered values reflect the waist circumference measure at week 12, Week 12|Diastolic Blood Pressure at Week 12, The diastolic blood pressure was evaluated at baseline and week 12 with a digital sphygmomanometer and the entered values reflect the diastolic blood pressure at week 12, Week 12","Weight at Week 12., The weight was measured at baseline, week 4, week 8 and week 12 with a bioimpedance balance and the entered values reflect the weight at week 12, Week 12|Body Mass Index at Week 12, The Body Mass index was calculated at baseline and at week 12 with the Quetelet index and the entered values reflect the body mass index at week 12, Week 12|Total Cholesterol at Week 12, The total cholesterol was estimated by standardized techniques at baseline and week 12 and the entered values reflect the total cholesterol level at week 12, Week 12|Low Density Lipoproteins (c-LDL) at Week 12, The c-LDL levels were measured at baseline and at week 12 with standardized techniques and the entered values reflect the c-LDL levels at week 12, Week 12|Creatinine at Week 12., The creatinine levels were measured at baseline and at week 12 with standardized techniques and the entered values reflect the creatinine levels at week 12, Baseline. Week 12.|Uric Acid at Week 12., The uric acid levels were measured at baseline and at week 12 with standardized techniques and the entered values reflect the uric acid levels at week 12, Week 12.",,University of Guadalajara,,ALL,ADULT,PHASE2,24,OTHER,INTERVENTIONAL,"Allocation: RANDOMIZED | Intervention Model: PARALLEL | Masking: DOUBLE (PARTICIPANT, INVESTIGATOR) | Primary Purpose: TREATMENT",RESV-MS,2012-04,2013-07,2013-09,2014-04-15,2014-12-29,2020-09-17,"Intstituto de Terapeútica Experimental y Clínica. Centro Universitario de Ciencias de la Salud. Universidad de Guadalajara, Guadalajara, Jalisco, 45037, Mexico",
NCT02129595,Resveratrol and First-degree Relatives of Type 2 Diabetic Patients,https://clinicaltrials.gov/study/NCT02129595,,COMPLETED,"The main objective of the study is to investigate if resveratrol supplementation can improve overall and muscle-specific insulin sensitivity in first-degree relatives of type 2 diabetic patients.

As a secondary objective the investigators want to investigate whether the improved insulin sensitivity can be attributed to improved muscle mitochondrial oxidative capacity and a reduced intrahepatic and cardiac lipid content. Furthermore, in a subset of the participants the investigators want to investigate the effect of resveratrol on glucose uptake in brown adipose tissue.",NO,Pre-diabetes,DIETARY_SUPPLEMENT: placebo|DIETARY_SUPPLEMENT: resveratrol,"insulin sensitivity: overall, muscle- and liver specific, Hyperinsulinemic euglycemic clamp combined with indirect calorimetry: Glucose infusion rate (GIR), rate of appearance and disappearance of glucose (Ra, Rd), endogenous glucose production (EGP), oxidative and non-oxidative glucose disposal, carbohydrate and lipid oxidation, energy expenditure., 30 days after supplementation","muscle mitochondrial oxidative capacity (in vivo and ex vivo), In vivo: Phosphocreatine levels will be measured by P-MRS (before, during, and after exercise) as a marker for in vivo mitochondrial function in the vastus lateralis muscle.

Ex vivo mitochondrial function in skeletal muscle will be measured by oxygen consumption in muscle fibres (muscle biopsy) on lipid-derived and carbohydrate-derived substrates., 30 days after supplementation|intramyocellular lipid content, Skeletal muscle lipid accumulation measured by immunohistochemistry in muscle biopsy from vastus lateralis muscle, 30 days after supplementation|intrahepatic lipid content, Intrahepatic lipid content measured with H-MRS, 30 days after supplementation|intracardiac lipid content, Intracardiac lipid content measured with H-MRS, 30 days after supplementation|heart function, Cardiac function: diastolic and systolic heart function will be measured with ultrasound, 30 days after supplementation|brown adipose tissue activity, subjects will be exposed to an individualized cooling protocol, after which an 18F-FDG PET/CT scan is made, 34 days after supplementation","Maximal aerobic capacity (VO2max), 27 days after supplementation|Blood pressure, 30 days after supplementation",Maastricht University Medical Center,dsm-firmenich Switzerland AG|Diabetes Fonds,MALE,"ADULT, OLDER_ADULT",NA,15,OTHER,INTERVENTIONAL,"Allocation: RANDOMIZED | Intervention Model: CROSSOVER | Masking: QUADRUPLE (PARTICIPANT, CARE_PROVIDER, INVESTIGATOR, OUTCOMES_ASSESSOR) | Primary Purpose: PREVENTION",13-3-058,2014-04,2017-04,2017-07-31,2014-05-02,,2017-08-08,"Maastricht University Medical Centre, Maastricht, Limburg, 6200 MD, Netherlands",
NCT02549924,Effect of Administration of Resveratrol on Glycemic Variability in Individuals With Type 2 Diabetes Mellitus,https://clinicaltrials.gov/study/NCT02549924,,TERMINATED,"Type 2 diabetes mellitus \[ T2DM \] has quickly become the epidemic of the XXI century and challenging global health . Estimates of the World Health Organization \[ WHO \] indicate that globally , from 1995 to date has nearly tripled the number of people living with diabetes mellitus \[DM \]. Resveratrol has been extensively studied as a regulator of glucose through its antioxidant effects and protecting pancreatic β cells by activation of sirtuin -1 \[ SIRT1 \] dependent deacetylase nicotinamide adenine diphosphate \[ NAD \]. Therefore, it is important to know the effect of resveratrol on the glycemic variability \[GV \] in patients with T2DM who are not in control with metformin monotherapy based.",NO,Type 2 Diabetes Mellitus,DRUG: Resveratrol|DRUG: Placebo,"Area under the curve, Before and after intervention with ambulatory continuous glucose monitoring during 72 h, oxidase glucose iPro ™ 2, 56 days|Mean amplitude of glucose excursions (MAGE), Before and after intervention with ambulatory continuous glucose monitoring during 72 h, oxidase glucose iPro ™ 2, 56 days","Fasting plasma glucose, Before and after intervention by spectrophotometry, 56 days|Postprandial glucose, Before and after intervention with ambulatory continuous glucose monitoring during 72 h, oxidase glucose iPro ™ 2, 56 days|A1C, Before and after intervention by high-performance liquid chromatography, 56 days|Total cholesterol, Before and after intervention by spectrophotometry, 56 days|Triglycerides, Before and after intervention by spectrophotometry, 56 days|High-density lipoprotein cholesterol, Before and after intervention by spectrophotometry, 56 days|Low-density lipoprotein cholesterol, Friedewald formula, 56 days|Very-low density lipoprotein, Friedewald formula, 56 days|Alanine aminotransferase, Before and after intervention by spectrophotometry, 56 days|Aspartate aminotransferase, Before and after intervention by spectrophotometry, 56 days|Creatinine, Before and after intervention by spectrophotometry, 56 days|Blood pressure, Before and after intervention using a digital manometer, 56 days|Body and visceral fat %, Before and after intervention using a impedance bascule, Tanita MR, 56 days",,University of Guadalajara,,ALL,ADULT,PHASE2,22,OTHER,INTERVENTIONAL,"Allocation: RANDOMIZED | Intervention Model: PARALLEL | Masking: DOUBLE (PARTICIPANT, INVESTIGATOR) | Primary Purpose: TREATMENT",ERVGDM2,2016-09,2018-01-01,2018-02-01,2015-09-15,,2018-05-08,"Institute of Experimental and Clinical Therapeutics (INTEC), CUCS, University of Guadalajara, Guadalajara, Jalisco, 44340, Mexico",
NCT02062190,"Resveratrol, Cardiovascular Risk Markers And Cognitive Performance In Patients With Schizophrenia",https://clinicaltrials.gov/study/NCT02062190,,COMPLETED,Resveratrol supplementation may improve cardiovascular risk factors and cognitive parameters in patients with schizophrenia taking antipsychotics?,NO,Schizophrenia,DRUG: resveratrol,"Assessment of cardiovascular risk will be realized by measurement of cytokine levels, C-reactive protein and cholesterol levels., Assessment of cardiovascular risk will be realized by measurement of cytokine levels (IL-12p70, IL-6, IL-10, IL-1b, IL-8 and TNF-α), C-reactive protein and cholesterol levels (total cholesterol, LDL, HDL, triglycerides) in patients with schizophrenia before and after supplementation with resveratrol or placebo., 1 month","Cognitive performance will be assessed with a battery of cognitive tests and BPRS (brief psychiatric rating scale) to assess symptoms., Cognitive performance will be assessed with a battery of cognitive tests (Hopkins, for verbal memory; Stroop: for executive function; Digits WAIS-III, for attention; and Sequence numbers and letters for verbal memory and attention) and BPRS (brief psychiatric rating scale) to assess symptoms., 1 month","Nutritional evaluation will be conducted by anthropometric data and food intake by 24-hour Recall Survey., Nutritional evaluation will be conducted by anthropometric data (weight, height, waist and hip circumference, body fat percentage) and food intake by 24-hour Recall Survey (24HR)., 1 month",Federal University of Rio Grande do Sul,Coordenação de Aperfeiçoamento de Pessoal de Nível Superior.,MALE,"ADULT, OLDER_ADULT",PHASE2,19,OTHER,INTERVENTIONAL,"Allocation: RANDOMIZED | Intervention Model: PARALLEL | Masking: QUADRUPLE (PARTICIPANT, CARE_PROVIDER, INVESTIGATOR, OUTCOMES_ASSESSOR) | Primary Purpose: PREVENTION",RESV-110553|ufrgs110553,2014-03,2015-01,2015-05,2014-02-13,,2015-12-08,"HCPA, Porto Alegre, Rio Grande do Sul, 90035-903, Brazil",
NCT01451918,Regulation of Intestinal and Hepatic Lipoprotein Secretion by Resveratrol,https://clinicaltrials.gov/study/NCT01451918,,COMPLETED,"Resveratrol, an ingredient of red wine and available in Canada in highly purified form as an over-the-counter health supplement, has been shown to have a number of health benefits. Data from in vitro and animal studies suggest that it has beneficial effects on insulin sensitivity and lipid lowering. The investigators are not aware, however, of any mechanistic studies that have examined the effect of highly purified resveratrol in vivo on lipoprotein metabolism in humans. Given the potential therapeutic benefit of resveratrol in correcting the metabolic abnormalities of insulin resistant individuals the investigators plan to examine the effects of resveratrol on intestinal and hepatic lipoprotein production in humans.",NO,Dyslipidaemia|Insulin Resistance,DRUG: Resveratrol,"Examine the effect of resveratrol on ApoB 100 and ApoB 48 production in humans, 10 hour lipoprotein turnover study as described above following 2 weeks treatment with resveratrol or placebo., 2 weeks","Assess the change in insulin sensitivity with resveratrol treatment, HOMA-IR calculated from fasting insulin and fasting glucose will be used to assess change in insulin sensitivity before and after 2 weeks of resveratrol treatment., 2 weeks",,"University Health Network, Toronto",Canadian Institutes of Health Research (CIHR),ALL,ADULT,PHASE2,8,OTHER,INTERVENTIONAL,"Allocation: RANDOMIZED | Intervention Model: CROSSOVER | Masking: QUADRUPLE (PARTICIPANT, CARE_PROVIDER, INVESTIGATOR, OUTCOMES_ASSESSOR) | Primary Purpose: BASIC_SCIENCE",RESV10-0537-A,2011-10,2013-09,2013-09,2011-10-14,,2014-05-06,"Toronto General Hospital, Toronto, Ontario, Canada",
NCT02247596,Effects of High-Dose Resveratrol in Non-Diabetic Obese Males,https://clinicaltrials.gov/study/NCT02247596,,COMPLETED,"The primary aim of our study was to examine the effects of two weeks of oral resveratrol on resting energy expenditure and insulin sensitivity in non-diabetic obese male subjects. Secondary variables included plasma lipid subfraction, blood pressure and glycated hemoglobin (HbA1c).",NO,Obesity|Diabetes,DRUG: Resveratrol|DRUG: Placebo,"Change from baseline in Resting Energy Expenditure via indirect calorimetry at 2 weeks, Measured in Kcal/day using a metabolic cart, 2 weeks (pre and post intervention)","Change from baseline in insulin resistance via Homeostasis Model Assessment (HOMA) 2 calculator at 2 weeks, Beta cell function, B (%),Insulin sensitivity, S (%), Insulin resistance, IR, 2 weeks (pre and post intervention)|Change from baseline in lipid subfractions at 2 weeks, LDL, HDL and triglycerides in mmol/L, 2 weeks (pre and post intervention)|Change from baseline in Blood pressure at 2 weeks, Systolic and diastolic blood pressure in mmHg, 2 weeks (pre and post intervention)|Change from baseline in Glycated hemoglobin at 2 weeks, HbA1c in %, 2 weeks (pre and post intervention)",,Khoo Teck Puat Hospital,"National Medical Research Council (NMRC), Singapore",MALE,ADULT,PHASE2,36,OTHER,INTERVENTIONAL,"Allocation: RANDOMIZED | Intervention Model: PARALLEL | Masking: DOUBLE (PARTICIPANT, INVESTIGATOR) | Primary Purpose: TREATMENT",2009/00454|2009,2009-07,2012-10,2012-10,2014-09-25,,2014-09-25,"Khoo Teck Puat Hospital, Singapore, 768828, Singapore",
NCT07592767,RESvEraTrol in Parkinson's Disease (RESET),https://clinicaltrials.gov/study/NCT07592767,RESET,RECRUITING,"This is an exploratory phase 2a study to investigate two doses of resveratrol (JotrolTM) vs placebo in individuals diagnosed with Parkinson's Disease (PD). Participants (n=30) will be randomized 1:1:1 into 3 groups and will receive oral JotrolTM vs placebo. Study drug will be titrated to reach a final maximal dose per group and will be administered orally once daily (QD) for 3 months. The study will primarily evaluate the safety, tolerability, pharmacokinetics, and pharmacodynamics (PK/PD) of JotrolTM.",NO,Parkinson's Disease,DRUG: Trans-Resveratrol,"Incidence of Treatment-Emergent Adverse Events [Safety and Tolerability], Evaluate the safety and tolerability of JotrolTM in individuals diagnosed with PD via Adverse Events (AEs) and Treatment Emergent AEs (TEAEs), 12 weeks|Incidence of abnormal Electrocardiogram (ECG) findings [Safety and Tolerability]), Evaluate the safety and tolerability of JotrolTM in individuals diagnosed with PD via Electrocardiograms (ECG). ECGs with a QTc ≥500 ms and/or an increase of QTc ≥60 ms from baseline., Change from Baseline to Week-12|Determination of Jotrol's safe and tolerable dose in plasma [Safety and Tolerability], Evaluate the PK of JotrolTM via measurement of its maximum concentration (Cmax) in plasma validated by the Liquid Chromatography-Tandem Mass Spectrometry (LC-MS/MS) method, Between 5 to 12 weeks|Determination of Jotrol's safe and tolerable dose in Cerebral Spinal Fluid (CSF) [Safety and Tolerability], Evaluate the PK of JotrolTM via measurement of its maximum concentration (Cmax) in CSF validated by the Liquid Chromatography-Tandem Mass Spectrometry (LC-MS/MS) method, Between 5 to 12 weeks","Energy metabolism via blood levels of ATP, Evaluate the effects of JotrolTM energy metabolism via blood levels of ATP, Change from Baseline to Week-12|Plasma biomarker analysis for the inflammatory profile, Evaluate the effects of JotrolTM in plasma on markers of inflammation, including but not limited to Triggering Receptor Expressed on Myeloid Cells (TREM)-2, matrix metalloproteases (MMPs) interleukins (IL)- 1α\&β, 2, 3, 4, 5, 6, 7, 8 , 9, 10, 12, 13, 15, 17 α, chemokines (e.g. CXCL10, CCL2, CL7, CCL22, CCL3, CCL4), platelet-derived growth factor (PDGF)-AA, PDGF-AB/BB, CCL5, CX3CL1, Tumor necrosis growth factor (TNF)-α, transforming growth factor (TGF)-α, and vascular endothelial growth factor (VEGF), neurofilaments, glial fibrillary acidic protein (GFAP)., Change from Baseline to Week-12|Cerebral Spinal Fluid (CSF) biomarker analysis for the inflammatory profile, Evaluate the effects of JotrolTM in CSF on markers of inflammation, including but not limited to Triggering Receptor Expressed on Myeloid Cells (TREM)-2, matrix metalloproteases (MMPs) interleukins (IL)- 1α\&β, 2, 3, 4, 5, 6, 7, 8 , 9, 10, 12, 13, 15, 17 α, chemokines (e.g. CXCL10, CCL2, CL7, CCL22, CCL3, CCL4), platelet-derived growth factor (PDGF)-AA, PDGF-AB/BB, CCL5, CX3CL1, Tumor necrosis growth factor (TNF)-α, transforming growth factor (TGF)-α, and vascular endothelial growth factor (VEGF), neurofilaments, glial fibrillary acidic protein (GFAP)., Change from Baseline to Week-12","Alzheimer's Disease Assessment Scale-Cognitive Subscale 14 (ADAS-cog 14), Evaluate the effects of JotrolTM on ADAS-cog 14 by measuring the change from Baseline to WK-12, Change from Baseline to Week-12|Unified Parkinsons Disease Rating Scale Part 1, 2, and 3 (UPDRS 1, 2, and 3) (OFF), Evaluate the effects of JotrolTM on UPDRS 1, 2, and 3 by measuring the change from Baseline to WK-12, Change from Baseline to Week-12|Montreal Cognitive Assessment (MoCA), Evaluate the effects of JotrolTM on MoCA by measuring the change from Baseline to WK-12, Change from Baseline to Week-12|Neuropsychiatric Inventory (NIP), Evaluate the effects of JotrolTM on NIP by measuring the change from Baseline to WK-12, Change from Baseline to Week-12|Parkinsons' disease questionnaire (PDQ)-39, Evaluate the effects of JotrolTM on PDQ-39 by measuring the change from Baseline to WK-12, Change from Baseline to Week-12|Timed up and Go (TUG), Evaluate the effects of JotrolTM on TUG by measuring the change from Baseline to WK-12, Change from Baseline to Week-12",Georgetown University,Jupiter Neuroscience Inc.|Medstar Health Research Institute,ALL,"ADULT, OLDER_ADULT",PHASE2,30,OTHER,INTERVENTIONAL,"Allocation: RANDOMIZED | Intervention Model: PARALLEL | Masking: QUADRUPLE (PARTICIPANT, CARE_PROVIDER, INVESTIGATOR, OUTCOMES_ASSESSOR) | Primary Purpose: OTHER",STUDY00009108,2026-09-17,2028-06-01,2029-06-01,2026-05-18,,2026-09-18,"Georgetown University Hospital, Washington D.C., District of Columbia, 20007, United States",
NCT06250283,Resveratrol for the Prevention of Bone Loss in Postmenopausal Women,https://clinicaltrials.gov/study/NCT06250283,,COMPLETED,The purpose of this study is to examine whether daily supplementation of resveratrol would improve bone health in postmenopausal women.,NO,Low Bone Mass,DIETARY_SUPPLEMENT: Resveratrol|DIETARY_SUPPLEMENT: Placebo,"Bone biomarker, 25-hydroxy vitamin D3, Bone marker will be assessed before and after 12 weeks and 24 weeks intervention|Bone biomarker, Alkaline phosphatase, Bone marker will be assessed before and after 12 weeks and 24 weeks intervention|Bone biomarker, Osteocalcin, Bone marker will be assessed before and after 12 weeks and 24 weeks intervention|Bone biomarker, Deoxypyridinoline, Bone marker will be assessed before and after 12 weeks and 24 weeks intervention|Bone biomarker, C-terminal telopeptide type I collagen, Bone marker will be assessed before and after 12 weeks and 24 weeks intervention","Bone mineral density, Lumbar spine, hip, forearm, and whole-body bone mineral density and bone mineral content, Bone mineral density will be assessed before and after 24 weeks intervention",,University of Delaware,National Institutes of Health (NIH)|National Institute of General Medical Sciences (NIGMS),FEMALE,"CHILD, ADULT, OLDER_ADULT",NA,52,OTHER,INTERVENTIONAL,"Allocation: RANDOMIZED | Intervention Model: PARALLEL | Masking: TRIPLE (PARTICIPANT, INVESTIGATOR, OUTCOMES_ASSESSOR) | Primary Purpose: PREVENTION",2043372|U54GM104941,2024-02-02,2025-10-30,2026-01-30,2024-02-09,,2026-05-13,"University of Delaware, Newark, Delaware, 19716, United States","Informed Consent Form, https://cdn.clinicaltrials.gov/large-docs/83/NCT06250283/ICF_000.pdf"
NCT02245932,Resveratrol In Chronic Obstructive Pulmonary Disease (COPD) Patients (CARMENS-trial),https://clinicaltrials.gov/study/NCT02245932,CARMENS,COMPLETED,"The primary objective is to investigate the efficacy of resveratrol on mitochondrial function in patients with COPD. The secondary objective is to investigate the effect of resveratrol on body composition, inflammatory status and mechanistic markers in blood, adipose and muscle tissue as well as a comprehensive assessment of metabolicand physical performance profile known to be affected by resveratrol.",NO,"Pulmonary Disease, Chronic Obstructive",DIETARY_SUPPLEMENT: Resveratrol|DIETARY_SUPPLEMENT: Placebo,"Change in mitochondrial function, Assessed by measuring mitochondrial respiration (using the oxygraph) of a muscle biopsy of the quadriceps muscle (vastus lateralis), 0 and 4 weeks","Change from baseline in high sensitivity systemic inflammation (CRP) at 4 weeks, High sensitivity C-reactive protein (CRP) as a clinical marker of systemic inflammation via blood sampling., 0 and 4 weeks|Change in adipose tissue inflammation, Assessed by adipose tissue biopsy, 0 and 4 weeks|Change in systematic inflammatory profile, Assessed via blood sampling, 0 and 4 weeks|Change in lipid profile, Assessed via blood sampling, 0 and 4 weeks|Change in insulin sensitivity, Assessed by HOMA-IR, 0 and 4 weeks|Change in body composition, Assessed by:

* DEXA-scan
* Anthropometric measurements, 0 and 4 weeks|Change in quadriceps function, Assessed by leg dynamometry (Biodex), 0 and 4weeks|Change in blood pressure, Measured with a hematometer, 0 and 4 weeks|Change in heart rate, Measured with a hematometer, 0 and 4 weeks","Medical history, Medication use, 0 and 4 weeks|Physical activity, Assessed by:

* Accelerometry
* Short Questionnaire to Assess Health (SQUASH), 0 and 4 weeks|Severity of dyspnea and COPD, Assessed by:

* Medical Research Council scale (MRC-scale)
* COPD assessment test (CAT)
* Clinical COPD Questionnaire (CCQ), 0 and 4 weeks|Sleep pattern, Assess by Pittburgh Sleep Quality Index (PSQI), 0 and 4 weeks|Food intake, Assessed by food anamnesis questionnaire, 0 and 4 weeks|Resveratrol and dihydroresveratrol concentrations, Assessed by blood sampling, 0 and 4 weeks|Electrocardiogram, Measured with a ECG, 0 and 4 weeks|Safety parameters, Assessed in blood:

* Creatinine
* Urea
* Sodium
* Potassium
* Gamma-GT
* ALAT
* ASAT
* Alkaline Phosphatase, 0 and 4 weeks|Baseline lung function, Assessed by spirometry, 0 weeks",Maastricht University Medical Center,The Netherlands Asthma Foundation|dsm-firmenich Switzerland AG,ALL,"ADULT, OLDER_ADULT",NA,23,OTHER,INTERVENTIONAL,"Allocation: RANDOMIZED | Intervention Model: PARALLEL | Masking: TRIPLE (PARTICIPANT, INVESTIGATOR, OUTCOMES_ASSESSOR) | Primary Purpose: PREVENTION",143031|3.4.12.023,2015-01,2017-11,2017-11,2014-09-22,,2019-05-17,"Maastricht University Medical Center, Maastricht, Limburg, Netherlands",
NCT01720459,Effects of Micronized Trans-resveratrol Treatment on Polycystic Ovary Syndrome (PCOS) Patients,https://clinicaltrials.gov/study/NCT01720459,,UNKNOWN,"The purpose of this study is to determine whether micronized trans-resveratrol improves clinical (excessive hair, menstrual cycle), endocrine (androgens)and metabolic (lipids, markers of systemic inflammation) in women with polycystic ovary syndrome (PCOS).",NO,Polycystic Ovary Syndrome (PCOS),DIETARY_SUPPLEMENT: Micronized trans-resveratrol|DIETARY_SUPPLEMENT: Placebo,"testosterone serum concentration, 3 month therapy",,,Poznan University of Medical Sciences,"University of California, Davis",FEMALE,ADULT,NA,40,OTHER,INTERVENTIONAL,Allocation: RANDOMIZED | Intervention Model: PARALLEL | Masking: SINGLE (PARTICIPANT) | Primary Purpose: TREATMENT,681/10,2012-12,2013-12,2014-12,2012-11-02,,2012-11-02,"Poznan University of Medical Sciences, Poznan, 60-535, Poland",
NCT03525379,Evaluating the Clinical Efficacy of Resveratrol in Improving Metabolic and Skeletal Muscle Function in Patients With Heart Failure,https://clinicaltrials.gov/study/NCT03525379,REV-HF,COMPLETED,"This is a randomized, double-blind, placebo-controlled trial evaluating the effect of resveratrol on metabolic and skeletal muscle function. Patients will be randomized and allocated to either resveratrol or placebo, for 8 weeks with a 2-week run-in period before the intervention period (to ensure they are not on any nutritional supplement that contains resveratrol).",NO,Congestive Heart Failure Chronic,DRUG: Resveratrol|DRUG: Placebo,"Change in Isolated Skeletal Muscle Blood Flow, In order to evaluate potential changes in skeletal muscle vascular function and oxygen extraction with resveratrol therapy, the investigators will use a lower limb (calf muscle) targeted exercise protocol in conjunction with magnetic resonance imaging (MRI). MRI will be used to measure, simultaneously, the peak rate of blood flow in the calf muscle along with the whole calf muscle extraction of oxygen, which together is used to determine oxygen consumption. This method allows the determinants of oxygen consumption (blood flow and oxygen extraction) to be evaluated, which is necessary to understand the mechanisms of therapy action., 10 weeks|Change in Oxygen extraction and consumption, In order to evaluate potential changes in oxygen extraction with resveratrol therapy, the investigators will use a lower limb (calf muscle) targeted exercise protocol in conjunction with magnetic resonance imaging (MRI). MRI will be used to measure, simultaneously, the peak rate of blood flow in the calf muscle along with the whole calf muscle extraction of oxygen, which together is used to determine oxygen consumption. This method allows the determinants of oxygen consumption (blood flow and oxygen extraction) to be evaluated, which is necessary to understand the mechanisms of therapy action., 10 weeks","Vascular Function by CMR, Measurement of aortic distensibility will be used to assess changes in the compliance of vascular system with therapy. Compliance will be defined as the fractional change in cross-sectional area of the aorta over the cardiac cycle (measured at both ascending and descending locations), 10 weeks",,University of Alberta,,MALE,"ADULT, OLDER_ADULT",PHASE2,13,OTHER,INTERVENTIONAL,"Allocation: RANDOMIZED | Intervention Model: SEQUENTIAL | Masking: DOUBLE (PARTICIPANT, CARE_PROVIDER) | Primary Purpose: DIAGNOSTIC",REV-HF-2015-1,2017-10-26,2019-10-08,2019-10-08,2018-05-15,,2024-09-19,"Alberta Cardiovascular and Stroke Research Centre, Edmonton, Alberta, T6G 2B7, Canada",
NCT04314739,The Effects of Resveratrol Supplementation on Inflammation and Cognitive Performance in Healthy Adults,https://clinicaltrials.gov/study/NCT04314739,,COMPLETED,"Previous research has suggested that high levels of systemic inflammation can contribute to cognitive deficits and additional health problems; consumption of polyphenols have been shown to have an anti-inflammatory effect. Resveratrol, a polyphenol found primarily in red grape skins, has previously been shown to improve brain blood flow and possibly brain function and may potentially reduce systemic inflammation, however there is limited research into this.

This study will investigate the effects of 4 weeks daily consumption of resveratrol on inflammation and cognitive function in healthy adults.",NO,Cognitive Change|Mood|Systemic Inflammation,DIETARY_SUPPLEMENT: Resveratrol|DIETARY_SUPPLEMENT: Placebo,"Change from baseline concentration of biomarkers of systemic inflammation, Assessment of change from baseline: C reactive protein, tumor necrosis factor alpha and interleukin 6., 1 hour post dose; 4 weeks","Acute changes in cognitive task performance, This will be assessed using a computerised cognitive battery (administered using COMPASS cognitive assessment program). Changes in episodic memory, working memory, spatial memory, executive function and attention as compared to pre-treatment performance on day 1. All tasks have the same x3 outcome measures; accuracy (% correct), errors (% incorrect) and speed (milliseconds) and the individual task scores will therefore be collapsed into global cognitive domains., 40 minutes post dose|Interim changes in cognitive task performance, This will be assessed using a computerised cognitive battery, this will be administered using 'Cognimapp'mobile phone program, participants will complete this battery away from home using their own mobile phone. Changes in attention, executive function, working memory and episodic memory as compared to performance on Day -1. All tasks have the same x3 outcome measures; accuracy (% correct), errors (% incorrect) and speed (milliseconds) and the individual task scores will therefore be collapsed into global cognitive domains., Day 7; Day 14; Day 21; Day 28|Chronic changes in cognitive task performance, This will be assessed using a computerised cognitive battery (administered using COMPASS cognitive assessment program). Changes in episodic memory, working memory, spatial memory, executive function and attention as compared to pre-treatment performance on day 1. All tasks have the same x3 outcome measures; accuracy (% correct), errors (% incorrect) and speed (milliseconds) and the individual task scores will therefore be collapsed into global cognitive domains., 4 weeks|Acute changes in mood, Assessed using Visual Analogue Mood Scales at each assessment during each cognitive assessment. Participants will complete 27 separate visual analogue mood scales that load onto 3 mood outcomes: Alertness, Stress and Tranquillity (the individual scale results are averaged to create this score). A score between 0 and 100 can be obtained, where a higher value indicates that the participant felt more Alert, Stressed or Tranquil., 40 mins post dose|Interim changes in mood, Assessed using Visual Analogue Mood Scales at each assessment during the interim supplementation period. Participants will complete 27 separate visual analogue mood scales that load onto 3 mood outcomes: Alertness, Stress and Tranquillity (the individual scale results are averaged to create this score). A score between 0 and 100 can be obtained, where a higher value indicates that the participant felt more Alert, Stressed or Tranquil., Day 7; Day 14; Day 21; Day 28|Chronic changes in mood, Assessed using the Profile of Mood States questionnaire, completed at the start of each testing visit. The questionnaire includes 65 items and participants rate their mood on a scale of 0-4 (not at all - extremely). These scores are collapsed into 6 mood outcomes (Tension, depression, anger, vigour, fatigue and confusion) and a total mood disturbance score., 4 weeks|Acute changes in concentration of plasma and serum biomarkers, Biomarkers of insulin, glucose, cholesterol and resveratrol metabolites will be measured in plasma and serum using liquid chromatography-mass spectrometry and ELISA analysis in association with other endpoints., 1 hour post dose|Chronic changes in concentration of plasma and serum biomarkers, Biomarkers of insulin, glucose, cholesterol and resveratrol metabolites will be measured in plasma and serum using liquid chromatography-mass spectrometry and ELISA analysis in association with other endpoints., 4 weeks|Acute and chronic changes in blood pressure, Systolic and diastolic blood pressure will be taken after each cognitive assessment (measured in mm Hg)., 1 hour post dose, 4 weeks|Acute and chronic changes in heart rate, Heart rate will be measured after each cognitive assessment (measured in BPM)., 1 hour post dose, 4 weeks|Changes in weight and Body Mass Index (BMI), Participants weight will be recorded at testing visits and BMI will be calculated., 4 weeks",,Northumbria University,Evolva SA,ALL,ADULT,NA,100,OTHER,INTERVENTIONAL,"Allocation: RANDOMIZED | Intervention Model: PARALLEL | Masking: TRIPLE (PARTICIPANT, INVESTIGATOR, OUTCOMES_ASSESSOR) | Primary Purpose: OTHER",52P7,2019-03-19,2019-12-19,2019-12-19,2020-03-19,,2020-03-19,"Northumbria University, Newcastle upon Tyne, Tyne and Wear, NE1 8ST, United Kingdom",
NCT01375959,Pilot Study of Resveratrol in Older Adults With Impaired Glucose Tolerance,https://clinicaltrials.gov/study/NCT01375959,RSV,COMPLETED,"Resveratrol is a substance found in many plants, including grapes and red wine, which is widely used as a nutritional supplement. Studies in cells and lower animals show that resveratrol has many potential benefits, including prolonging lifespan, preventing cancer and heart disease and normalization of glucose metabolism. Although use of this agent shows great promise in the treatment and/or prevention of diabetes, there have been no studies reported to date in humans. As an initial step, this proposal is for a 6 week pilot study of resveratrol treatment in older adults with impaired glucose tolerance (IGT) in order to explore its effects on post-meal blood glucose metabolism. Preliminary studies will also be conducted to explore how resveratrol works by studying cellular function (in muscle samples obtained from study participants) and by testing resveratrol's effect on blood vessel function.",YES,Impaired Glucose Tolerance,DIETARY_SUPPLEMENT: resveratrol|DRUG: Placebo,"Post Meal Glucose Area Under the Curve, Glucose AUC following a standard mixed meal challenge AUC, Area Under a Curve. There are no ""normal ranges"" but a higher value is worse than a lower value., end of each of two 6 week treatment periods","Insulin Sensitivity Using a Modification of the Matsuda Index, Insulin sensitivity was measured from insulin and glucose levels obtained following standard meal challenge using a modification of the Matsuda index. This was calculated based on data obtained from a 75 g oral glucose tolerance test, as follows: 10,000 divided by the square root of {(fasting plasma glucose X fasting plasma insulin) (mean plasma glucose X mean plasma insulin)}. This is a unitless measure.

The Matsuda index is considered an early biomarker for metabolic dysregulation and is an effective clinical tool to define insulin sensitivity (i.e., the ability of tissues to respond to the signal of insulin) and secretory defects in individuals with impaired glucose homeostasis. The Matsuda index correlates strongly with the euglycemic insulin clamp which is a direct measure of insulin sensitivity. In the United States, it is recognized that participants who do not have insulin resistance have Matsuda Index values of \>=2.5., end of each of two 6 week treatment periods","Insulin Secretion, c-peptide deconvolution; HOMA-B, end of each of two 6 week treatment periods|Peripheral Microvascular Endothelial Function Via Reactive Hyperemia-Peripheral Arterial Tonometry (RH-PAT) Index, Reactive Hyperemia-Peripheral Arterial Tonometry (RH-PAT) index is the ratio of the average pulse amplitude in the posthyperemic phase divided by the average baseline amplitude, with normalization to the signal in the control arm to compensate for any systemic changes. RH-PAT is a non-invasive and user-independent technique used to assess peripheral microvascular endothelial function by measuring changes in digital pulse volume during reactive hyperemia. Lower RH-PAT scores are associated with flow mediated dilatation (FMD) and may predict mortality in subjects with cardiovascular (CV) risk factors including obesity, total/HDL cholesterol ratio, diabetes, smoking and dyslipidemia., end of each of two 6 week treatment periods|Number of Differentially Expressed Transcripts, Gene expression in skeletal muscle using RNASeq, end of each of two 6 week treatment periods",Albert Einstein College of Medicine,American Diabetes Association,ALL,"ADULT, OLDER_ADULT",NA,38,OTHER,INTERVENTIONAL,"Allocation: RANDOMIZED | Intervention Model: CROSSOVER | Masking: DOUBLE (PARTICIPANT, INVESTIGATOR) | Primary Purpose: TREATMENT",2010-398,2011-04,2014-04,2015-04,2011-06-20,2020-08-26,2022-10-26,"Albert Einstein College of Medicine of Yeshiva University, The Bronx, New York, 10461, United States",
NCT01476592,A Biological Study of Resveratrol's Effects on Notch-1 Signaling in Subjects With Low Grade Gastrointestinal Tumors,https://clinicaltrials.gov/study/NCT01476592,,COMPLETED,Resveratrol has been shown to activate a protein called Notch-1. Signaling of Notch-1 has been shown to prevent tumor cell growth. Resveratrol has also been shown to prevent growth of tumors in mice. The purpose of this study is to examine the effects of resveratrol and Notch-1 on neuroendocrine tumor tissue and to examine how people with neuroendocrine tumors who take resveratrol for up to three months tolerate the product.,NO,Neuroendocrine Tumor,DIETARY_SUPPLEMENT: Resveratrol,"Notch1 activation in post-treatment tumor biopsy specimens when compared to pretreatment levels, 1\. The investigators aim primarily to show that resveratrol therapy in patients with low-grade GI neuroendocrine tumors will significantly increase Notch1 activation in post-treatment tumor biopsy specimens when compared to pretreatment levels.

Endpoints: The primary endpoint will be the level of expression of full length Notch1, cleaved Notch1, HES-1, and ASCL-1, as measured by Western blot using quantitative densitometry. The pre-treatment and post-treatment biopsies will be processed and analyzed simultaneously so as to minimize inter-test variability., 1 year","Demonstrate that resveratrol at 5 gm per day will be well tolerated with minimal dose limiting toxicities in this patient population., Frequency of grade three or greater toxicities as defined by the NCI Common Toxicity Criteria., 1 year|Describe the effect of resveratrol on tumor growth as demonstrated by standard cross sectional imaging and tumor markers., The level of tumor markers (eg, chromogranin, 5-HIAA, gastrin, and others) pre-treatment will be compared to the post-treatment levels (collected every three months) as a measure of tumor response. In addition, serial axial imaging will be used to document tumor response rates according to standard Response Evaluation Criteria in Solid Tumors (RECIST)., 1 year",,"University of Wisconsin, Madison",,ALL,"ADULT, OLDER_ADULT",NA,7,OTHER,INTERVENTIONAL,Allocation: NA | Intervention Model: SINGLE_GROUP | Masking: NONE | Primary Purpose: TREATMENT,2011-0097|OS10325|2011-0097|A539740|SMPH\SURGERY\GEN SURG|NCI-2011-03685,2011-12,2013-10,2018-10-11,2011-11-22,,2019-11-18,"University of Wisconsin, Madison, Wisconsin, 53792, United States",
NCT02433925,Resveratrol's Effects on Inflammation and Oxidative Stress in Chronic Kidney Disease,https://clinicaltrials.gov/study/NCT02433925,,COMPLETED,"Inflammation and oxidative stress are common findings in patients with Chronic Kidney Disease (CKD) undergoing conservative treatment, in addition to being associated with atherosclerotic process, are related also to the progression of CKD. In this regard, resveratrol, a phenolic compound with recognized antioxidant and anti-inflammatory properties, can play an important role in the control of metabolic disorders associated with CKD, since it can modulate the mechanisms involved in inflammation and oxidative stress cycle. Resveratrol is capable of promoting the activation of the transcription-related factor-2 nuclear factor erythroid factor 2 (Nrf2) , a nuclear factor with anti-inflammatory properties, and SIRT-1, a protein also associated with the reduction of inflammation. These two factors, in their turn, are able to inhibit / antagonize the activity of the nuclear factor κB (NF-kB), a transcription factor that participates in the inflammatory response. Although it is a promising treatment, there are no studies evaluating the effects of resveratrol supplementation in patients with CKD. Thus, this study aims to evaluate the effects of resveratrol supplementation on inflammation and oxidative stress in patients undergoing conservative treatment of CKD.",NO,Chronic Renal Insufficiency,DIETARY_SUPPLEMENT: Resveratrol|DIETARY_SUPPLEMENT: Placebo,"Antioxidants and anti-inflammatory biomarkers, Get blood samples to evaluate the supplementation effects in antioxidants biomarkers (Nrf2, GPx, HO-1), 4 weeks","Inflammatory biomarkers, Get blood samples to evaluate the supplementation effects in inflammatory biomarkers (NFkB, IL-6, TNF-alfa), 4 weeks",,Universidade Federal Fluminense,,ALL,"ADULT, OLDER_ADULT",PHASE3,20,OTHER,INTERVENTIONAL,"Allocation: RANDOMIZED | Intervention Model: CROSSOVER | Masking: QUADRUPLE (PARTICIPANT, CARE_PROVIDER, INVESTIGATOR, OUTCOMES_ASSESSOR) | Primary Purpose: TREATMENT",DeniseMafra,2013-01,2014-01,2014-12,2015-05-05,,2015-05-05,,
NCT01638780,Resveratrol and Type 2 Diabetes,https://clinicaltrials.gov/study/NCT01638780,,UNKNOWN,"The main objective of the study is to investigate if resveratrol supplementation can improve overall and muscle-specific insulin sensitivity in type 2 diabetic patients.

As a secondary objective the investigators want to investigate whether the improved insulin sensitivity can be attributed to improved muscle mitochondrial oxidative capacity and a reduced intrahepatic and cardiac lipid content.",NO,Type 2 Diabetes,DIETARY_SUPPLEMENT: placebo|DIETARY_SUPPLEMENT: resveratrol,"insulin sensitivity (overall, muscle- and liver specific), 30 days after supplementation","muscle mitochondrial oxidative capacity, 30 days after supplementation|intramyocellular lipid content, 30 days after supplementation|intrahepatic lipid content, 30 days after supplementation|intracardiac lipid content, 30 days after supplementation|heart function, 30 days after supplementation",,Maastricht University Medical Center,dsm-firmenich Switzerland AG,MALE,"ADULT, OLDER_ADULT",NA,24,OTHER,INTERVENTIONAL,"Allocation: RANDOMIZED | Intervention Model: CROSSOVER | Masking: QUADRUPLE (PARTICIPANT, CARE_PROVIDER, INVESTIGATOR, OUTCOMES_ASSESSOR) | Primary Purpose: TREATMENT",11-3-092,2012-05,2014-09,2014-12,2012-07-12,,2014-09-04,"Maastricht University Medical Center, Maastricht, Limburg, 6200MD, Netherlands",
NCT07569744,Resveratrol for Endothelial Dysfunction and Metabolic Control in Type 2 Diabetes,https://clinicaltrials.gov/study/NCT07569744,RESENDO-DM2,COMPLETED,"Type 2 diabetes mellitus is associated with endothelial dysfunction, which contributes to increased cardiovascular risk. Chronic hyperglycemia induces oxidative stress and reduces nitric oxide bioavailability, leading to impaired endothelial function. Resveratrol, a natural polyphenol with antioxidant and anti-inflammatory properties, has been shown to improve endothelial function in experimental studies.

This randomized controlled trial aims to evaluate the effectiveness of resveratrol supplementation in improving endothelial dysfunction and metabolic control in patients with type 2 diabetes mellitus. Endothelial function will be assessed using flow-mediated dilatation (FMD) of the brachial artery and serum endothelial nitric oxide synthase (eNOS) levels. Metabolic parameters including fasting blood glucose, postprandial glucose, HbA1c, and lipid profile will also be evaluated.",NO,Type 2 Diabetes Mellitus|Endothelial Dysfunction,DRUG: Resveratrol|DRUG: Placebo,"Change in Flow-Mediated Dilatation (FMD) of the Brachial Artery, Flow-mediated dilatation (FMD) will be measured as the percentage change in brachial artery diameter using ultrasound before and after intervention., Baseline and 12 weeks|Change in Serum Endothelial Nitric Oxide Synthase (eNOS) Levels, Serum endothelial nitric oxide synthase (eNOS) levels will be measured to assess endothelial function before and after intervention., Baseline and 12 weeks","Change in Fasting Blood Glucose, Fasting blood glucose levels will be measured to assess glycemic control before and after intervention., Baseline and 12 weeks|Change in Postprandial Blood Glucose, Postprandial blood glucose levels will be measured to assess glycemic control before and after intervention., Baseline and 12 weeks|Change in Hemoglobin A1c (HbA1c), HbA1c levels will be measured to evaluate long-term glycemic control before and after intervention., Baseline and 12 weeks|Change in LDL Cholesterol, LDL cholesterol levels will be measured before and after intervention., Baseline and 12 weeks|Change in HDL Cholesterol, HDL cholesterol levels will be measured before and after intervention., Baseline and 12 weeks|Change in Triglyceride Levels, Triglyceride levels will be measured before and after intervention., Baseline and 12 weeks",,Universitas Sriwijaya,,ALL,"ADULT, OLDER_ADULT",NA,48,OTHER,INTERVENTIONAL,"Allocation: RANDOMIZED | Intervention Model: PARALLEL | Masking: QUADRUPLE (PARTICIPANT, CARE_PROVIDER, INVESTIGATOR, OUTCOMES_ASSESSOR) | Primary Purpose: TREATMENT",USriwijaya,2026-05-01,2026-06-01,2026-06-10,2026-05-06,,2026-06-16,"Universitas Sriwijaya, Palembang, South Sumatera, 30126, Indonesia",
NCT01794351,Cognitive Effects of 500mg Trans-resveratrol,https://clinicaltrials.gov/study/NCT01794351,,COMPLETED,"This study investigated the potentially cognitive enhancing effects of 500mg trans-resveratrol in healthy, young humans.",NO,Cognitive Performance|Mood,DIETARY_SUPPLEMENT: Trans-resveratrol|OTHER: Placebo,"Number of participants with altered cognitive function at 40mins post-dose, This outcome measure is assessed by the number of participants whose scores on a range of cognitive tasks (word and picture recall and recognition, serial 3s and 7s subtractions, rapid visual information processing (RVIP), N-Back (3-Back version), Stroop and numeric working memory) differed from the baseline to 40min post-dose scores., 40mins Post-dose|Number of participants with altered cognitive function at 2.5hrs post-dose, This outcome measure is assessed by the number of participants whose scores on a range of cognitive tasks (word and picture recall and recognition, serial 3s and 7s subtractions, rapid visual information processing (RVIP), N-Back (3-Back version), Stroop and numeric working memory) differed from baseline to the 2.5hr post-dose scores., 2.5hrs post-dose|Number of participants with altered cognitive function at 4hrs post-dose, This outcome measure is assessed by the number of participants whose scores on a range of cognitive tasks (word and picture recall and recognition, serial 3s and 7s subtractions, rapid visual information processing (RVIP), N-Back (3-Back version), Stroop and numeric working memory) differed from baseline to the 4hr post-dose scores., 4hrs post-dose|Number of participants with altered cognitive function at 6hrs post-dose, This outcome measure is assessed by the number of participants whose scores on a range of cognitive tasks (word and picture recall and recognition, serial 3s and 7s subtractions, rapid visual information processing (RVIP), N-Back (3-Back version), Stroop and numeric working memory) differed from baseline to the 6hr post-dose scores., 6hrs post-dose","Number of participants with altered mood at 40mins post-dose., This outcome was assessed by the number of participants whose baseline mood scores (as assessed by the Bond-Lader mood scale which categorises 'alert', 'content' and 'calm') differed from the 40mins post-dose scores., 40mins post-dose|Number of participants with altered mood at 2.5hrs post-dose, This outcome was assessed by the number of participants whose baseline mood scores (as assessed by the Bond-Lader mood scale which categorises 'alert', 'content' and 'calm') differed from the 2.5hrs post-dose scores., 2.5hrs post-dose|Number of participants with altered mood at 4hrs post-dose, This outcome was assessed by the number of participants whose baseline mood scores (as assessed by the Bond-Lader mood scale which categorises 'alert', 'content' and 'calm') differed from the 4hrs post-dose scores., 4hrs pos-dose|Number of participants with altered mood at 6hrs post-dose, This outcome was assessed by the number of participants whose baseline mood scores (as assessed by the Bond-Lader mood scale which categorises 'alert', 'content' and 'calm') differed from the 6hrs post-dose scores., 6hrs post-dose",,Northumbria University,,ALL,ADULT,NA,50,OTHER,INTERVENTIONAL,"Allocation: RANDOMIZED | Intervention Model: CROSSOVER | Masking: TRIPLE (PARTICIPANT, INVESTIGATOR, OUTCOMES_ASSESSOR) | Primary Purpose: BASIC_SCIENCE",22P5,2012-10,2012-12,2012-12,2013-02-18,,2013-02-18,"Brain performance and nutrition research centre, Northumbria university, Newcastle upon Tyne, Tyne and Wear, NE1 8ST, United Kingdom",
NCT03446625,Resveratrol as a Preventive Treatment of OHSS,https://clinicaltrials.gov/study/NCT03446625,RES-OHSS,COMPLETED,Evaluation of resveratrol treatment oh ovarian hyperstimulation syndrome in egg donors,NO,Infertility,DRUG: Resveratrol|DRUG: Placebo,"Serum VEGF levels, Serum determination of VEGF levels, 1 day","Hemoconcentration, Volume of red blood cells measured in percentage, 1 day|Serum estradiol levels, Serum determination of estradiol levels asessed in picograms per mililiter, 1 day|Ascitis, Volume of liquid in Douglas pouch asessed in mililiters, 1 day",,IVI Madrid,,FEMALE,ADULT,PHASE3,70,OTHER,INTERVENTIONAL,"Allocation: RANDOMIZED | Intervention Model: PARALLEL | Masking: DOUBLE (PARTICIPANT, INVESTIGATOR) | Primary Purpose: PREVENTION",1401-MAD-004-IO,2018-03-13,2018-10-01,2019-06-01,2018-02-27,,2019-08-20,"Ivi Madrid, Madrid, 28023, Spain",
NCT02475564,Resveratrol for Pain Due to Endometriosis,https://clinicaltrials.gov/study/NCT02475564,ResvEndo,COMPLETED,"This study aims to verify whether the use of 40 mg of resveratrol per day associated with monophasic contraceptive pill (levonorgestrel 0.15mg/ethinyl estradiol 0.03mg) reduces pelvic pain at the end of 2 months of treatment, compared to the use of the pill with placebo.",YES,Endometriosis,DRUG: Placebo|DRUG: Resveratrol,"Pain Scores Measured by VAS (Visual Analog Scale) at Day 42., Pain will be measured by VAS (visual analog scale) as baseline and at the end of the study, considering the last 7 days. VAS was used to measuring pain intensity, ranging continuously from 0 (no pain) to 10 (worst imaginable pain). The main outcome compared median pain levels between both arms on day 42., 42 days","Serum CA125 Levels at 42 Days, Serum levels of CA125 will be measured after 42 days of treatment in UI/mL. Median levels of CA125 were compared between both groups on day 42, and to baseline values (day 1)., 42 days|Serum Prolactin Levels at 42 Days, Serum levels of prolactin will be measured after 42 days of treatment. Median levels of prolactin were compared between both groups on day 42., 42 days",,Hospital de Clinicas de Porto Alegre,,FEMALE,ADULT,PHASE4,44,OTHER,INTERVENTIONAL,"Allocation: RANDOMIZED | Intervention Model: PARALLEL | Masking: TRIPLE (PARTICIPANT, CARE_PROVIDER, INVESTIGATOR) | Primary Purpose: TREATMENT",140626,2015-06,2015-11,2015-11,2015-06-18,2016-08-05,2016-10-14,"HCPA, Porto Alegre, Rio Grande do Sul, 90035-903, Brazil",
NCT03546075,The Impact of Acute Trans-resveratrol Administration on Whole Body Metabolism During Cognitive Demand.,https://clinicaltrials.gov/study/NCT03546075,,COMPLETED,"Background: Increased cerebral vaso-dilation during cognitive demand is hypothesised to improve cognitive performance due to an improved micronutrient status. Despite previous research demonstrating that oral resveratrol can modulate cerebral haemodynamics, this has not translated into expected improvements to cognitive performance in young, healthy populations. As the brain is the most metabolic organ in the body, even subtle changes to fuel utilization and overall energy expenditure are detectable during cognitive demand. The measurement of both overall energy expenditure and fuel utilization may provide further insight to the effects of resveratrol and whether oral supplementation of this polyphenol can provide clear, cognitive benefits in a young, healthy sample.

Objectives: The current study investigated the metabolic consequences of resveratrol on whole body metabolism and fuel oxidisation during cognitive performance.

Methods: This repeated measures, double blind, placebo controlled, balanced design required participants (N=24 for metabolic activity \& N=26 for cognitive outcomes) to complete a serial subtraction demand battery at baseline, 45 minutes, 2 and 3 hours following 500 mg, 250 mg trans-resveratrol or inert placebo, on three separate occasions whilst connected to an on-line gas analysis system.",NO,Cognitive Change,DIETARY_SUPPLEMENT: Resveratrol|OTHER: Placebo,"Cognitive performance, Participants completed three Serial subtraction tasks (Serial 3, 7 \& 17). Outcomes measured from all three of these tasks were the number correct entries and number of errors. The addition of the two outcomes can also provide a 'total' number of responses entered., 1 Hour|Whole body metabolism, Whole body energy expenditure was measured via indirect calorimetry and was reported in calories burned per minute (Kcal / min)., 1 Hour|Fuel Oxidisation, Fuel oxidation was measured via indirect calorimetry and examined the rate of carbohydrate and fat oxidisation (both in grams per minute (g / min))., 1 Hour","Pulmonary gases, An on-line gas analysis system was used to measure oxygen intake and carbon dioxide excretion (both in litres per minute (L / min)) from the participant's expired pulmonary air., 1 Hour",,Northumbria University,,ALL,ADULT,NA,27,OTHER,INTERVENTIONAL,"Allocation: RANDOMIZED | Intervention Model: CROSSOVER | Masking: DOUBLE (PARTICIPANT, INVESTIGATOR) | Primary Purpose: BASIC_SCIENCE",42BB1,2015-05-07,2015-12-18,2015-12-18,2018-06-06,,2018-06-06,,
NCT03866200,Resveratrol Trial for Relief of Pain in Pseudoachondroplasia,https://clinicaltrials.gov/study/NCT03866200,,TERMINATED,The purpose of this study is to determine if self-administered oral resveratrol can dampen joint pain for individuals with pseudoachondroplasia compared to placebo. Another goal of this study is to evaluate side effects in this population.,YES,Pseudoachondroplasia,DRUG: resveratrol|DRUG: Placebo,"Pain as Assessed by Numeric Pain Rating Scale, total score 0-10 with higher scores indicating greater pain, baseline, 30 days, 60 days, 90 days","Health Related Quality of Life Score (HRQoL) Assessed by 36-item Short Form Health Survey Short Form-36 (SF-36), total score 0-100 with higher scores indicating better outcome, baseline, 30 days, 60 days, 90 days",,"The University of Texas Health Science Center, Houston",,ALL,"ADULT, OLDER_ADULT",PHASE2,6,OTHER,INTERVENTIONAL,"Allocation: RANDOMIZED | Intervention Model: CROSSOVER | Masking: TRIPLE (PARTICIPANT, INVESTIGATOR, OUTCOMES_ASSESSOR) | Primary Purpose: TREATMENT",HSC-MS-17-0573,2019-06-29,2020-10-28,2020-10-28,2019-03-07,2022-12-09,2022-12-09,"University of Texas Health Science Center, Houston, Texas, 77030, United States","Study Protocol and Statistical Analysis Plan, https://cdn.clinicaltrials.gov/large-docs/00/NCT03866200/Prot_SAP_000.pdf"
NCT01364961,Resveratrol and Serum Apo A-I,https://clinicaltrials.gov/study/NCT01364961,,COMPLETED,"Although much effort has been done to lower LDL-cholesterol concentrations, there is still a substantial risk for cardiovascular disease (CVD). Another strategy to lower the risk for CVD is elevating the HDL-cholesterol (HDL-C). Both in vitro and in vivo studies showed that elevating HDL-C or apolipoprotein A-I (Apo A-I) levels protect against CVD. However, despite many initiatives, no new widely applicable intervention strategies with proven efficacy have been developed.

Epidemiologic studies have shown that a higher polyphenol intake is associated with a lower risk for CVD. Resveratrol, a polyphenol, could, through several beneficial mechanisms, exert a positive effect on formation of atherosclerotic plaques and thus on developing CVD. It has been shown in animals that resveratrol elevates PPAR-alpha activity. This may lead to elevated apo A-I and HDL-C levels in the blood. However, these effects are not shown in human intervention studies.",NO,Dyslipidemia,DIETARY_SUPPLEMENT: Resveratrol capsules,"ApoA-I level, Measured at baseline, after 4 weeks, 8 weeks and 12 weeks","Endothelial function and arterial stiffness, Measured in weeks 4 and 12|Endothelial function of the retinal microvasculature, Measured in weeks 4 and 12|Lipid and glucose metabolism during the fasting and postprandial phase, Measured at baseline, after 4 weeks, 8 weeks and 12 weeks|biomarkers for low-grade systemic inflammation and endothelial function, Measured at baseline, after 4 weeks, 8 weeks and 12 weeks",,Maastricht University Medical Center,dsm-firmenich Switzerland AG,ALL,"ADULT, OLDER_ADULT",NA,50,OTHER,INTERVENTIONAL,"Allocation: RANDOMIZED | Intervention Model: CROSSOVER | Masking: TRIPLE (PARTICIPANT, INVESTIGATOR, OUTCOMES_ASSESSOR) | Primary Purpose: BASIC_SCIENCE",MEC 10-3-054,2011-01,2012-12,2013-08,2011-06-03,,2013-11-13,"Maastricht University Medical Center, Maastricht, Netherlands",
NCT01593605,Resveratrol-Leucine Metabolite Synergy in Pre-diabetes,https://clinicaltrials.gov/study/NCT01593605,,COMPLETED,"The study will evaluate the effects of resveratrol/leucine and resveratrol/HMB for their ability to control glucose levels in persons without diabetes but with impaired fasting glucose. Secondary assessments will examine the effect of these nutritional supplements versus placebo on inflammation, fasting lipids, HbA1C, and fructosamine, longer term metabolic markers of risk in diabetes.",NO,Impaired Glucose Tolerance,DIETARY_SUPPLEMENT: Resveratrol|DIETARY_SUPPLEMENT: resveratrol /HMB|OTHER: Placebo treatment,"Glucose Control, We will evaluate the effects of resveratrol/leucine and resveratrol/HMB for their ability to control glucose levels in persons without diabetes but with impaired fasting glucose, 28 days","Metabolic Markers, Secondary assessments will examine the effect of these nutritional supplements versus placebo on inflammation, fasting lipids, HbA1C, and fructosamine, longer term metabolic markers of risk in diabetes, 28 days",,Vanderbilt University,"Nutraceutical Discoveries, Inc.",ALL,ADULT,NA,36,OTHER,INTERVENTIONAL,"Allocation: RANDOMIZED | Intervention Model: PARALLEL | Masking: DOUBLE (PARTICIPANT, INVESTIGATOR) | Primary Purpose: TREATMENT",KNIS-NCI,2012-02,2013-06,2013-06,2012-05-08,,2013-09-20,"Facility: Vanderbilt University, Nashville, Tennessee, 37232, United States",
NCT00098969,UMCC 2003-064 Resveratrol in Preventing Cancer in Healthy Participants,https://clinicaltrials.gov/study/NCT00098969,IRB 2004-535,COMPLETED,"RATIONALE: Chemoprevention is the use of certain drugs to keep cancer from forming, growing, or coming back. The use of resveratrol may prevent cancer.

PURPOSE: This phase I trial is studying the side effects and best dose of resveratrol in preventing cancer in healthy participants.",NO,"Unspecified Adult Solid Tumor, Protocol Specific",DRUG: resveratrol,,,,National Cancer Institute (NCI),,ALL,"ADULT, OLDER_ADULT",PHASE1,40,NIH,INTERVENTIONAL,Masking: NONE | Primary Purpose: PREVENTION,CDR0000396464|P30CA046592|CCUM-2004-0535|CCUM-2062,2004-09,,,2004-12-09,,2012-12-17,"University of Michigan Comprehensive Cancer Center, Ann Arbor, Michigan, 48109-0942, United States|Leicester Royal Infirmary, Leicester, England, LE2 7LX, United Kingdom",
NCT01997762,Can Resveratrol Improve Insulin Sensitivity and Preserve Beta Cell Function Following Gestational Diabetes?,https://clinicaltrials.gov/study/NCT01997762,,UNKNOWN,The purpose of this study is to determine if resveratrol supplementation preserves beta cell function and insulin sensitivity in post-partum women following a first diagnosis of gestational diabetes. We hypothesize that daily supplementation with resveratrol will preserve beta cell function and insulin sensitivity.,NO,Gestational Diabetes,DIETARY_SUPPLEMENT: Resveratrol|DIETARY_SUPPLEMENT: Placebo,"Change in beta cell function, Beta cell function will be assessed by calculating the Insulin Secretion Sensitivity Index-2, a ratio of the area under the curve (AUC) for glucose and the AUC for insulin after an oral glucose tolerance test., baseline and 3 months after intervention","recruitment rates, recruitment rates will be followed throughout the recruitment phase, which is expected to take 2 years maximum|treatment adherence, 3 months after intervention|Change in insulin sensitivity, Insulin sensitivity will be assessed by calculating the homeostasis model of assessment of insulin resistance (HOMA-IR)., baseline and 3 months after intervention","change in liver function, liver function will be assessed by measuring plasma concentrations of alanine aminotransferase, aspartate aminotransferase, gamma glutamyltransferase, total bilirubin and conjugated bilirubin., baseline and 3 months after intervention|change in C-reactive protein, baseline and 3 months after intervention|change in glycated hemoglobin, baseline and 3 months after intervention|change in serum lipids, baseline and 3 months after intervention|change in plasma levels of resveratrol and resveratrol metabolites, baseline and 3 months after intervention",University of Manitoba,Manitoba Institute of Child Health,FEMALE,ADULT,PHASE4,112,OTHER,INTERVENTIONAL,"Allocation: RANDOMIZED | Intervention Model: PARALLEL | Masking: TRIPLE (PARTICIPANT, INVESTIGATOR, OUTCOMES_ASSESSOR) | Primary Purpose: PREVENTION",B2013:151,2014-05,2015-12,2016-12,2013-11-28,,2014-05-12,"Manitoba Institute of Child Health, Winnipeg, Manitoba, R3E 3P4, Canada",
NCT01914081,"Resveratrol: A Potential Anti- Remodeling Agent in Heart Failure, From Bench to Bedside",https://clinicaltrials.gov/study/NCT01914081,RES-HF,UNKNOWN,"The purpose of this study is to determine if resveratrol can improve heart function and quality of life. Although, population studies have revealed that a mild to moderate intake of red wine reduces cardiovascular disease risk in humans, clinical studies that evaluate the potential heart benefits of resveratrol in patients with non-ischemic cardiomyopathy have not been previously reported. Accordingly, this research is being done because it will fill this deficiency in the information available in the literature and establish the clinical benefits of resveratrol in patients with this type of heart disease.",NO,Dilated Cardiomyopathy,OTHER: Resveratrol|OTHER: Placebo,"Quality of life, Measured by Minnesota living with heart failure score, 12 months|Cardiac Function, Echocardiography, 12 months","Oxidative Stress, Measurement of oxidative stress using the Oxiselect TBARS Assay., 12 Months|Total Antioxidant Status, Measurement of total antioxidant status (TAS) level., 12 Months|Inflammatory Marker Measurements, Inflammatory markers will be measured by plasma levels of interleukin 6 (IL6) and tumor necrosis factor (TNF)., 12 Months|Nitric Oxide Determination, Total nitric oxide levels will be measured., 12 Months",,St. Boniface Hospital,Canadian Centre for Agri-Food Research in Health and Medicine|Agriculture and Agri-Food Canada|Manitoba Medical Service Foundation,ALL,"ADULT, OLDER_ADULT",PHASE3,40,OTHER,INTERVENTIONAL,"Allocation: RANDOMIZED | Intervention Model: PARALLEL | Masking: DOUBLE (PARTICIPANT, INVESTIGATOR) | Primary Purpose: TREATMENT",CTA/2012/0002|RRC/2011/1169,2018-10-09,2019-11,2020-11,2013-08-01,,2018-11-14,"St. Boniface General Hospital, Winnipeg, Manitoba, R2H 2A6, Canada",
NCT03541993,"The Cerebral Hemodynamic and Cognitive Effects of Acute Resveratrol Administration in Young, Healthy Adults at Stimulated Altitude.",https://clinicaltrials.gov/study/NCT03541993,,COMPLETED,"Background: Vaso-active polyphenols have been proposed to enhance cognitive performance. Oral administration with the non-flavonoid polyphenol, resveratrol, has been found to modulate cerebral blood flow (CBF); yet, this has not resulted in subsequent predicted benefits to cognitive performance in young, healthy samples. It has been argued that ageing populations who are noted suffer a reduction in CBF and cognition, may possess the subtle deficits to benefit from resveratrol administration. The use of hypoxia has been previously tested by this research group to mimic the decrease in cognitive functioning associated with ageing.

Objectives: The current investigation aimed to further assess if a reduced fraction of inspired oxygen (12.7% FiO2) could provide an experimental model of aging in a young, healthy sample. Moreover, the current study also aimed to assess if resveratrol can attenuate the deficits elicited by the reduction in oxygen supply via increased CBF.

Design: This repeated measures, double blind, placebo controlled, balanced design assessed the cognitive and CBF effects of resveratrol in hypoxia (equivalent to 4000 m above sea level) and normoxia (sea level).

Methods: Twenty-four participants arrived fully fasted (except water) for 12 hours before completing a baseline measure of a cognitive task battery, and taking the treatment for the day (either 500 mg resveratrol or inert placebo). Following a 45 min absorption period, participants completed 3 full repetitions of a cognitive test battery. Changes in cerebral hemodynamics were measured by near-infrared spectroscopy throughout the full testing session.",NO,"Hypoxia, Altitude|Brain",DIETARY_SUPPLEMENT: Resveratrol|OTHER: Placebo,"Cerebral blood flow, Cerebral heamodynamic response (of the prefrontal cortex) was measured at rest and during task performance. The outputs measured here were: oxygenated and deoxygenated haemoglobin concentrations. The addition of these two outputs can also detail total haemoglobin, a proxy for cerebral blood flow. All outputs were reported as concentration change in μmol / L., 2 hours|Cognitive performance, Participants completed a number of tasks to measure cognitive performance (as represented by the three main cognitive domains impacted by hypoxia (Memory, Speed of Attention, \& Accuracy of Attention)), as part of a 15-minute cognitive battery. Cognitive tasks were scored for accuracy of responses (% correct) and the reaction time to respond to each correct response (in milliseconds (ms)). With the exception of the memory tasks which were scored for the number of correct responses and for the number error responses. Scores across the multiple cognitive tasks were combined to represent the three overall cognitive domains outlined above., 1 hour",,,Northumbria University,,ALL,ADULT,NA,24,OTHER,INTERVENTIONAL,"Allocation: RANDOMIZED | Intervention Model: CROSSOVER | Masking: DOUBLE (PARTICIPANT, INVESTIGATOR) | Primary Purpose: BASIC_SCIENCE",42AX2,2016-06-07,2016-12-22,2016-12-22,2018-05-31,,2018-05-31,,
NCT03448094,"The Effects of Resveratrol Supplementation on Cognition, Cerebral Blood Flow, Microbiota and Systemic Inflammation.",https://clinicaltrials.gov/study/NCT03448094,,COMPLETED,"Previous research shows that a diet high in fat has harmful effects on gut health. This increases the chance of developing obesity-related diseases (such as type 2 diabetes) and disrupts cognition and mood.

Research has suggested that gut health can be improved by taking certain supplements, including resveratrol (a polyphenol found primarily in red grape skins). Resveratrol has also been shown to improve brain blood flow and possibly brain function - however, there is limited research studying this.

This study will investigate the effects of 12 weeks daily consumption of resveratrol on cognitive function, cerebral blood flow, gut microbiota and systemic inflammation in overweight and obese healthy adults.",NO,Cognitive Function and Mood|Cerebral Blood Flow|Systemic Inflammation|Gut Microbiota|Overweight and Obesity,DIETARY_SUPPLEMENT: Resveratrol|DIETARY_SUPPLEMENT: Placebo,"Change from baseline cognitive (memory) performance at 45 minutes, 240 minutes and 12 weeks post dose, Memory performance will be assessed using a computerised cognitive battery (administered using COMPASS cognitive assessment program). Memory will be assessed using 3 global measures (Working memory, speed of memory and episodic memory). The global measures are created by taking data from several tasks targeting that cognitive domain. Working memory: a combined accuracy score (% correct) from the tasks: numeric working memory (NWM), serial 3's subtractions (SS3), serial 7's subtractions (SS7) and rapid visual information processing (RVIP). Speed of memory: a combined speed score (msecs) from tasks NWM, delayed name to face recall, delayed picture recognition and delayed word recognition. Episodic memory: a combined accuracy score (% correct) from tasks immediate word recall, delayed word recall, delayed name to face recall, delayed picture recognition, delayed word recognition., 45 minutes, 240 minutes, 12 weeks|Change from baseline cognitive (Attention) performance at 45 minutes, 240 minutes and 12 weeks post dose, Attention performance will be assessed using a computerised cognitive battery (administered using COMPASS cognitive assessment program). Attention will be assessed using 2 global measures (Accuracy of Attention and Speed of Attention). Accuracy of Attention: accuracy score (% correct) from choice reaction time task. Speed of attention: speed score (msecs) taken from choice reaction time task., 45 minutes, 240 minutes, 12 weeks|Gut microbiota, Changes in gut microbiota communities, quantified using 16S ribosomal ribonucleic acid (rRNA) gene community analysis., 12 weeks|Change from baseline systemic inflammatory cytokines, Inflammatory cytokines (including C-reactive protein and Interleukin-6) will be measured in plasma using ELISA analysis, in association with other endpoints including resveratrol metabolites., 5 hours, 12 weeks|Change from baseline urinary and plasma metabolome, Changes in plasma and urinary metabolome will be profiled using a Thermo Q-Exactive liquid chromatography/mass spectrometry spectrometer and data analysed using Progenesis QI., 12 weeks|Change from baseline total haemoglobin cerebral blood flow (CBF) measurement, CBF of the frontal cortex measured using quantitative near infrared spectroscopy (q-NIRS)., 115-190 minutes, 12 weeks|Change from baseline deoxygenated haemoglobin CBF measurement, CBF of the frontal cortex measured using qNIRS., 115-190 minutes, 12 weeks|Change from baseline oxygen saturation CBF measurement, CBF of the frontal cortex measured using qNIRS., 115-190 minutes, 12 weeks","Change from baseline Blood Pressure, Systolic and diastolic blood pressure will be taken after each cognitive assessment (measured in mm Hg)., 45 minutes, 240 minutes, 12 weeks|Change from baseline Heart Rate, Heart rate will be measured after each cognitive assessment (measured in BPM)., 45 minutes, 240 minutes, 12 weeks|Change from baseline subjective mood score, Subjective mood scores will be measured using the Profile of Mood scale. The questionnaire includes 65 items and participants rate their mood on a scale of 0-4 (not at all - extremely). These scores are collapsed into 6 mood outcomes (Tension, depression, anger, vigour, fatigue and confusion) and a total mood disturbance score., 240 minutes, 12 weeks|Weight change and BMI, Change in weight and BMI between visits, 12 weeks",,Northumbria University,Evolva SA,ALL,ADULT,NA,110,OTHER,INTERVENTIONAL,"Allocation: RANDOMIZED | Intervention Model: PARALLEL | Masking: DOUBLE (PARTICIPANT, INVESTIGATOR) | Primary Purpose: OTHER",52P6,2018-02-06,2019-07-13,2019-07-13,2018-02-27,,2020-03-17,"Northumbria University, Newcastle upon Tyne, Tyne and Wear, NE1 8ST, United Kingdom",
NCT04258306,Pilot Study to Evaluate the Plasma Profile of Revifast,https://clinicaltrials.gov/study/NCT04258306,,COMPLETED,"The purpose of this study is to evaluate in 6 subjects aged between 18 and 60 years the peak blood (plasma profile) of two formulations, indistinguishable from each other, containing:

A) 180 mg natural Resveratrol (Polygonum cuspidatum 98%) B) 180 mg of Revifast® (resveratrol from supported on Magnesium hydroxide).",NO,Nutrient; Excess|Product Use Issue,DIETARY_SUPPLEMENT: Revifast|DIETARY_SUPPLEMENT: pure resveratrol,"Evaluate the plasma concentration (micromolar concentration) of free resveratrol after administration of a tablet containing 150mg of resveratrol in either the Resv@MDH form or pure resveratrol dissolved in water., Analysis of the peak plasmatic profile of resveratrol in venous blood samples at specific time intervals and after administration of a tablet dissolved in water of two different formulations based on resveratrol. Timing of blood samples: (fasting before administration), 15 min, 30 min, 60 min, 90 min, 120 min, 180 min after oral administration. Samples of blood will be analyzed for pharmacological and metabolomic analysis of resveratrol and evaluate the concentration of resveratrol (micro molar) using a mass spectrometer., 2 days",,,Bernard Fioretti,,MALE,ADULT,NA,6,OTHER,INTERVENTIONAL,Allocation: RANDOMIZED | Intervention Model: CROSSOVER | Masking: SINGLE (PARTICIPANT) | Primary Purpose: BASIC_SCIENCE,RVF01,2017-10-01,2017-11-20,2019-04-01,2020-02-06,,2020-04-24,"Deparment of Chemistry, Biology and Biotechnology, Perugia, PG, 06131, Italy",
NCT02246660,RESveratrol To Improve Outcomes in oldeR pEople With PAD (the RESTORE Trial),https://clinicaltrials.gov/study/NCT02246660,RESTORE,COMPLETED,"The RESTORE trial will determine whether resveratrol supplementation can improve walking performance in older people with lower extremity peripheral arterial disease (PAD). Resveratrol, a polyphenol and natural supplement, specifically targets several impairments associated with walking difficulty and mobility loss in people with PAD.",YES,Peripheral Arterial Disease,DRUG: Resveratrol|DRUG: Placebo,"6-Minute Walk Distance, Meters, Six month changes in 6-Minute Walk Distance (meters) in response to resveratrol therapy in patients with Peripheral Artery Disease were measured., Baseline and 6 month follow-up",,,Northwestern University,National Institute on Aging (NIA),ALL,OLDER_ADULT,NA,66,OTHER,INTERVENTIONAL,"Allocation: RANDOMIZED | Intervention Model: PARALLEL | Masking: DOUBLE (PARTICIPANT, INVESTIGATOR) | Primary Purpose: TREATMENT",1R21AG047510-01|R21AG047510,2015-01,2016-07,2016-09,2014-09-23,2018-04-30,2018-04-30,"Northwestern University Feinberg School of Medicine, Chicago, Illinois, 60611, United States",
NCT03597568,Resveratrol and Vascular Function in CKD,https://clinicaltrials.gov/study/NCT03597568,,COMPLETED,The proposed research is clinical study evaluating the therapeutic benefits of resveratrol on vascular function in patients with chronic kidney disease (CKD). The study aims to establish that resveratrol will improve endothelial function and functional performance by reducing oxidative stress and in conjunction with lowering markers of inflammation and oxidative stress.,YES,Chronic Kidney Diseases|Endothelial Dysfunction,DIETARY_SUPPLEMENT: Resveratrol|OTHER: Placebo,"% Change of Brachial Artery Flow-mediated Dilation, Brachial artery flow-mediated dilation, dilation of the brachial artery in response to shear stress.

Resveratrol first, then placebo:

Baseline to 6 weeks on Resveratrol Minimum 2 week washout Baseline to 6 week on placebo

Placebo first, then resveratrol:

Baseline to 6 weeks on placebo Minimum washout 2 weeks Baseline to 6 weeks on resveratrol, First Baseline measurement to 6 weeks then Second baseline to 6 weeks","Change in oxLDL, Oxidized low density lipoprotein- (LDL) cholesterol Compare the 6 weeks change from baseline with resveratrol versus placebo, 6 weeks",,Diana Jalal,,ALL,"ADULT, OLDER_ADULT",NA,25,OTHER,INTERVENTIONAL,"Allocation: RANDOMIZED | Intervention Model: CROSSOVER | Masking: QUADRUPLE (PARTICIPANT, CARE_PROVIDER, INVESTIGATOR, OUTCOMES_ASSESSOR) | Primary Purpose: TREATMENT",201806073,2019-01-01,2023-01-12,2023-01-12,2018-07-24,2024-11-01,2024-11-01,"University of Iowa Hospitals and Clinics, Iowa City, Iowa, 52245, United States","Study Protocol and Statistical Analysis Plan, https://cdn.clinicaltrials.gov/large-docs/68/NCT03597568/Prot_SAP_000.pdf"
NCT06961279,Resveratrol Stimulates Insulin Sensitivity in Subjects With Obesity and Insulin Resistance,https://clinicaltrials.gov/study/NCT06961279,,COMPLETED,"There is evidence that resveratrol can improve insulin resistance in rodents and humans with obesity and it can also improve muscle mitochondrial content mediated through activation of AMPK. However, little is known if this improvement is associated with changes in the gut microbiota and how gut microbiota is associated with serum metabolites after consumption of resveratrol. In the present study, the investigators show that the consumption of resveratrol for 2 months could influence insulin sensitivity in subjects with obesity. This effect will be accompanied by a modification of the microbiota taxonomy and the metabolites derived from this. Consequently, there will be a reduction in metabolic endotoxemia accompanied by an increase in AMP-activated protein kinase (AMPK) phosphorylation and the expression of genes of mitochondrial biogenesis in skeletal muscle.",NO,Obesity,DIETARY_SUPPLEMENT: Resveratrol|DIETARY_SUPPLEMENT: Placebo,"Insulin sensitivity, Measurement of insulin by an oral glucose tolerance test., Baseline to 2 months","Fecal microbiota, Composition, abundance and diversity of fecal microbiota by sequencing 16s rRNA gene, Baseline to 2 months|Glucose metabolism profile, Serum glucose (mg/dL), Baseline to 2 months|Insulin (µUI/ml), Serum insulin, Baseline to 2 months|Triglycerides, serum triglycerides (mg/dL), Baseline to 2 months|Total cholesterol, serum total cholesterol (mg/dL), Baseline to 2 months|LDL cholesterol, serum LDL cholesterol (mg/dL), Baseline to 2 months|HDL cholesterol, serum HDL cholesterol (mg/dL), Baseline to 2 months|Antioxidant profile, Serum malondialdehyde (MDA) (nmol/mL), Baseline to 2 months|Body weight, body wight (kg), Baseline to 2 months|Blood pressure, blood pressure (mmHg), Baseline to 2 months|Change in PGC1α content, Measure of PGC1α protein content in skeletal muscle tissue taken by biopsy, Through study completion, an average of 2 months|Change in AMPK content, Measure of AMPK protein content in skeletal muscle tissue taken by biopsy, Through study completion, an average of 2 months|Succinate dehydrogenase, Fold change in succinate dehydrogenase activity in skeletal muscle tissue taken by biopsy, Through study completion, an average of 2 months",,Instituto Nacional de Ciencias Medicas y Nutricion Salvador Zubiran,,ALL,ADULT,NA,38,OTHER,INTERVENTIONAL,"Allocation: RANDOMIZED | Intervention Model: PARALLEL | Masking: DOUBLE (PARTICIPANT, INVESTIGATOR) | Primary Purpose: TREATMENT",1099A,2013-09-15,2017-12-15,2018-12-01,2025-05-07,,2025-05-13,"Instituto Nacional de Ciencias Médicas y Nutrición Salvador Zubiran, Mexico City, Mexico",
NCT02261844,Resveratrol and Human Hepatocyte Function in Cancer,https://clinicaltrials.gov/study/NCT02261844,,WITHDRAWN,"The purpose of this study is to determine if Resveratrol, a nutritional supplement, shows a beneficial effect in the cellular function of normal liver cells and diseased liver cells (cancer cells) in samples of liver tissue taken during elective liver surgery. Outcomes based on 3 measures will test the hypothesis that Resveratrol when used as a nutritional supplement will 1)improve metabolic function in liver cells, 2)reduce cellular growth and proliferation of cancer cells, 3)decrease inflammation in the liver.",NO,Liver Cancer,DIETARY_SUPPLEMENT: Resveratrol|DRUG: Placebo,"Improved metabolic profile of liver cells, This outcome is a composite outcome and will be measured by assessing expression of multiple signaling proteins that are important in hepatic cell metabolism such as Akt, p38, Mitogen Activated Kinases, and Adenosine Monophosphate-activated Kinase (AMPK) and expression of gluconeogenic proteins such as Phosphoenolpyruvate carboxykinase (PEPCK)., 36 months","Decreased cell growth and proliferation, This outcome is a composite outcome of cellular pathways important in cancer cell replication. This will be measured by the expression of genes and proteins that regulate hepatic cell growth/cell survival such as cyclin gene expression, expression of the tumor suppressor p53, and expression of apoptosis proteins Bcl-2 and Bcl-xl., 36 months|Decreased hepatic inflammation, This outcome will be a composite outcome of pathways that regulate both cancer cell growth and inflammation. It will be measured by levels of genes and proteins for nitric oxide synthase, cytokines such as interleukin-6, and Nuclear Factor-kappa B signaling proteins., 36 months",,University of Louisville,,ALL,"ADULT, OLDER_ADULT",PHASE1|PHASE2,0,OTHER,INTERVENTIONAL,Allocation: RANDOMIZED | Intervention Model: PARALLEL | Masking: SINGLE (PARTICIPANT) | Primary Purpose: BASIC_SCIENCE,ResveraCA,2015-12,2016-06,2016-06,2014-10-10,,2017-03-30,"University of Louisville, Louisville, Kentucky, 40202, United States",
NCT02030977,The Effects of Resveratrol Supplement on Biochemical Factors and Hepatic Fibrosis in Patients With Nonalcoholic Steatohepatitis,https://clinicaltrials.gov/study/NCT02030977,,COMPLETED,"To study the effects of Resveratrol supplement on lipid profile, liver enzymes, inflammatory factors and hepatic fibrosis in patients with Nonalcoholic Fatty Liver (NAfLD), 50 patients who referred to Gastrointestinal (GI) clinic with steatosis grade 1 or more will be randomly allocated to receive 1 Resveratrol capsules or placebos for 12 weeks; both groups will be advised to adherence our diet and exercise program too. At the first and the end of the intervention, lipid profiles, liver enzymes, some inflammatory cytokines, and liver fibrosis will be assessed and compared between groups.",NO,Non Alcoholic Fatty Liver,DIETARY_SUPPLEMENT: Resveratrol|OTHER: placebo,"Alaninaminotransferase(ALT), 12 weeks",,,Dr Azita Hekmatdoost,,ALL,"ADULT, OLDER_ADULT",PHASE2|PHASE3,50,OTHER,INTERVENTIONAL,"Allocation: RANDOMIZED | Intervention Model: PARALLEL | Masking: QUADRUPLE (PARTICIPANT, CARE_PROVIDER, INVESTIGATOR, OUTCOMES_ASSESSOR) | Primary Purpose: TREATMENT",046468,2012-06,2013-02,2013-03,2014-01-09,,2014-01-09,,
NCT01714102,Resveratrol and the Metabolic Syndrome,https://clinicaltrials.gov/study/NCT01714102,,COMPLETED,"Metabolic syndrome is a serious health condition that affects about 35 percent of adults and places them at higher risk of cardiovascular disease, diabetes, stroke and diseases related to fatty buildups in artery walls. The underlying causes of metabolic syndrome are obesity, being overweight, physical inactivity and genetic factors. In recent decades, the prevalence has increased dramatically in the United States. Lifestyle interventions including dietary modification, physical activity and weight loss form the basis of treatment for these patients. However, research has shown that even when people are able to incorporate these changes, they often revert back to their usual lifestyle resulting in weight gain and continued risk for diabetes and heart disease.

Resveratrol, a natural plant derived compound found in grapes, peanuts and red wine, has been found to reverse some of the features of the metabolic syndrome (insulin resistance, high triglycerides, high blood pressure) in rodents. These improvements occurred without weight loss, and were proven to be a direct result of resveratrol ingestion. Other studies reveal improvement in cardiovascular health, tumor suppression, and longevity. However, there are few studies investigating these beneficial effects in humans. Investigators propose to prove that resveratrol, administered to subjects with the metabolic syndrome, under controlled conditions of weight stability, common diet, and strict compliance with the study drug, will improve the symptoms of the metabolic syndrome, thereby decreasing the chance of developing diabetes or heart disease.",NO,Obesity|Insulin Resistance|Metabolic Syndrome,DIETARY_SUPPLEMENT: Placebo|DIETARY_SUPPLEMENT: Resveratrol,"Reduction in Insulin resistance, Investigators anticipate resveratrol will have positive effect (ie reduction) on Insulin resistance as determined by Euglycemic hyperinsulinemic clamp, Days 4-8 and Days 31-35","Reduction in serum cytokines/chemokines, Investigators anticipate resveratrol will have positive effect (ie reduction) on Serum cytokines/chemokines: IL6, IL10, TNFalpha, hsCRP, leukocytes, PAI-1, fibrinogen, adiponectin, MCP-1,GLP-1, leptin, insulin, serum endotoxins, Days 4-8 and Days 31-35|Reduction in blood pressure measurements, 24 hour systolic blood pressure measurements, Days 4-8 and Days 31-35|Reduction lipid values, Lipid values to be reviewed: cholesterol, LDL, HDL, TG, Days 4-8 and Days 31-35|Reduction in crown like structures and adipose tissue mass, Crown like structures in adipose tissue, and adipose tissue mass, Days 4-8 and Days 31-35|Changes in HOMA-IR, Changes in 2 hr oral glucose tolerance test HOMA-IR, Days 4-8 and Days 31-35|Changes in gene expression in adipose tissue, Changes in RNA sequencing of adipose tissue, Days 4-8 and Days 31-35|Changes in gene expression in stool, Changes in microbiome and RNA gene expression in stool samples, Days 4-8 and Days 31-35",,Rockefeller University,,MALE,ADULT,NA,28,OTHER,INTERVENTIONAL,"Allocation: RANDOMIZED | Intervention Model: PARALLEL | Masking: DOUBLE (PARTICIPANT, INVESTIGATOR) | Primary Purpose: TREATMENT",JWA-0786,2012-10,2015-08,2018-07,2012-10-25,,2018-10-24,"The Rockefeller University, New York, New York, 10065, United States",
NCT01464801,Resveratrol in Patients With Non-alcoholic Fatty Liver Disease,https://clinicaltrials.gov/study/NCT01464801,LIRMOI3,COMPLETED,"Non-alcoholic fatty liver disease (NAFLD) and fatty liver hepatitis (NASH) are very common in the Western world and strongly associated with obesity. No known effective treatment is known. From animal studies, it is known that the compound resveratrol perhaps has the potential to neutralize obesity-induced diseases. Resveratrol is already widely used as a food supplement though the precise effects are unknown. This project focuses on the effect of Resveratrol on fatty liver disease. The researchers plan to investigate the effects of Resveratrol or placebo treatment for 6 months on NAFLD/NASH in obese patients.",NO,Fatty Liver,DIETARY_SUPPLEMENT: Resveratrol|DIETARY_SUPPLEMENT: Placebo,"Change in hepatic steatosis and inflammation, Changes in hepatic and inflammatory markers ind the blood such as ALT, hs-CRP, TNFa Changes in hepatic fat content, assessed by MR spectroscopy Changes in hepatic steatosis and inflammation, assessed histologically Changes in the expression of proteins in the relevant inflammatory pathways, assessed by gene expression studies, 6 months","Assessment of tolerability and side-effects, Assessment of tolerability and side-effects of Resveratrol versus placebo, 6 months",,University of Aarhus,"The Ministry of Science, Technology and Innovation, Denmark|Aarhus University Hospital",ALL,"ADULT, OLDER_ADULT",NA,28,OTHER,INTERVENTIONAL,"Allocation: RANDOMIZED | Intervention Model: PARALLEL | Masking: QUADRUPLE (PARTICIPANT, CARE_PROVIDER, INVESTIGATOR, OUTCOMES_ASSESSOR) | Primary Purpose: TREATMENT",LIRMOI 3,2011-09,2015-02,2015-06,2011-11-04,,2015-06-15,"Aarhus University Hospital, Dept. of Hepatology and Gastroentology, Aarhus, 8000, Denmark",
NCT01640197,Chronic Resveratrol Supplementation in Healthy Humans,https://clinicaltrials.gov/study/NCT01640197,,COMPLETED,"The effects of chronic resveratrol supplementation have yet to be investigated in healthy humans. It is hypothesised that the effects will be different to those seen in acute supplementation. This study will look specifically at cognitive performance, cerebral blood flow, subjective sleep, mood and health, blood pressure and plasma levels of resveratrol. It is hypothesized that these measures will be affected differently by acute and chronic supplementation.",YES,Healthy,DIETARY_SUPPLEMENT: Resveratrol|OTHER: Placebo,"Chronic Modulation of Cerebral Blood Flow, Cerebral blood flow (CBF) was measured in the frontal cortex with Near-Infrared Spectroscopy (NIRS). Modulation was deemed to have taken place if levels differed significantly from day 1 to day 28., 40- 80 minutes post- dose on day 28 of supplementation","Number of Participants With Modulated Mood, Subjective mood was assessed with the Profile of mood states (POMS) questionnaire every 7 days during the 28- day period. Participants were deemed to have significant modulation of mood if their scores on week 1, week 2, week 3 and/or week 4 differed significantly from scores on the baseline questionnaire completed on day 1., 28 days|Number of Participants With Modulated Cognitive Performance, Cognitive performance was assessed by a range of cognitively demanding tasks on day 28 of the supplementation period. Participants were deemed to have significant modulation of cognitive performance if their scores on these tasks were significantly different from scores taken on day 1., 28 days|Number of Participants With Significant Modulation of Sleep, Subjective perception of sleep quality was assessed with the PSQI. Participants were deemed to have significant modulation of sleep if scores on Week 1, Week 2, Week 3 and/or Week 4 differed significantly from those on day 1 (baseline)., Day 28|Number of Participants With Significant Modulation of Health, Subjective perceptions of health were assessed with the General Health Questionnaire. Participants were deemed to have significant modulation of health if scores on Week 1, Week 2, Week 3 and/or Week 4 differed significantly from day 1 (baseline) completion., Day 28|Number of Participants With Significant Modulation of Blood Pressure, Participants were deemed to have significant modulation of blood pressure if their readings on day 28 differed significantly from that taken on day 1 (baseline)., 28 days|Number of Participants With Significant Modulation of CBF in MCA, CBF was assessed in the middle cerebral artery (MCA) with Trans-cranial doppler via a trans- temporal acoustic window. Participants were deemed to have significant modulation of CBF in the MCA if readings differed significantly from those obtained on day 1 (baseline)., 28 days",,Northumbria University,Biotivia Longevity Bioceuticals,ALL,ADULT,PHASE1,60,OTHER,INTERVENTIONAL,"Allocation: RANDOMIZED | Intervention Model: PARALLEL | Masking: DOUBLE (PARTICIPANT, INVESTIGATOR) | Primary Purpose: BASIC_SCIENCE",22P4,2011-02,2012-06,2012-06,2012-07-13,2012-10-12,2012-10-19,"Brain performance and nutrition research centre, Northumbria university, Newcastle upon Tyne, Tyne and Wear, NE1 8ST, United Kingdom",
NCT01615445,Resveratrol Supplementation on Exercise in Healthy Sedentary Adults,https://clinicaltrials.gov/study/NCT01615445,,COMPLETED,"Previous animal studies have found that resveratrol supplementation significantly increased aerobic capacity. The investigators conducted a randomized placebo-controlled cross-over study to assess whether resveratrol could provide similar benefits in humans.

All participants were assigned to two 4-week treatment periods, with a 2 week washout in-between. During one period, volunteers in received resveratrol and during the other period, they received identical-appearing placebo.

The primary outcome of interest was change in exercise capacity, as measured by change in exercise duration on constant load exercise testing and change in aerobic capacity (peak VO2) on incremental exercise testing. Secondary outcomes were tolerability and side-effects associated with resveratrol.",NO,Sedentary Lifestyle,DRUG: Resveratrol|DRUG: placebo,"Change from baseline in duration of constant load exercise, The primary outcome would be the change in constant load exercise duration between baseline and follow-up visits, expressed as a percent change from the baseline constant load test. The average change from baseline will be compared between the experimental and control groups., Phase I: Baseline and 4 weeks; Phase II (cross-over phase): 6 weeks and 10 weeks|Change from baseline in aerobic capacity(peak VO2), The aerobic capacity (peak VO2)is assessed by incremental exercise tests., Phase I: Baseline and 4 weeks; Phase II (cross-over phase): 6 weeks and 10 weeks","Number of participants with Adverse Events, up to 10 weeks",,Ottawa Hospital Research Institute,,ALL,"ADULT, OLDER_ADULT",PHASE2,13,OTHER,INTERVENTIONAL,"Allocation: RANDOMIZED | Intervention Model: CROSSOVER | Masking: QUADRUPLE (PARTICIPANT, CARE_PROVIDER, INVESTIGATOR, OUTCOMES_ASSESSOR) | Primary Purpose: BASIC_SCIENCE",2008540-01H,2009-02,2011-08,2011-08,2012-06-08,,2014-06-23,"The Ottawa Hospital -General Campus, Ottawa, Ontario, K1H 8L6, Canada",
NCT06020313,Autonomic and Cardiovascular Recovery After the Acute Use of Resveratrol in Overweight and Obesity Individuals,https://clinicaltrials.gov/study/NCT06020313,Resveratrol,UNKNOWN,"The aim of this study is to understand the importance of resveratrol supplementation as a possible adjuvant in improving the metabolic profile and cardiovascular autonomic recovery of individuals with overweight and grade I obesity, reducing the incidence of diseases associated with obesity and the costs in primary, secondary and tertiary care.",NO,Polyphenols|Cardiovascular Diseases|Autonomic Nervous System,DIETARY_SUPPLEMENT: Resveratrol Experimental,"Autonomic and cardiovascular recovery, Analysis of linear and non-linear indices of heart rate variability, Five months of collecting and analyzing data.|biochemical parameters, complete blood count, blood glucose, triglycerides, total cholesterol, Two weeks",,,Taisy Cinthia Ferro Cavalcante,,ALL,ADULT,NA,30,OTHER,INTERVENTIONAL,"Allocation: RANDOMIZED | Intervention Model: CROSSOVER | Masking: DOUBLE (PARTICIPANT, OUTCOMES_ASSESSOR) | Primary Purpose: PREVENTION",5.051.852,2023-08,2023-09,2023-10,2023-08-31,,2023-08-31,"Taisy Cinthia Ferro Cavalcante, Petrolina, Pernambuco, 56328-900, Brazil",
NCT01842399,Resveratrol and Cardiovascular Health in the Elderly,https://clinicaltrials.gov/study/NCT01842399,,TERMINATED,"Background:

\- Resveratrol is a compound found in the skin of red grapes. It is being tested to see if it can have positive effects on human health. Lab studies show that it may help lower blood sugar, improve heart and blood vessel health, and prevent cancer. Researchers want to test different dose levels of Resveratrol to see what kind of effects it has on older overweight people. It will be tested in healthy volunteers at least 50 years of age.

Objectives:

\- To test the effects of different dose levels of Resveratrol on heart and blood vessel health.

Eligibility:

\- Healthy overweight nonsmoking volunteers at least 50 years of age.

Design:

* This study will involve a screening visit and four study visits. Some of the study visits will involve overnight inpatient stays.
* Participants will be screened with a physical exam and medical history. Blood and urine samples will be collected. They will be given a list of foods that they should avoid eating while on the study.
* Participants will be separated into three groups. Two groups will take different dose levels of the study drug. The third group will take a placebo.
* At the first study visit, participants will stay in the clinical center overnight for 2 days of tests. They will provide blood and urine samples and have body scans to measure fat and muscle mass. They will also have exercise tests. A muscle biopsy will also be performed. At this visit, they will receive their dose of the study drug. They will continue to take this dose for as long as they are on the study.
* The second visit will be 16 weeks after the first one. It will take only 2 hours, and repeat most of the tests from the screening visit.
* The third visit will be 16 weeks later. It will involve an overnight stay. Most of the tests from the second visit will be repeated.
* The fourth and final visit will be 16 weeks later. It will involve an overnight stay. Most of the tests from the initial study visit (including the scans and the exercise tests) will be repeated.",NO,Vascular Resistance|Hypertension,DIETARY_SUPPLEMENT: Resveratrol|DRUG: Placebo,"To determine if oral resveratrol administered for 12 months will blunt the aging associated increase in vascular stiffness as measured by Pulse Wave Velocity (PWV)., Decreased rate of age associated arterial stiffening, Week 16, 32, 52","To determine if oral resveratrol administered for 12 months will improve exercise capacity as measured by MVO2-treadmill., Changes in aerobic capacity, functional capacity, body composition, muscle energetics, inflammatory markers, glucose metabolism., Week 16, 32, 52",,National Institute on Aging (NIA),,ALL,"ADULT, OLDER_ADULT",PHASE1|PHASE2,73,NIH,INTERVENTIONAL,"Allocation: RANDOMIZED | Intervention Model: PARALLEL | Masking: DOUBLE (PARTICIPANT, INVESTIGATOR) | Primary Purpose: PREVENTION",130078|13-AG-0078,2015-07-14,2020-07-31,2022-12-21,2013-04-29,,2022-12-23,"National Institute of Aging, Clinical Research Unit, Baltimore, Maryland, 21224, United States",
NCT01150955,Potential Beneficial Effects of Resveratrol,https://clinicaltrials.gov/study/NCT01150955,,COMPLETED,We want to investigate whether the food supplement resveratrol is able to counteract the detrimental effects of obesity.,NO,Metabolic Syndrome|Obesity,DIETARY_SUPPLEMENT: Resveratrol|OTHER: Placebo,"Metabolic parameters, Regarding glucose, protein and fat metabolism., Five weeks","Pathways of substrate metabolism., Description of the biochemical pathways underpinning the interplay between calorie restriction, SIRT1, STAT5 and the GH/IGF-I axis., Five weeks",,University of Aarhus,"The Ministry of Science, Technology and Innovation, Denmark",MALE,"ADULT, OLDER_ADULT",NA,24,OTHER,INTERVENTIONAL,"Allocation: RANDOMIZED | Intervention Model: PARALLEL | Masking: TRIPLE (PARTICIPANT, CARE_PROVIDER, INVESTIGATOR) | Primary Purpose: BASIC_SCIENCE",M-20100058,2010-10,2011-11,2011-11,2010-06-25,,2012-03-22,"Aarhus University Hospital, Department of Endocrinology, MEA, Aarhus, 8000, Denmark",
NCT03762096,Short Interval Resveratrol Trial in Cardiovascular Surgery,https://clinicaltrials.gov/study/NCT03762096,SIRT-CVS,ACTIVE_NOT_RECRUITING,"Major Problem

People with diabetes have an increased risk of heart disease, heart failure, and death from a cardiovascular cause. Diabetes prevents efficient metabolism of fuel, causes inflammation and vascular disease that blocks normal blood flow, and inhibits the function of the heart after injury. These changes make diabetics more susceptible to heart attacks and heart failure.

Resveratrol is found in grapes and red wine and has been shown to have beneficial effects in diabetic patients. In previous studies the investigators have shown that resveratrol can improve heart metabolism and function in pigs with diabetes and chronic lack of blood flow to the heart.

Questions

The investigators believe resveratrol will help reverse the negative effects of diabetes on the heart. The questions are: 1.How does the molecular machinery in the hearts of patients with diabetes differ from patients without diabetes? 2.Will resveratrol have an effect on heart metabolism, intracellular signaling, inflammation and blood vessel function? 3.Will resveratrol improve the number and function of cardiac stem cells, cells involved in heart repair? The investigators have been safely collecting tissue from the hearts of patients undergoing heart surgery. Preliminary studies show the investigators can isolate and study cells. The investigators have collected and assessed the function of endothelial cells, a measure of vascular health and can measure the level of endothelial injury and have studied the make-up of caveolae, structures on the cell membrane that are important for cell signaling and are negatively impacted by diabetes. This study is a unique collaboration among cardiologists, cardiac surgeons, and basic scientists.",NO,"Diabetes Mellitus, Type 2|Coronary Artery Disease",DIETARY_SUPPLEMENT: Trans-resveratrol|DIETARY_SUPPLEMENT: Placebo,"Change in endothelial function, Serum levels of nitric oxide (ELISA assay), 6 weeks|Change in endothelial function, Nitric oxide synthase levels in heart tissue (Western blot assay), 14 days","Effects of resveratrol on caveolar function, Lipidomic changes in cell membranes (Mass spectrometry), 14 days|Effects of resveratrol on molecular signaling, Serum and tissue levels of pathways associated with glucose metabolism (Western blot assay), 14 days",,MaineHealth,American Heart Association,ALL,"ADULT, OLDER_ADULT",NA,40,OTHER,INTERVENTIONAL,"Allocation: RANDOMIZED | Intervention Model: PARALLEL | Masking: QUADRUPLE (PARTICIPANT, CARE_PROVIDER, INVESTIGATOR, OUTCOMES_ASSESSOR) | Primary Purpose: BASIC_SCIENCE",1095584,2018-03-06,2021-04-16,2026-12-31,2018-12-03,,2025-04-03,"Maine Medical Center, Portland, Maine, 04102, United States",
NCT02625376,Resveratrol for Exudative Age-Related Macular Degeneration,https://clinicaltrials.gov/study/NCT02625376,AGED,TERMINATED,"This is an interventional, prospective, randomized, comparative monocentric study aiming to evaluate the safety and efficacy of Resveratrol to reduce the progression of exudative Age-Related Macular Degeneration.",NO,AMD|Age-related Macular Degeneration|Choroidal Neovascularisation,DIETARY_SUPPLEMENT: Resvega|DIETARY_SUPPLEMENT: Trans-Resveratrol|DIETARY_SUPPLEMENT: placebo,"Comparaison of incidence of choroidal neovascularization between resveratrol group and placebo group at 24 months, What is the influence of the daily intake of 500 mg of resveratrol on the incidence of neovascularization of the second eye?, 24 months","Comparaison of incidence of choroidal neovascularization between Resvega group and placebo group at 24 months, What is the influence of the daily intake resvega on the incidence of neovascularization of the second eye?, 24 months",,Poitiers University Hospital,,ALL,"ADULT, OLDER_ADULT",NA,25,OTHER,INTERVENTIONAL,"Allocation: RANDOMIZED | Intervention Model: PARALLEL | Masking: DOUBLE (PARTICIPANT, INVESTIGATOR) | Primary Purpose: PREVENTION",AGED/EudraCT : 2015-001577-41,2015-08-06,2016-10-26,2016-11-09,2015-12-09,,2020-06-01,"CHU de Poitiers - Ophtalmology, Poitiers, 86000, France",
NCT01826279,Short-term Investigation of Resveratrol on Fat Metabolism in Morbidly Obese Women Undergoing Gastric Bypass Surgery,https://clinicaltrials.gov/study/NCT01826279,,UNKNOWN,"The purpose of this study is to investigate potential metabolic effects of resveratrol in morbidly obese women undergoing gastric bypass surgery.

The investigators hypothesize that resveratrol will:

* Decrease hepatic very-low-density-lipoprotein-triglyceride (VLDL-TG) secretion
* Decrease hepatic and adipose tissue VLDL-TG uptake
* Increase insulin sensitivity

The investigators will look at changes in:

* Lipid turnover (VLDL-TG kinetics, palmitate kinetics,calorimetry)
* VLDL-TG uptake in different tissues (subcutaneous femoral adipose tissue, subcutaneous abdominal adipose tissue, visceral adipose tissue and liver tissue)
* Insulin sensitivity (glucose kinetics during hyperinsulinaemic euglycaemic clamp)
* Regulation of liver fat handling
* Lipoprotein lipase activity and fat cell size (abdominal and femoral adipose tissue)",NO,Obesity,DIETARY_SUPPLEMENT: Resveratrol|OTHER: Placebo,"Hepatic VLDL-TG secretion and peripheral VLDL-TG clearance, \- changes from baseline after treatment with either resveratrol or placebo, 1 month|Hepatic and adipose VLDL-TG uptake, \- changes in VLDL-TG uptake in resveratrol group and placebo group, 1 month","Basal and insulin stimulated free fatty acid (FFA) and glucose turnover, \- changes from baseline after treatment with either resveratrol or placebo, 1 month|VLDL-TG oxidation, \- changes from baseline after treatment with either resveratrol or placebo, 1 month|Regulation of liver fat handling, \- changes in regulation of liver fat handling in resveratrol group and placebo group, 1 month",,University of Aarhus,"The Ministry of Science, Technology and Innovation, Denmark",FEMALE,ADULT,NA,16,OTHER,INTERVENTIONAL,"Allocation: RANDOMIZED | Intervention Model: PARALLEL | Masking: TRIPLE (PARTICIPANT, CARE_PROVIDER, OUTCOMES_ASSESSOR) | Primary Purpose: BASIC_SCIENCE",M-20110172B,2013-05,2014-08,2014-08,2013-04-08,,2014-01-30,"Department of Endocrinology and Internal Medicine, Aarhus C, 8000, Denmark",
NCT01321151,Use of Resveratrol to Decrease Acute Secondary Brain Injury Following Sports-Related Concussions in Boxers,https://clinicaltrials.gov/study/NCT01321151,REPAIR,COMPLETED,"Sports-related concussions are a serious problem in football, boxing, and other full contact sports. After experiencing consecutive concussions, there is an increase in neurological deficits that can lead to long-term cognitive problems (Dementia pugilistica). To combat this increase in brain damage, novel strategies need to be developed to protect athletes that are participating in these full contact sports. The purpose of this study is to elucidate whether resveratrol decreases brain injury and improves brain function after experiencing a concussion in boxers.",YES,Sports Concussion,DRUG: Resveratrol|DRUG: Placebo,"Liver Function Testing (Aspartate Transaminase [AST]/Alanine Transaminase [ALT] Ratios) to Screen for Adverse Events., Liver Function Tests will be conducted on day 7 after concussion., Day 7 post concussion|Liver Function Testing (Aspartate Transaminase [AST]/Alanine Transaminase [ALT] Ratios) to Screen for Adverse Events., Liver Function Tests will be conducted on day 30 after concussion., 30 Days post concussion","Functional Connectivity in Concussed Boxers, Functional connectivity magnetic resonance imaging, 30 Days|Reaction Time Composite as Assessed by Immediate Post-Concussion Assessment and Cognitive Testing (ImPACT) Cognitive Test Performance, The reaction time composite score (range 0.5-0.8) is an average of: modules 3,4, 5, then divided by 3.The higher the composite score, the worse the outcomes.

1. Average correct reaction time of interference stage of module 3 (X's and O'S) - Measures the number of correctly identified items (total possible correct =12), scoring 0-12. There is 4 trials of this module completed. Measures the average reaction time for correct responses on the interference (distracter) test
2. Average correct reaction time of module 4 (Symbol Match) - Provides the number of correct matches out of 27 when the symbol number pairings are visible. The quicker the response time for each correctly identified symbol match indicates a better outcome.
3. Average correct reaction time of module 5 (Color Match) - is number of correct color matches. The quicker the response time to a correct color match is a better outcome.

Each modules is measured in percentage correct, 7 days post concussion|Reaction Time Composite as Assessed by Immediate Post-Concussion Assessment and Cognitive Testing (ImPACT) Cognitive Test Performance, The reaction time composite score (range 0.5-0.8) is an average of: modules 3,4, 5, then divided by 3.The higher the composite score, the worse the outcomes.

1. Average correct reaction time of interference stage of module 3 (X's and O'S) - Measures the number of correctly identified items (total possible correct =12), scoring 0-12. There is 4 trials of this module completed. Measures the average reaction time for correct responses on the interference (distracter) test
2. Average correct reaction time of module 4 (Symbol Match) - Provides the number of correct matches out of 27 when the symbol number pairings are visible. The quicker the response time for each correctly identified symbol match indicates a better outcome.
3. Average correct reaction time of module 5 (Color Match) - is number of correct color matches. The quicker the response time to a correct color match is a better outcome.

Each modules is measured in percentage correct, 24-72 hours post concussion|Reaction Time Composite as Assessed by Immediate Post-Concussion Assessment and Cognitive Testing (ImPACT) Cognitive Test Performance, The reaction time composite score (range 0.5-0.8) is an average of: modules 3,4, 5, then divided by 3.The higher the composite score, the worse the outcomes.

1. Average correct reaction time of interference stage of module 3 (X's and O'S) - Measures the number of correctly identified items (total possible correct =12), scoring 0-12. There is 4 trials of this module completed. Measures the average reaction time for correct responses on the interference (distracter) test
2. Average correct reaction time of module 4 (Symbol Match) - Provides the number of correct matches out of 27 when the symbol number pairings are visible. The quicker the response time for each correctly identified symbol match indicates a better outcome.
3. Average correct reaction time of module 5 (Color Match) - is number of correct color matches. The quicker the response time to a correct color match is a better outcome.

Each modules is measured in percentage correct, 30 days post concussion",,University of Texas Southwestern Medical Center,,ALL,ADULT,PHASE1|PHASE2,12,OTHER,INTERVENTIONAL,"Allocation: RANDOMIZED | Intervention Model: PARALLEL | Masking: TRIPLE (PARTICIPANT, INVESTIGATOR, OUTCOMES_ASSESSOR) | Primary Purpose: TREATMENT",STU 092010-188,2011-03,2011-11,2011-11,2011-03-23,2021-02-11,2021-02-11,"University of Texas Southwestern Medical Center, Dallas, Texas, 75390, United States",
NCT02219906,Resveratrol in Metabolic Syndrome: Effect on Platelet Hyper-reactivity and HDL Lipid Peroxidation,https://clinicaltrials.gov/study/NCT02219906,,COMPLETED,"Metabolic syndrome is a group of risk factors that increase a patient's likelihood for heart attack, stroke and diabetes. Our research is aimed at understanding whether a drug, resveratrol, commonly found in grapes and red wine, would have any benefit in reducing risk factors in patients that have metabolic syndrome. Despite the use of aspirin and cholesterol reducing medications, patients with metabolic syndrome still often have sticky platelets and dysfunctional lipid profile. This is likely due to inflammation and high oxidative state. In animal studies, this drug has reduced platelet stickiness and reduced oxidative stress. However, the effects of this drug have not been researched in patients with metabolic syndrome.

We are interested in studying whether the benefits of resveratrol described in animal models can be translated to patients with metabolic syndrome who display high markers of oxidative stress. We plan to give a short intervention of drug to patients and then determine if the drug successfully:

1. Decreases the stickiness of platelets. This is important because sticky platelets are more likely to form clot and contribute to plaque formation.
2. Reduce the circulating dysfunctional HDL. HDL and its protein and lipid constituents help to inhibit oxidation, inflammation, activation of the blood vessel wall, coagulation, and platelet aggregation. Dysfunctional HDL, as occurs in metabolic syndrome patients, cannot properly protect against atherosclerosis.",NO,Metabolic Syndrome,DIETARY_SUPPLEMENT: Resveratrol|DIETARY_SUPPLEMENT: Placebo,"Change in parameters of platelet activation, Measure platelet-monocyte aggregates by flow cytometry, baseline, 3 weeks after intervention|Change in parameter for platelet oxidative stress, Measure malondialdehyde adducts of platelet proteins, Baseline, 3 weeks after intervention|Change in parameter for platelet oxidation levels, Measure superoxide production by platelets, Baseline, 3 week after intervention|Serum Thromboxane measurments, Measure thromboxane to assess inflammation, Baseline, 3 weeks after intervention","Change in oxidative modifications of HDL, Measure change in malondialdehyde adducts in HDL proteins, baseline, three weeks after intervention|Change in plasma oxidative stress, Measure change in plasma isoprostanes, baselines, three weeks after intervention",,Vanderbilt University,,ALL,"ADULT, OLDER_ADULT",NA,41,OTHER,INTERVENTIONAL,"Allocation: RANDOMIZED | Intervention Model: PARALLEL | Masking: DOUBLE (PARTICIPANT, INVESTIGATOR) | Primary Purpose: BASIC_SCIENCE",130996,2014-05,2019-02-07,2019-04-07,2014-08-19,,2019-04-19,"Vanderbilt University, Nashville, Tennessee, 37232, United States|Baylor University, Houston, Texas, 77004, United States",
NCT03352895,The Effects of Resveratrol on the Complications of Patients With Hemodialysis,https://clinicaltrials.gov/study/NCT03352895,,COMPLETED,"Participants'll include 140 adult patients with CKD and receiving hemodialysis in our hospital, and divided them into 2 groups. Control group will receive placebo medication therapy; resveratrol group will receive oral resveratrol (100 mg per day). All participants will receive either treatment for 1year, and receive examinations of pure tone audiometry, speech reception thresholds, and speech discrimination score.",NO,Chronic Kidney Disease,DIETARY_SUPPLEMENT: resveratrol|DIETARY_SUPPLEMENT: Placebo,"Pure tone audiometry (PTA), pure tone thresholds of 250, 500, 1000, 2000, 4000, 8000 Hz were measured., one year","Speech Audiometry, Speech reception thresholds and speech discrimination scores were tested., one year",,Dalin Tzu Chi General Hospital,,ALL,"ADULT, OLDER_ADULT",NA,36,OTHER,INTERVENTIONAL,"Allocation: RANDOMIZED | Intervention Model: PARALLEL | Masking: TRIPLE (PARTICIPANT, INVESTIGATOR, OUTCOMES_ASSESSOR) | Primary Purpose: SUPPORTIVE_CARE",B10401008,2014-11,2017-07,2017-07,2017-11-24,,2017-11-24,"Dalin Tzu Chi Hospital, Chiayi City, 66247, Taiwan",
NCT01881347,Effects of Resveratrol on Endothelial Function in Type 2 Diabetes Mellitus,https://clinicaltrials.gov/study/NCT01881347,,COMPLETED,"The present study is designed to test the hypothesis that resveratrol supplementation will improve the function of the endothelium in patients with type 2 diabetes mellitus.

The function of the endothelium will be tested with a non-invasive technique that uses ultrasound to measure the amount of dilation that occurs in the brachial artery following 5-minute cuff occlusion. To help us understand potential mechanisms of benefit, we will also collect blood, urine, and cell samples and test the effects of treatment on protein expression, nitric oxide production, and function of mitochondria.",NO,Diabetes Mellitus,DIETARY_SUPPLEMENT: Resveratrol|DIETARY_SUPPLEMENT: Placebo,"Change from baseline in Brachial artery flow mediated dilation, 2 hours, 2 weeks, and 4 weeks","Change from Baseline in Fingertip peripheral arterial tonometry, 2 hours, 2 weeks, and 4 weeks|Change from Baseline in Carotid femoral pulse wave velocity, 4 weeks|Change from Baseline in Reactive hyperemia, 2 hours, 2 weeks, 4 weeks","Change from Baseline in Serum glucose, 2 and 4 weeks|Change from Baseline in Serum insulin, 2 and 4 weeks|Change from Baseline in Mononuclear cell mitochondrial DNA damage, 4 weejs|Change from Baseline in Mononuclear cell mitochondrial mass, 4 weeks|Change from Baseline in Mononuclear cell mitochondrial production of reactive oxygen species, 4 weeks|Change from Baseline in Endothelial cell gene expression, 4 weeks|Change from Baseline in Endothelial cell protein expression, 4 weeks",Boston University,"National Heart, Lung, and Blood Institute (NHLBI)",ALL,"ADULT, OLDER_ADULT",NA,54,OTHER,INTERVENTIONAL,"Allocation: RANDOMIZED | Intervention Model: CROSSOVER | Masking: QUADRUPLE (PARTICIPANT, CARE_PROVIDER, INVESTIGATOR, OUTCOMES_ASSESSOR) | Primary Purpose: BASIC_SCIENCE",H-32036|5P01HL068758-10,2013-01-01,2015-03-01,2016-07,2013-06-19,,2018-03-01,"Boston University Medical Center, Boston, Massachusetts, 02118, United States",
NCT03253913,Resveratrol and Sirolimus in Lymphangioleiomyomatosis Trial,https://clinicaltrials.gov/study/NCT03253913,RESULT,COMPLETED,"RESULT is a phase II dose-escalating, open-label, safety and efficacy study to determine if there is a potential benefit of resveratrol in combination with sirolimus in patients with lymphangioleiomyomatosis (LAM). The primary study objective is to assess the change in serum vascular endothelial growth factor-D (VEGF-D) level after 24 weeks of treatment with a combination of resveratrol and sirolimus as compared to the VEGF-D level in patients on a stable dose of sirolimus alone. The secondary objectives of this study include an assessment of the safety and adverse effect profile of combined resveratrol and sirolimus in adult patients with LAM, and to determine the effect of treatment with a combination of resveratrol and sirolimus on changes in lung function and quality of life.",YES,Lymphangioleiomyomatosis,DRUG: Sirolimus|DRUG: Resveratrol,"Serum Vascular Endothelial Growth Factor-D (VEGF-D) Levels After Treatment With a Combination of Resveratrol and Sirolimus as Compared to Baseline Serum VEGF-D Levels on Sirolimus Alone, Change in serum VEGF-D level in pg/ml after treatment with a combination of resveratrol and sirolimus as compared to the historical VEGF-D level in patients on a stable dose of sirolimus alone. Baseline VEGF-D values represent serum VEGF-D levels on stable dose of sirolimus alone prior to starting study drug., Baseline, Week 8, Week 16, Week 24","Number of Treatment-Emergent Adverse Events, Safety and adverse effect profile of combined resveratrol and sirolimus in adult patients with LAM, Baseline, Week 8, Week 16, Week 24|Change in Forced Expiratory Volume in One-second (FEV1) After 24 Weeks of Combined Treatment With Resveratrol and Sirolimus, Difference in the absolute Forced expiratory volume in one-second (FEV1) after 24 weeks of treatment. FEV1 values reported are in liters. There are no definite minimum and maximum values of FEV1 as it is a physiological measure of lung function and varies from individual to individual. Higher FEV1 scores indicate better lung function., Baseline, Week 8, Week 16, Week 24|St. George's Respiratory Questionnaire (SGRQ) Quality of Life Assessment Scores After Treatment With Combined Resveratrol and Sirolimus, Quality of life scores will be calculated by using SGRQ to determine if the combination of resveratrol and sirolimus can improve the quality of life in patients with LAM. This is a disease-specific instrument designed to measure impact on overall health, daily life, and perceived well-being in patients with obstructive airways disease. Scores range from 0 to 100, with higher scores indicating worse quality of life., Baseline, Week 8, Week 16, Week 24.|Scores on ""A Tool to Assess Quality of Life in LAM (ATAQ-LAM) Quality of Life Assessment"" Scale After Treatment With 24 Weeks of Resveratrol and Sirolimus, Quality of life scores will be calculated by using ATAQ-LAM to determine if the combination of resveratrol and sirolimus can improve the quality of life in patients with LAM. A Tool to Assess Quality of Life in LAM (ATAQ-LAM) is a disease-specific instrument designed to assess HRQOL in patients with LAM, and consists of 32 items divided into 4 domains: exertional dyspnea, cough, fatigue, and emotional well-being. The total scores on this scale can range between 32 - 192, with higher scores indicating worse quality of life., Baseline, Week 8, Week 16, Week 24|San Diego Shortness of Breath Score (SD-SOB) Quality of Life Assessment Scores After Treatment With 24 Weeks of Resveratrol and Sirolimus, The San Diego shortness of breath questionnaire measures the quality-of-life impairment secondary to dyspnea resulting from pulmonary disorders. It is a 24-item measure that assesses self-reported shortness of breath while performing a variety of activities of daily living, with higher scores indicating worse quality of life., Baseline, Week 8, Week 16, Week 24|EuroQOL Visual Analogue Scale (EQ-5D) Scores After Treatment With 24 Weeks of Sirolimus and Resveratrol., The EuroQOL visual-analogue scale (EQVAS) measures self-reported ratings of health status. Scores range from 0 to100, with lower scores indicating worse functioning., Baseline, Week 8, Week 16, Week 24",,University of Cincinnati,"National Heart, Lung, and Blood Institute (NHLBI)",FEMALE,"ADULT, OLDER_ADULT",PHASE2,25,OTHER,INTERVENTIONAL,Allocation: NA | Intervention Model: SINGLE_GROUP | Masking: NONE | Primary Purpose: TREATMENT,2016-4904|1R34HL138235-01,2018-03-31,2022-10-15,2022-10-15,2017-08-18,2023-02-01,2023-02-01,"University of Cincinnati, Cincinnati, Ohio, 45267, United States","Study Protocol and Statistical Analysis Plan, https://cdn.clinicaltrials.gov/large-docs/13/NCT03253913/Prot_SAP_001.pdf"
NCT01504854,Resveratrol for Alzheimer's Disease,https://clinicaltrials.gov/study/NCT01504854,,COMPLETED,"Resveratrol is derived from plants and is found in highest levels in red wine and the skin of red grapes. A recent study reported that monthly and weekly consumption of red wine is associated with a lower risk of dementia. There is compelling evidence that caloric restriction can improve overall health by activating a class of enzymes known as Sirtuins. Resveratrol is a substance found in some plants that directly activates sirtuins, mimicking the effects of caloric restriction and may affect regulatory pathways of diseases of aging, including Alzheimer's disease (AD).

In this study, people with AD will be given either Resveratrol or placebo for 12 months to determine whether daily resveratrol therapy is beneficial in delaying or altering the deterioration of memory and daily functioning. Subjects age 50 and above with a diagnosis of probable AD may qualify for participation in this study. A small group of 15 participants will be asked to take part in a more detailed 24-hour Pharmacokinetic (PK) sub-study that will measure resveratrol levels over a 24 hour period.",YES,Alzheimer's Disease,DRUG: Resveratrol|DRUG: Placebo,"Number of Adverse Events, The safety and tolerability of treatment with resveratrol will be assessed by analysis of adverse events, including symptoms, abnormal findings on physical examinations, standard laboratory tests and PK analysis of resveratrol and its major metabolites. The frequencies of adverse events or laboratory abnormalities between the participants who receive resveratrol and those receiving placebo will be compared., Baseline, Weeks 6, 13, 19, 26, 32, 39, 45, and 52|Change From Baseline in Volumetric Magnetic Resonance Imaging (MRI), MRI will be used to assess the effect of treatment on rate of whole brain volume, Baseline and Week 52","Change in Alzheimer's Disease Cooperative Study-Activities of Daily Living (ADCS-ADL), The ADCS-ADL is an activities of daily living inventory developed by the ADCS to assess functional performance in participants with AD. The ADCS-ADL includes some items from traditional basic ADL tests (e.g., grooming, dressing, walking, bathing, feeding, toileting) as well as instrumental (complex) activities of daily living (e.g., shopping, preparing meals, using household appliances, keeping appointments, reading). This structured questionnaire is administered to the subject's caregiver/study partner. The range of this instrument is 0 to 78 with lower numbers indicating greater impairment., Week 52|Comparison of the Response to Treatment of Resveratrol Based on ApoE Genotype, CSF Abeta40, Week 52",,Alzheimer's Disease Cooperative Study (ADCS),National Institute on Aging (NIA),ALL,"ADULT, OLDER_ADULT",PHASE2,119,OTHER,INTERVENTIONAL,"Allocation: RANDOMIZED | Intervention Model: PARALLEL | Masking: QUADRUPLE (PARTICIPANT, CARE_PROVIDER, INVESTIGATOR, OUTCOMES_ASSESSOR) | Primary Purpose: TREATMENT",ADC-037-RES,2012-05,2014-03,2014-03,2012-01-06,2016-06-14,2016-06-14,"Banner Alzheimer's Institute, Phoenix, Arizona, 85006, United States|University of California, Irvine, Irvine, California, 92697, United States|University of California, San Diego - Comprehensive Alzheimer's Program, La Jolla, California, 92037, United States|University of Southern California, Los Angeles, California, 90033, United States|Yale University, New Haven, Connecticut, 06510, United States|Georgetown University, Washington D.C., District of Columbia, 20057, United States|Howard University, Washington D.C., District of Columbia, 20060, United States|Mayo Clinic, Jacksonville, Jacksonville, Florida, 32224, United States|University of South Florida, Tampa, Florida, 33613, United States|Rush University Medical Center, Chicago, Illinois, 60612, United States|University of Kansas, Kansas City, Kansas, 66205, United States|University of Kentucky, Lexington, Kentucky, 40504, United States|Johns Hopkins University, Baltimore, Maryland, 21224, United States|University of Michigan, Ann Arbor, Michigan, 48105, United States|Mayo Clinic, Rochester, Rochester, Minnesota, 55905, United States|Cleveland Clinic Lou Ruvo Center for Brain Health, Las Vegas, Nevada, 89106, United States|New York University, New York, New York, 10016, United States|Mount Sinai School of Medicine, New York, New York, 10029, United States|Columbia University, New York, New York, 10032, United States|University of Rochester Medical Center, Rochester, New York, 14620, United States|Case Western Reserve University, Beachwood, Ohio, 44122, United States|University of Pennsylvania, Philadelphia, Pennsylvania, 19104, United States|Medical University of South Carolina, North Charleston, South Carolina, 29406, United States|University of Texas Southwestern Medical Center, Dallas, Texas, 75390, United States|Baylor College of Medicine, Houston, Texas, 77030, United States|U of WA / VA Puget Sound Alzheimer's Disease Research Center, Seattle, Washington, 98108, United States",
NCT01446276,Long-term Investigation of Resveratrol on Fat Metabolism in Obese Men With Nonalcoholic Fatty Liver Disease,https://clinicaltrials.gov/study/NCT01446276,,COMPLETED,"The purpose of this study is to investigate potential metabolic effects of resveratrol in obese healthy men with non-alcoholic fatty liver disease.

The investigators hypothesize that resveratrol will:

* decrease hepatic very-low-density-lipoprotein-triglyceride (VLDL-TG) secretion
* decrease liver fat content
* increase insulin sensitivity

The investigators will look at changes in:

* lipid turnover (VLDL-TG kinetics, palmitate kinetics, indirect calorimetry)
* liver fat content (MR liver spectroscopy)
* insulin sensitivity (glucose kinetics during hyperinsulinaemic euglycaemic clamp)
* body composition (DXA and MRI)
* lipase activity and fat cell size (fat biopsy from abdominal and femoral adipose tissue)",NO,Obesity|Nonalcoholic Fatty Liver Disease,DIETARY_SUPPLEMENT: Resveratrol|OTHER: Placebo,"Hepatic VLDL-TG secretion and peripheral VLDL-TG clearance, \- Changes from baseline after treatment with either resveratrol or placebo, six month","Basal and insulin stimulated free fatty acid (FFA) and glucose turnover, \- Changes from baseline after treatment with either resveratrol or placebo, six month|VLDL-TG oxidation, \- Changes from baseline after treatment with either resveratrol or placebo, six month|Body composition (fat mass, fat-free mass, percent fat, visceral fat mass), \- Changes from baseline after treatment with either resveratrol or placebo, six month|lipoprotein lipase activity and fat cell size in abdominal and femoral adipose tissue biopsy, \- Changes from baseline after treatment with either resveratrol or placebo, six months|Baseline data, \- Comparison of baseline data between intervention group and control group, Baseline",,University of Aarhus,"The Ministry of Science, Technology and Innovation, Denmark",MALE,"ADULT, OLDER_ADULT",NA,26,OTHER,INTERVENTIONAL,"Allocation: RANDOMIZED | Intervention Model: PARALLEL | Masking: QUADRUPLE (PARTICIPANT, CARE_PROVIDER, INVESTIGATOR, OUTCOMES_ASSESSOR) | Primary Purpose: BASIC_SCIENCE",M-20110172A,2011-11,2014-04,2014-04,2011-10-05,,2014-04-28,"Department of Endocrinology and Internal Medicine, Aarhus C, 8000, Denmark",
NCT02216552,Resveratrol for the Treatment of Non Alcoholic Fatty Liver Disease and Insulin Resistance in Overweight Adolescents,https://clinicaltrials.gov/study/NCT02216552,,COMPLETED,"The current project is designed as a 30-day pilot trial to demonstrate the safety and tolerability of resveratrol therapy in overweight adolescents to decrease liver fat, and improve insulin sensitivity to prevent type 2 diabetes.",NO,NAFLD|TYPE 2 DIABETES|METABOLIC SYNDROME,DIETARY_SUPPLEMENT: Resveratrol|DIETARY_SUPPLEMENT: Placebo,"Safety/ Adverse Event Outcome, 1. Primary Side effect profile determined by participant interview and serum biochemistry. Side effect profile determined by serum biochemistry: AST, ALT, total and conjugated bilirubin, Creatinine, sodium, potassium, calcium, magnesium, chloride and TC02, haemoglobin, haematocrit, white blood cell and platelet counts, erythrocytes, and fasting lipid levels (total cholesterol, HDL-cholesterol, LDL-cholesterol and triglycerides). Fasting glucose and insulin levels. PT/INR and PTT levels.
2. Vital signs, One week|Safety/ Adverse Event Outcome, 1. Primary Side effect profile determined by participant interview. Side effect profile determined by serum biochemistry: AST, ALT, total and conjugated bilirubin, Creatinine, sodium, potassium, calcium, magnesium, chloride and TC02, haemoglobin, haematocrit, white blood cell and platelet counts, erythrocytes, and fasting lipid levels (total cholesterol, HDL-cholesterol, LDL-cholesterol and triglycerides). Fasting glucose and insulin levels. PT/INR and PTT levels.
2. Vital signs, Week 2|Safety/ Adverse Event Outcome, 1. Primary Side effect profile determined by participant interview. Side effect profile determined by serum biochemistry: AST, ALT, total and conjugated bilirubin, Creatinine, sodium, potassium, calcium, magnesium, chloride and TC02, haemoglobin, haematocrit, white blood cell and platelet counts, erythrocytes, and fasting lipid levels (total cholesterol, HDL-cholesterol, LDL-cholesterol and triglycerides). Fasting glucose and insulin levels. PT/INR and PTT levels.
2. Vital signs, Week 3|Safety/ Adverse Event Outcome, 1. Primary Side effect profile determined by participant interview. Side effect profile determined by serum biochemistry: AST, ALT, total and conjugated bilirubin, Creatinine, sodium, potassium, calcium, magnesium, chloride and TC02, haemoglobin, haematocrit, white blood cell and platelet counts, erythrocytes, and fasting lipid levels (total cholesterol, HDL-cholesterol, LDL-cholesterol and triglycerides). Fasting glucose and insulin levels. PT/INR and PTT levels.
2. Vital signs, Week 4|Safety/ Adverse Event Outcome, 1. Primary Side effect profile determined by participant interview. Side effect profile determined by serum biochemistry: AST, ALT, total and conjugated bilirubin, Creatinine, sodium, potassium, calcium, magnesium, chloride and TC02, haemoglobin, haematocrit, white blood cell and platelet counts, erythrocytes, and fasting lipid levels (total cholesterol, HDL-cholesterol, LDL-cholesterol and triglycerides). Fasting glucose and insulin levels. PT/INR and PTT levels.
2. Vital signs, Week 8|Efficacy Outcome, To determine efficacy of resveratrol to reduce hepatic and cardiac triglyceride content in adolescents with NAFL MR spectroscopy will be performed using a 3.0-Tesla whole-body magnet. Sixty-four spectra will be acquired and averaged for the determination of intracellular water and lipid content. LCModel software will be used to isolate and quantify lipid and water peaks. Hepatic steatosis will be defined as hepatic triglyceride content of \>.5% fat/water., Week 4","Efficacy Outcome, To determine efficacy of resveratrol to reduce whole body insulin resistance in overweight and obese adolescents with NAFL. The 3-hr frequently sampled oral glucose tolerance test (OGTT) using a standard 75-gram-glucose-load will be performed at the baseline visit and after completion of supplementation (day 30; visit 3). Blood samples will be collected at 20, 30, 60, 90, 120 and 180 minutes after ingestion of glucose will be used for the determination of insulin sensitivity using the Matsuda index, Week 4|Efficacy Outcome, To determine the effects of resveratrol on cardiac function and morphology in the study population. Cardiac function and morphology will be measured using a cardiac ultrasound at baseline (day 0) and at completion of supplementation (day 30; visit 3)., Week 4|Efficacy Outcome, To determine the effect of resveratrol supplementation on serum markers of inflammation. Inflammatory markers will be assessed by measurements of circulating adiponectin, leptin, CRP, ESR, TNFalpha, IL-1beta, IL-6, and IL-10, using commercially available ELISA assays., Week 1|Efficacy Outcome, To determine the effect of resveratrol supplementation on serum markers of inflammation. Inflammatory markers will be assessed by measurements of circulating adiponectin, leptin, CRP, ESR, TNFalpha, IL-1beta, IL-6, and IL-10, using commercially available ELISA assays., Week 2|Efficacy Outcome, To determine the effect of resveratrol supplementation on serum markers of inflammation. Inflammatory markers will be assessed by measurements of circulating adiponectin, leptin, CRP, ESR, TNFalpha, IL-1beta, IL-6, and IL-10, using commercially available ELISA assays, Week 3|Efficacy Outcome, To determine the effect of resveratrol supplementation on serum markers of inflammation. Inflammatory markers will be assessed by measurements of circulating adiponectin, leptin, CRP, ESR, TNFalpha, IL-1beta, IL-6, and IL-10, using commercially available ELISA assays, Week 4",,University of Manitoba,dsm-firmenich Switzerland AG,ALL,"CHILD, ADULT",PHASE2|PHASE3,10,OTHER,INTERVENTIONAL,"Allocation: RANDOMIZED | Intervention Model: PARALLEL | Masking: QUADRUPLE (PARTICIPANT, CARE_PROVIDER, INVESTIGATOR, OUTCOMES_ASSESSOR) | Primary Purpose: PREVENTION",2013-01-15-RESV,2015-08,2017-01-01,2017-03-20,2014-08-15,,2017-05-05,"Children's Hospital Research Institute of Manitoba/University of Manitoba, Winnipeg, Manitoba, R3E 3P4, Canada",
NCT01126229,Resveratrol for Improved Performance in the Elderly,https://clinicaltrials.gov/study/NCT01126229,RIPE,COMPLETED,"The investigators aim to conduct a randomized placebo controlled pilot study to determine whether resveratrol, a dietary ingredient, supplementation is safe and improves memory and physical performance in older adults. Loss in memory and physical performance is a frequent complaint in older adults and a growing public health issue. Additionally, later adulthood is associated with a normative decline in both working and primary memory as well as domains including attention, speed of processing and executive function. Resveratrol is safely tolerated in pre-clinical models and in dose-escalation human studies. It also has demonstrated beneficial effects on memory and performance in pre-clinical models. Therefore, this study will take the next step in understanding the longer-term safety (3 months) and efficacy of resveratrol supplementation on age-related health conditions.",NO,Memory,DIETARY_SUPPLEMENT: Placebo|DRUG: Low dose Resveratrol|DRUG: High dose Resveratrol,"Safety Outcomes, CBC, Complete Metabolic Panel, Toxicity according to NCI criteria, 24 months","Cognitive Outcomes, Executive function measured by N-back and Controlled Oral Word Association test, Processing Speed measuring by Trails A \& B, Memory Function measured by word recall., 24 months|Physical Outcomes, Physical function measured by performance on the 400 meter walk test, physical activity levels as measured by accelerometer., 24 months",,University of Florida,,ALL,OLDER_ADULT,PHASE1,32,OTHER,INTERVENTIONAL,"Allocation: RANDOMIZED | Intervention Model: PARALLEL | Masking: QUADRUPLE (PARTICIPANT, CARE_PROVIDER, INVESTIGATOR, OUTCOMES_ASSESSOR)",238-2009,2009-11,2012-12,2012-12,2010-05-19,,2013-12-11,"University of Florida, Aging and Geriatric Research, Gainesville, Florida, 32611, United States",
NCT02336633,Resveratrol and Huntington Disease,https://clinicaltrials.gov/study/NCT02336633,REVHD,COMPLETED,"The purpose of this study is to evaluate the therapeutic potential of Resveratrol on the caudate volume in HD patients, using volumetric MRI.",NO,Huntington Disease,DIETARY_SUPPLEMENT: Resveratrol|OTHER: Placebo,"rate of caudate atrophy, Measurement of the rate of caudate atrophy before and after one year of treatment with resveratrol in early affected HD patients using volumetric MRI., 1 year","UHDRS (Unified Huntington Disease Rating Scale), 1 year|TFC (Total Functional Capacity), 1 year|ratio of inorganic phosphate/phosphocreatine, The benefit of resveratrol on brain energy metabolism will be evaluated by the restoration of an increased ratio of inorganic phosphate/phosphocreatine - reflecting normal brain activation - during visual stimulation, using 31P-MRS will be assessed before and after 1 year of treatment, 1 year",,Assistance Publique - Hôpitaux de Paris,,ALL,"ADULT, OLDER_ADULT",NA,102,OTHER,INTERVENTIONAL,"Allocation: RANDOMIZED | Intervention Model: PARALLEL | Masking: QUADRUPLE (PARTICIPANT, CARE_PROVIDER, INVESTIGATOR, OUTCOMES_ASSESSOR) | Primary Purpose: TREATMENT",P130918,2015-07,2019-10,2020-01,2015-01-13,,2020-02-05,"Institut du Cerveau et de la Moelle, Hôpital de la Pitié Salpêtrière, Paris, 75013, France",
NCT04266353,Effect of Resveratrol on Serum IGF2 Among African American Women,https://clinicaltrials.gov/study/NCT04266353,,WITHDRAWN,African American (AA) women with breast cancer (BC) have higher mortality and are associated with worse outcomes when treated with available adjuvant treatments. Addressing this survival disparity will depend on identifying contributing biologic factors that can be translated into new treatments. Preclinical studies have shown that Insulin-like growth factor-II (IGF-II)expression was significantly higher in AA cell lines and tissue samples when compared to Caucasians indicating that IGF-II is an important biologic factor contributing to higher breast cancer mortality in AA women and is also responsible for chemoresistance in BC cells. In addition preclinical studies also demonstrated that resveratrol (RSV) inhibits IGF-II and induces apoptosis in BC cell lines. Researchers want to test IGF-II levels at baseline in healthy African American women and monitor levels while on resveratrol therapy for 6 weeks.,NO,Chemoprevention,DIETARY_SUPPLEMENT: Resveratrol (RSV),"IGF2 assessment by Elisa assays, To determine changes in the levels of IGF-II (mIGF2 or Pro-IGF2), Week 0, 2, 4 6","IGFBP-3 assessment by Elisa assays, To determine changes in the levels of IGFBP-3 levels, Week 0, 2, 4, 6",,Loma Linda University,,FEMALE,"ADULT, OLDER_ADULT",NA,0,OTHER,INTERVENTIONAL,Allocation: NA | Intervention Model: SINGLE_GROUP | Masking: NONE | Primary Purpose: OTHER,5160378,2019-04-24,2022-08-22,2022-08-22,2020-02-12,,2023-05-09,"Loma Linda University Cancer Center, Loma Linda, California, 92350, United States",
NCT00654667,Mechanisms of Metabolic Regulation of Resveratrol on Humans With Metabolic Syndrome,https://clinicaltrials.gov/study/NCT00654667,RSV,WITHDRAWN,"Sirtuin activators may prove useful in treating age-related diseases and extending lifespan in humans. Resveratrol (RSV), a polyphenol found in red wine, has been shown in vitro to enhance SIRT1 activity. RSV is associated with some of the beneficial effects of red wine or the ""French Paradox"". Recently RSV has been associated with increasing lifespan in mice on a high calorie diet and improved metabolic profile and activity levels. The effect of this small molecule in humans is unknown. Preclinical observations suggest that RSV is safe and has enormous potential in the treatment of obesity and insulin resistance in humans. This pilot study will examine the effect of RSV on improving the metabolic profile of adults with insulin resistance. Specifically, this randomized double blind placebo controlled study will examine the effects of 4 weeks of supplementation with RSV 5.0 grams daily, compared to placebo control (PC) on the metabolic profile of 36 men and women over the age of 50 with insulin resistance (IR) consuming a typical western diet consisting of at least 40% calories from fat.",NO,Insulin Resistance,DRUG: Placebo|DRUG: Resveratrol,"Insulin sensitivity (assessed by the insulin sensitivity index as derived from glucose and insulin levels obtained during a 2 hour oral glucose tolerance test (OGTT)1, 2 and insulin growth factor (IGF)-1 levels3, one month","Improve cholesterol metabolism (lower LDL, raise HDL and lower triglyceride (TG) levels); and 3) physical activity levels measured by pedometer and 7 day physical activity recall (PAR), one month",,"University of California, San Francisco",,ALL,"ADULT, OLDER_ADULT",PHASE2,0,OTHER,INTERVENTIONAL,"Allocation: RANDOMIZED | Intervention Model: PARALLEL | Masking: DOUBLE (PARTICIPANT, INVESTIGATOR) | Primary Purpose: TREATMENT",CTSI - SOS,2007-05,2008-08,2008-08,2008-04-09,,2015-03-04,"University of California, San Francisco, California, 94143-0608, United States",
NCT02947932,Oral Resveratrol to Prevent Post-ERCP Pancreatitis,https://clinicaltrials.gov/study/NCT02947932,,UNKNOWN,"Acute pancreatitis is the most common and feared complication of ERCP, occurring after 1% to 30% of procedures. Since 2012, a multicenter RCT was published in NEJM, indomethacin use in high risk patients was considered a ""standard"" method to prevent PEP. However, the risk factors of PEP is not fully clear. Additionally, the complication of NSAID use lead to some serious physical problem bleeding. Therefore, the exclusive criteria for limiting the NSAID use is including allergy， gastrointestinal haemorrhage ，presence of coagulopathy or received anticoagulation therapy. Previous study showed that another natural compound, resveratrol, owns similar biological effect with NSAID. Firstly, it could inhibit the inflammatory response on in vivo model through inhibition of COX and IL-6 etc. Secondly, it could not influence the level of platelet and coagulation, which means safer than NSAID. Thirdly, numerous studies showed that resveratrol could effectively the progression of severe acute pancreatitis. According to data, we design the project. The purpose of this study is to determine whether oral resveratrol pre-ERCP is effective on control of Post-ERCP pancreatitis.",NO,"Pancreatitis, Acute|Gastrointestinal Disease",DRUG: Resveratrol|DRUG: Indomethacin,"Post-ERCP Pancreatitis, they experienced new upper abdominal pain, serum amylase elevation at least three times the upper limit of normal 24 hours after the procedure, and hospitalization prolonged at least two nights., 30 days","Moderate-to-severe Pancreatitis, Severe pancreatitis requiring hospitalization for more than 10 d, or hemorrhagic pancreatitis, phlegmon or pseudocyst, or intervention (percutaneous drainage or surgery)., 30 days",,First Affiliated Hospital Xi'an Jiaotong University,,ALL,"ADULT, OLDER_ADULT",PHASE4,2700,OTHER,INTERVENTIONAL,Allocation: RANDOMIZED | Intervention Model: PARALLEL | Masking: SINGLE (INVESTIGATOR) | Primary Purpose: TREATMENT,XJTU1AFCT-2016-007,2016-12,2018-03,2018-09,2016-10-28,,2016-10-28,,
NCT03819517,Improving Cardiovascular Health in Patients With Chronic Obstructive Pulmonary Disease,https://clinicaltrials.gov/study/NCT03819517,,COMPLETED,"Researchers have found a link between chronic obstructive pulmonary disease (COPD) and heart disease; however, a link is all they have found. Cardiovascular health in COPD is controlled by different mechanisms including vascular health and systemic inflammation. The investigators have collected preliminary data to support that concentrations of Sirtuin 1 (Sirt1), a protein that plays a key role in cardioprotection, may be involved in cardiovascular health in patients with COPD. Resveratrol, an over the counter natural polyphenol found in a variety of food, is a direct activator of Sirt1 and has been used to improve cardiovascular health in different cohorts. The current project is an attempt to expand previous findings and explore the effects of the sub-chronic use of resveratrol in sustaining the improvements in cardiovascular health in COPD.",NO,Chronic Obstructive Pulmonary Disease,DRUG: Resveratrol|OTHER: Placebo,"Change in Sirt1 concentrations, Circulating concentrations of Sirt1 before and 12 weeks after both resveratrol and placebo, Baseline to 12 weeks|Change in vascular health, Assessment of vascular health through the evaluation of peripheral vascular using the flow-mediated dilation technique before and 12 weeks after both resveratrol and placebo., Baseline to 12 weeks|Change in Systemic Inflammation, Systemic inflammation will be evaluated through the assessment of interleukin concentrations using enzyme-linked immunosorbent assay before and 12 weeks after both resveratrol and placebo., Baseline to 12 weeks","Change in Nitric Oxide metabolism, Nitric oxide metabolism will be evaluated through Nitric oxide synthase expression using western blot analysis, Baseline to 12 weeks|Change in Inflammatory activation, The inflammatory cascade of the nuclear factor kappa B will be evaluated through assessment of p65 and p50 expression using western blot analysis, Baseline to 12 weeks",,Virginia Commonwealth University,,ALL,"ADULT, OLDER_ADULT",EARLY_PHASE1,26,OTHER,INTERVENTIONAL,"Allocation: RANDOMIZED | Intervention Model: CROSSOVER | Masking: DOUBLE (PARTICIPANT, INVESTIGATOR) | Primary Purpose: TREATMENT",HM20014536,2019-07-01,2022-08-30,2023-08-30,2019-01-28,,2024-04-29,"Virginia Commonwealth University, Richmond, Virginia, 23298, United States",
NCT01173640,Resveratrol and Midazolam Metabolism,https://clinicaltrials.gov/study/NCT01173640,,COMPLETED,"Adverse events due to drug-drug and/or herb-drug interactions are of serious concern and a major cause of morbidity and mortality. Resveratrol is a polyphenol antioxidant that has been identified in over 70 species and is suggested to be the constituent in red wine responsible for cardioprotective effects. The potential health benefits of resveratrol supplements are highly extolled in the alternative medicine industry and daily doses are up to 5 grams are being studied. While there are potential health benefits of high doses of resveratrol, for patients taking other drugs metabolized by CYP3A4, such as transplant medications, chemotherapies and HMG-CoA reductase inhibitors, there may be a clinically significant herb-drug interaction.

We, the investigators, have shown in vitro that resveratrol is a mechanism-based inhibitor of cytochrome P450 3A4 (CYP3A4). Based on our in vitro evidence and literature reports of the pharmacokinetics of resveratrol, we hypothesize that resveratrol will be a potent in vivo mechanism-based inhibitor of intestinal CYP3A4 enzymes. To date, there are no clinical studies that address the potential for a resveratrol-drug interaction. We propose to test whether single and multiple doses of resveratrol alter the pharmacokinetics of midazolam, a prototypic CYP3A4 probe drug.",NO,Healthy,DRUG: Midazolam|DIETARY_SUPPLEMENT: resveratrol (single dose)|DIETARY_SUPPLEMENT: resveratrol (multiple dose),"Inhibition of midazolam clearance, The primary aim will be to determine if resveratrol causes inhibition of intestinal and hepatic CYP3A4 enzymes as determined by oral midazolam clearance following single and multiple doses of resveratrol, respectively., 3 study visit days","Resveratrol accumulation, Secondary aims will be to measure circulating levels of resveratrol and its conjugated metabolites following single and multiple doses of resveratrol and to determine resveratrol accumulation in low density lipoproteins (LDL)., 3 study visit days",,University of Washington,Bastyr University,ALL,ADULT,NA,6,OTHER,INTERVENTIONAL,Allocation: NON_RANDOMIZED | Intervention Model: PARALLEL | Masking: NONE | Primary Purpose: BASIC_SCIENCE,38328,2010-07,2011-02,2011-02,2010-08-02,,2017-10-31,"University of Washington, Seattle, Washington, 98195, United States",
NCT06235294,Effects of Resveratrol Supplementation on Oocyte Quality,https://clinicaltrials.gov/study/NCT06235294,,UNKNOWN,"The goal of this randomized, double-blind, placebo-controlled clinical trial is to verify if 3-month oral supplementation with resveratrol can enhance the oocyte quality in advanced maternal age women undergoing in vitro fertilization (IVF).

Participants will take a daily capsule of resveratrol or placebo during the 3 months preceding their IVF treatment. They will then follow the same treatment protocol as non-participant patients.",NO,Aging|Infertility,DIETARY_SUPPLEMENT: Resveratrol|DIETARY_SUPPLEMENT: Folic acid,"Number of good-quality embryos, Embryos available to transfer or cryopreservation., 4 months","Number of oocytes and mature oocytes, Total oocytes and metaphase-II oocytes retrieved., 4 months|Fertilization rate, Percentage of oocytes with two pronuclei by the number of COCs retrieved), 4 months|Cleavage rate, Percentage of 2-cell stage embryos by the number of COCs retrieved, 4 months|Biochemical pregnancy rate, Percentage of positive B-hCG in serum by initiated cycle, up to 15 months|Clinical pregnancy rate per cycle, Proportion of positive clinical pregnancies by initiated cycle, up to 15 months|Clinical pregnancy rate per embryo transfer, Proportion of positive clinical pregnancies by embryo transfer, up to 15 months|Ongoing pregnancy rate, Proportion of ongoing pregnancies (viable intrauterine pregnancy of at least 12 weeks), up to 15 months|Cumulate live birth rate, Number of deliveries with at least one live birth resulting from one initiated cycle, up to 15 months",,"Unidade Local de Saúde de Coimbra, EPE",,FEMALE,ADULT,NA,88,OTHER,INTERVENTIONAL,"Allocation: RANDOMIZED | Intervention Model: PARALLEL | Masking: DOUBLE (PARTICIPANT, CARE_PROVIDER) | Primary Purpose: TREATMENT",RA-01-23,2024-09,2025-06,2025-12,2024-01-31,,2024-01-31,,
NCT04449198,"Type 1 Diabetes, Endothelin, and Skeletal Muscle Mitochondrial Dysfunction: The Role of Sirtuin-1",https://clinicaltrials.gov/study/NCT04449198,T-St1M,RECRUITING,The proposed study is designed to test the hypothesis that treatment of resveratrol for 12 weeks will improve both endothelin-B receptor (aim 1) and skeletal muscle mitochondrial function (aim 2) in people with type 1 diabetes.,NO,Type 1 Diabetes,DRUG: Resveratrol|OTHER: Placebo,"Change in AUC for ET-1 + BQ-123, Change in Area Under the Curve (AUC) for Cutaneous Vascular Conductance (CVC) in response to co-perfusion of ET-1 + BQ-123 at 12 weeks. Measured using intradermal microdialysis technique in conjunction with Laser Speckle Contrast Imaging (Moor FLPI-2) and beat-by-beat blood pressure monitoring (Finapres NOVA)., Measure taken at Baseline and post 12 weeks|Skeletal Muscle Mitochondrial Function, Change in Skeletal Muscle Mitochondrial Function at 12 weeks. Measured using Near Infrared Spectroscopy (NIRS). Values are an index of phosphocreatine recovery expressed as a rate constant (min-1), Measure taken at Baseline and post 12 weeks","Change in Percentage Flow-Mediated Dilation (FMD), Change in Percentage FMD at 12 weeks. Measured via ultrasound in conjunction with edge detection software. Expressed as %, Measure taken at Baseline and post 12 weeks|Change in Pulse Wave Velocity (PWV), Change in PWV at 12 weeks. Measured by Shygmocor Xcel in m/s., Measure taken at Baseline and post 12 weeks|Change in Post Occlusive Reactive Hyperemia (PORH), Change in PORH at 12 weeks. Measured by Laser Speckle Contrast Imager (Moor FLPI-2) in perfusion units (PU). Represents the maximal dilatory response in the microcirculation post 5 minute occlusion., Baseline and post 12 weeks",,Augusta University,,ALL,"ADULT, OLDER_ADULT",EARLY_PHASE1,24,OTHER,INTERVENTIONAL,"Allocation: RANDOMIZED | Intervention Model: PARALLEL | Masking: DOUBLE (PARTICIPANT, INVESTIGATOR) | Primary Purpose: TREATMENT",1595933,2020-10-14,2027-01-01,2027-07-01,2020-06-26,,2025-01-28,"Augusta University/Georgia Prevention Institute/ Laboratory of Integrative and Exercise Physiology, Augusta, Georgia, 30912, United States",
NCT07827391,Comparative Evaluation of Omega-3 and Resveratrol Supplementation in Periodontitis Patients,https://clinicaltrials.gov/study/NCT07827391,,ACTIVE_NOT_RECRUITING,"This retrospective comparative study aims to evaluate the effects of resveratrol and omega-3 supplementation as adjuncts to non-surgical periodontal treatment on clinical periodontal parameters in patients with periodontitis. A total of 60 systemically healthy, non-smoking patients will be evaluated and categorized into three groups according to their recorded supplementation status: a resveratrol group receiving non-surgical periodontal treatment plus resveratrol supplementation (n=20), an omega-3 group receiving non-surgical periodontal treatment plus omega-3 supplementation (n=20), and a non-supplemented control group receiving non-surgical periodontal treatment alone (n=20). Periodontal outcomes will be assessed at baseline and at 1 and 3 months after non-surgical periodontal treatment using probing pocket depth, clinical attachment level, plaque index, gingival index, and bleeding on probing. The study aims to compare the clinical periodontal outcomes of the three groups and determine whether adjunctive resveratrol or omega-3 supplementation is associated with additional clinical benefits beyond non-surgical periodontal treatment alone.",NO,Periodontitis,DIETARY_SUPPLEMENT: trans-resveratrol|DIETARY_SUPPLEMENT: Omega-3 (EPA+DHA)|DIETARY_SUPPLEMENT: No supplementation,"Clinical attachment level (CAL), Clinical attachment level (CAL) was measured in millimeters using a Williams periodontal probe as the distance between the cementoenamel junction (CEJ) and the base of the periodontal pocket. In sites with gingival recession, the distance from the CEJ to the gingival margin was incorporated into the CAL measurement. Measurements were recorded at six sites per tooth: mesiobuccal/mesiolabial, mid-buccal/midlabial, distobuccal/distolabial, mesiolingual/mesiopalatal, mid-lingual/mid-palatal, and distolingual/distopalatal sites., Baseline, 1 month, and 3 months","Probing Pocket Depth (PPD), Probing pocket depth (PPD) was measured in millimeters using a Williams periodontal probe as the distance from the gingival margin to the base of the periodontal pocket. Measurements were recorded at six sites per tooth: mesiobuccal/mesiolabial, mid-buccal/midlabial, distobuccal/distolabial, mesiolingual/mesiopalatal, mid-lingual/mid-palatal, and distolingual/distopalatal sites., Baseline, 1 month, and 3 months|Plaque Index (PI), Plaque accumulation was assessed using the Plaque Index described by Silness and Löe (1964). Plaque scores were recorded at six sites per tooth: mesiobuccal/mesiolabial, mid-buccal/mid-labial, distobuccal/distolabial, mesiolingual/mesiopalatal, mid-lingual/mid-palatal, and distolingual/distopalatal sites., Baseline, 1 month, and 3 months|Gingival Index (GI), Gingival inflammation was assessed using the Gingival Index described by Löe and Silness (1963). Gingival Index scores were recorded at six sites per tooth: mesiobuccal/mesiolabial, mid-buccal/mid-labial, distobuccal/distolabial, mesiolingual/mesiopalatal, mid-lingual/mid-palatal, and distolingual/distopalatal sites., Baseline, 1 month, and 3 months|Bleeding on Probing (BOP), Gingival bleeding was assessed using the bleeding on probing method described by Ainamo and Bay (1975). The gingival crevice was gently probed, and sites showing bleeding within 10 seconds after probing were recorded as positive (+), whereas sites without bleeding within 10 seconds were recorded as negative (-). Gingival bleeding was assessed at four sites per tooth: mesiobuccal/mesiolabial, mid-buccal/mid-labial, distobuccal/distolabial, and mid-lingual/mid-palatal sites. The percentage of bleeding sites among the total number of examined sites was calculated., Baseline, 1 month, and 3 months",,Izmir Katip Celebi University,,ALL,"ADULT, OLDER_ADULT",,60,OTHER,OBSERVATIONAL,Observational Model: COHORT | Time Perspective: RETROSPECTIVE,2026-SAEK-0562,2025-01-01,2027-03-15,2028-03-15,2026-09-18,,2026-09-18,"İzmir Katip Çelebi University, Faculty of Dentistry, Izmir, İzmir, 35640, Turkey (Türkiye)",
NCT04799743,The Anti-fibrotic Therapeutic Effects of Resveratrol for Discharged COVID-19 Patients,https://clinicaltrials.gov/study/NCT04799743,HKCOVID19Res,UNKNOWN,A randomized controlled trial (RCT) will be conducted to evaluate the anti-fibrotic therapeutic effects of resveratrol on the clinical symptoms in discharged COVID-19 patients.,NO,Covid-19,DRUG: Resveratrol|DRUG: Placebo capsules,"The handheld basic spirometry, Lung function will be assessed by the handheld basic spirometry (forced expiratory volume, FEV and forced vital capacity, FVC). FEV is the parameter to measure how much air the participants can force from their lungs in one second. Lower FEV-1 readings indicate more significant obstruction. FVC is the largest amount of air that the participants can forcefully exhale after breathing in as deeply as they can. A lower than normal FVC reading indicates restricted breathing. The participants will be trained to check these measurements at home and record the data in the patient diary., 9 months|PRO scores, All the symptoms will be measured by PRO scores according to the clinical symptoms of COVID-19 rehabilitation patients. The scores will be ranged from 0-4: ""0"" indicates none; ""1"" indicates mild; ""2"" indicates moderate; ""3"" indicates moderately severe; and '4"" indicates severe., 9 months|Borg Category-Ratio 0-10 Scale, We will also use Borg Category-Ratio 0-10 Scale (Borg CR10 Scale) to measure dyspnea as recommended by the American College of Sports Medicine (ACSM) guidelines for patients with pulmonary diseases (Asha et al., 2012). The Borg Category Ratio 10 (CR10) Scale® (Borg Dyspnea Scale), will be used to rate the patients' dyspnea and overall fatigue level.

Scale:

0=Rest; 0.5=Really Really Easy; 1=Really Easy; 2=Easy; 3=Moderate; 4=Sort of Hard; 5,6=Hard; 7,8,9=Really Hard; 10=Maximal, 9 months","Lung Function Questionnaire with 6-min walk-test, Lung Function Questionnaire is a simple, brief, self-administered instrument to identify patients appropriate for lung function evaluation by 5 items about the breathing problems and/or frequent cough. It was validated in Chinese and widely used in primary care (Hanania et al., 2010)., 9 months|the World Health Organization Quality of Life Brief Assessment [WHOQOL-BREF (HK)], WHOQOL-BREF (HK) (Leung, K F., et al., 2005) was validated in Hong Kong and widely use in academia and clinicians since 1997. This is a 5-point Likert scale with a total of 28 Questions to identify the perceived QOL of the participants. There are four domains namely Physical Health, Psychological, Social and Environment domains with a maximum of 100., 9 months|Body constitution questionnaires, In 2009, the classification of body constitutions into nine specific types has been recognized by China Association of Chinese Medicine as the standard of body constitution (China Association of Chinese Medicine, 2009). Our research team also validated this questionnaire in Cantonese. The related version of questionnaire will be applied in this study. It is a self-rating scale with good reliability and validity. It contains nine subscales: gentleness, qi-deficiency, yang-deficiency, yin-deficiency, phlegm-dampness, dampness-heat, blood-stasis, qi-depression, and special diathesis. Score of each subscale is standardized from 0 to 100. Gentleness type is a balanced one with higher score indicating a better constitution status, while the other eight types are pathological types with higher score indicating worse constitution status., 9 months",,Hong Kong Baptist University,"Hospital Authority, Hong Kong",ALL,"ADULT, OLDER_ADULT",NA,30,OTHER,INTERVENTIONAL,"Allocation: RANDOMIZED | Intervention Model: PARALLEL | Masking: QUADRUPLE (PARTICIPANT, CARE_PROVIDER, INVESTIGATOR, OUTCOMES_ASSESSOR) | Primary Purpose: TREATMENT",HKCOVID19Resveratrol,2021-04-01,2022-05,2022-05,2021-03-16,,2021-07-16,"Linda Zhong, Kowloon Tong, Kowloon, Hong Kong",
NCT07397026,Clinical and Laboratory Evaluation of Resveratrol Loaded Nanoparticles in the Treatment of Periodontitis: A Randomized Controlled Clinical Trial,https://clinicaltrials.gov/study/NCT07397026,,ACTIVE_NOT_RECRUITING,The Aim of this study is to test the effectiveness of locally applied resveratrol as an adjunct to scaling and root planing in the treatment of periodontitis (primary outcome) . Also to assess the level of COX-2 and superoxide dismutase (SOD) in the gingival crevicular fluid samples using the commercially available kits.,NO,Periodontitis Stage III,DRUG: Resveratrol loaded gel,"Clinical attachment level (CAL) as Clinical periodontal parameter, Patients who are accepted for this study will be screened by periodontal examination and full periodontal charts. Proper Diagnosis of the stages of periodontitis will be based on the new classification proposed in 2017.

Clinical attachment level (CAL) as Clinical periodontal parameter in mm, 3 months","laboratory evaluation of Cox-2 & SOD in GCF, GCF samples will be collected using sterile paper strips and analyzed using the commercially available kits for the assessment of the level of COX-2 and SOD at baseline and after 3 months after treatment for groups 2, 3 and 4 while at baseline only for group 1., 3 months",,Hagar Ahmed Ali Mohammed Elzain,Mansoura University,ALL,ADULT,PHASE1,48,OTHER,INTERVENTIONAL,"Allocation: RANDOMIZED | Intervention Model: PARALLEL | Masking: QUADRUPLE (PARTICIPANT, CARE_PROVIDER, INVESTIGATOR, OUTCOMES_ASSESSOR) | Primary Purpose: TREATMENT",M0102025OM,2025-08-09,2026-03-01,2026-04-01,2026-02-09,,2026-02-09,"Faculty of dentistry , Mansoura university, Al Mansurah, DK, 35516, Egypt",
NCT01158417,Resveratrol in Type2 Diabetes and Obesity,https://clinicaltrials.gov/study/NCT01158417,,TERMINATED,The main objective of this study is to investigate the effect of resveratrol (plant derived food supplement) on inflammatory mediators and insulin resistance at the cellular and molecular level in obese non diabetic and type 2 diabetic subjects in vivo.,NO,Type 2 Diabetes|Obesity|Insulin Resistance,DRUG: Placebo|DRUG: Resveratrol 40 mg oral three times a day|DRUG: Resveratrol 500 mg oral once daily.,"NF-Kb, To investigate the effect of resveratrol on ROS generation and the pro-inflammatory transcription factor NF-kB, 12 weeks","GLP-1, To see whether Resveratrol leads to a greater stimulation of the incretin system and secretion/release of GIP and GLP-1 when compared to that following placebo, 12 weeks",,University at Buffalo,Kaleida Health,ALL,"ADULT, OLDER_ADULT",NA,15,OTHER,INTERVENTIONAL,Allocation: RANDOMIZED | Intervention Model: PARALLEL | Masking: SINGLE (PARTICIPANT) | Primary Purpose: TREATMENT,1935,2008-12,2012-07-08,2012-07-08,2010-07-08,,2022-11-09,"Jeanne Hejna, Williamsville, New York, 14221, United States",
NCT04386499,Biological Effects of Treatment With Resveratrol in ART Patients,https://clinicaltrials.gov/study/NCT04386499,,COMPLETED,To evaluate the effects of a new nutraceutical formulation containing resveratrol (trademark GENANTE) on gamete quality in order to improve the reproductive process during ART.,NO,"Infertility, Female",DIETARY_SUPPLEMENT: Resveratrol|DIETARY_SUPPLEMENT: Folic acid,"follicles, Number of follicles \>16 mm, 6 months|oocytes, number of recovered oocytes, 6 months|MII oocytes, percentage of metaphase II oocytes, 6 months|fertilization, fertilization rates, 6 months|embryos, number of embryos, 6 months|blastocysts, number of blastocysts, 6 months|gonadotropins days, duration of ovarian stimulation (days), 6 months|gonadotropins IU, dosage of gonadotropins (total IU during ovarian stimulation), 6 months","embryos number, number of embryos per transfer, 18 months|implantation, Implantation rate, 18 months|pregnancy, clinical pregnancy rate, 18 months|live birth, live birth rate, 18 months|miscarriage, miscarriage rate, 18 months",,University Of Perugia,,FEMALE,ADULT,NA,100,OTHER,INTERVENTIONAL,"Allocation: RANDOMIZED | Intervention Model: PARALLEL | Masking: DOUBLE (CARE_PROVIDER, INVESTIGATOR) | Primary Purpose: TREATMENT",SR001,2019-01-10,2020-03-11,2020-05-05,2020-05-13,,2020-05-13,"University of Perugia, Piazza Menghini 1, S. Andrea delle Fratte., Perugia, Umbria, 06156, Italy",
NCT04542993,Can SARS-CoV-2 Viral Load and COVID-19 Disease Severity be Reduced by Resveratrol-assisted Zinc Therapy,https://clinicaltrials.gov/study/NCT04542993,Reszinate,TERMINATED,Administration of Zinc and resveratrol or double placebo for a period of 5 days and will be monitored for a 14 day period in covid-19 positive patients in an outpatient setting,NO,Covid19|SARS-CoV Infection,DIETARY_SUPPLEMENT: Zinc Picolinate|DIETARY_SUPPLEMENT: Resveratrol|DIETARY_SUPPLEMENT: Zinc Picolinate Placebo|DIETARY_SUPPLEMENT: Resveratrol Placebo,"Reduction in SARS-CoV-2 Viral load, Viral AUCs normalized to peak viral load and housekeeper genes will be calculated, the AUCs on subjects with complete data will be used as dependent measures in t-tests, regressions and repeated measures mixed ANOVAs to compare viral load reduction between groups, 1 year|Reduction in Severity of COVID-19 Disease, Review of healthcare resource utilization during study period, 1 year",,,Swedish Medical Center,,ALL,"ADULT, OLDER_ADULT",PHASE2,45,OTHER,INTERVENTIONAL,Allocation: RANDOMIZED | Intervention Model: SINGLE_GROUP | Masking: SINGLE (PARTICIPANT) | Primary Purpose: SUPPORTIVE_CARE,SHS KAPH NSWE 20090,2020-09-08,2021-02-05,2021-02-05,2020-09-09,,2022-07-29,"Swedish Medical Center, Seattle, Washington, 98104, United States",
NCT01782911,Effect of Resveratrol on Metabolic Parameters and Oocyte Quality in PCOS Patients,https://clinicaltrials.gov/study/NCT01782911,RES-IVF,COMPLETED,"Polycystic ovary syndrome (PCOS) is characterized by enlarged ovaries, menstrual irregularity and hyperandrogenism and is the most common cause of oligoovulatory infertility. Insulin resistance with resulting hyperinsulinemia is also common among women with PCOS, along with increased risk for dyslipidemia, hypertension, diabetes and related cardiovascular consequences. Resveratrol is a natural polyphenol with anti-carcinogenic, anti-proliferative and pro-apoptotic properties, that has been shown to decrease proliferation and steroidogenesis in theca cells, emerging as a potential therapeutic agent in PCOS patients. However, little is known about its potential beneficial effect on oocyte quality as well as other reproductive outcomes, such as implantation an pregnancy rates. The present study evaluates effects of resveratrol on selected biochemical parameters and reproductive outcome among patients with PCOS who undergo in vitro fertilization (IVF).",NO,Androgen Profile|Inflammatory Markers|IVF Outcome,DIETARY_SUPPLEMENT: Resveratrol|DIETARY_SUPPLEMENT: Placebo pills,"Effect of resveratrol on oocyte quality, 40 days","Effect of resveratrol on testosterone levels., 40 days|Effects of resveratrol on inflammatory markers, 40 days|Effects of resveratrol on the fertilization rate., 40 days|Effects of resveratrol on the pregnancy rate., 40 days",,IVI Madrid,,FEMALE,ADULT,NA,10,OTHER,INTERVENTIONAL,"Allocation: RANDOMIZED | Intervention Model: PARALLEL | Masking: DOUBLE (PARTICIPANT, INVESTIGATOR) | Primary Purpose: TREATMENT",MAD-IO-01-2013-01,2013-02-01,2013-02-01,2013-02-01,2013-02-04,,2019-08-20,"Ivi Madrid, Madrid, 28023, Spain",
NCT02621554,Impact of Resveratrol on Brain Function and Structure,https://clinicaltrials.gov/study/NCT02621554,,COMPLETED,The study will investigate whether resveratrol could provide positive effects on memory and brain structures and functions in healthy elderly participants.,NO,Healthy,DIETARY_SUPPLEMENT: resveratrol supplementation|DIETARY_SUPPLEMENT: Placebo,"Change from baseline Verbal Learning Task Scores at 6 months, Baseline (timepoint 0), after 6 months (timepoint 6 months)","Change from baseline Verbal Learning Task Scores at 12 months, after 12 months (timepoint 12 months)|Mini Mental State Examination, Baseline (timepoint 0), after 6 months (timepoint 6 months) and after 12 months (timepoint 12 months)|Structural changes on the brain MRI images, Baseline (timepoint 0), after 6 months (timepoint 6 months) and after 12 months (timepoint 12 months)|Functional changes on the brain MRI images, Baseline (timepoint 0), after 6 months (timepoint 6 months) and after 12 months (timepoint 12 months)|Plasma biomarkers, Baseline (timepoint 0), after 6 months (timepoint 6 months) and after 12 months (timepoint 12 months)",,Max Planck Institute for Human Cognitive and Brain Sciences,University of Leipzig|Evolva SA,ALL,"ADULT, OLDER_ADULT",NA,60,OTHER,INTERVENTIONAL,"Allocation: RANDOMIZED | Intervention Model: PARALLEL | Masking: TRIPLE (PARTICIPANT, INVESTIGATOR, OUTCOMES_ASSESSOR) | Primary Purpose: PREVENTION",resveratrol_mpi_01,2016-04,2017-01,2017-01,2015-12-03,,2017-02-08,"Department of Neurology, Max Planck Institute for Human Cognitive and Brain Sciences, Leipzig, Germany",
NCT01747252,Pharmacokinetics of Resveratrol Comprising Products,https://clinicaltrials.gov/study/NCT01747252,,COMPLETED,This study was designed to assess the pharmacokinetics of 2 doses of Red Grape Cells (RGC) containing resveratrol compared with a reference. RGC will be administered as single oral dose to fasting healthy volunteers. Plasma concentration of free resveratrol and total conjugates will be analyzed.,NO,Healthy,DIETARY_SUPPLEMENT: RGC|DIETARY_SUPPLEMENT: RGC|DIETARY_SUPPLEMENT: Resveratrol,"Individual plasma concentrations of free and conjugated resveratrol, Pharmacokinetic data such as the peak plasma concentration (Cmax), time to peak (Tmax) ans area under the concentration-time curves (AUCt) will be reported., 24 hours",,,Fruitura Bioscience Ltd.,,MALE,ADULT,NA,15,INDUSTRY,INTERVENTIONAL,"Allocation: RANDOMIZED | Intervention Model: CROSSOVER | Masking: TRIPLE (PARTICIPANT, INVESTIGATOR, OUTCOMES_ASSESSOR)",08/12,2012-08,2012-10,2013-03,2012-12-11,,2013-05-03,"BioStudies Center, Beersheba, 84101, Israel",
NCT01564381,Effects of Resveratrol Supplements on Vascular Health in Postmenopausal Women,https://clinicaltrials.gov/study/NCT01564381,,COMPLETED,"The investigators hope to learn if resveratrol supplementation can be beneficial for the cardiovascular system. Seeing that resveratrol is rapidly metabolized, the investigators are interested in learning if a novel form of resveratrol, ResA, which is a mixture of resveratrol with amino acid, may have greater bioavailability and lead to greater improvement in vascular function, compared to standard resveratrol supplement.",NO,Cardiovascular Disease,DIETARY_SUPPLEMENT: ResA|DIETARY_SUPPLEMENT: Resveratrol|DIETARY_SUPPLEMENT: Placebo,"Bioavailability of a novel formulation of resveratrol (ResA) compared to a standard resveratrol supplement, We will assess metabolites concentrations of resveratrol and ResA in plasma via HPLC method., up to 2 hour after consumption|Change in vascular function in response to ResA compared to native resveratrol, We will assess changes in vascular function measured by peripheral arterial tonometry., up to 2 hours after consumption","Change in platelet reactivity in response to ResA intake, We will assess platelet function in response to ADP, collagen and arachidonic acid as measured by platelet aggregometer., 1 hour after consumption",,"University of California, Davis",Gateway Health Alliance,FEMALE,"ADULT, OLDER_ADULT",PHASE1|PHASE2,64,OTHER,INTERVENTIONAL,"Allocation: RANDOMIZED | Intervention Model: CROSSOVER | Masking: DOUBLE (PARTICIPANT, INVESTIGATOR) | Primary Purpose: PREVENTION",270881,2012-03,2015-03,2015-03,2012-03-27,,2017-07-14,"University of California, Davis - Ragle Human Nutrition Research Center, Davis, California, 95616, United States",
NCT04400890,"Randomized Proof-of-Concept Trial to Evaluate the Safety and Explore the Effectiveness of Resveratrol, a Plant Polyphenol, for COVID-19",https://clinicaltrials.gov/study/NCT04400890,,TERMINATED,Resveratrol is a plant polyphenol (that is sold commercially as a supplement) that might help fight coronavirus as well as help protect the body from the effects of disease (COVID-19) caused by the infection. In this proof-of-concept pilot study we will compare the effects of resveratrol to placebo to assess the safety of the resveratrol and explore effectiveness.,YES,COVID-19,DRUG: Resveratrol|DIETARY_SUPPLEMENT: Vitamin D3,"Hospitalization Rates for COVID-19, Number of study participants admitted to the hospital within 21 days of randomization, 21 days from study randomization","ICU Admission Rates, Number of study participants admitted within 21 who subsequently get admitted to the ICU, 21 days from randomization|Invasive Ventilation Rates, Number of study participants who get admitted with 21 day of randomization who receiving invasive ventilation., 21 days from randomization|Pneumonia, Number of study participants are diagnosed with pneumonia with 21 day of randomization, 21 days from randomization|Pulmonary Embolism, Number of study participants are diagnosed with pulmonary embolism with 21 day of randomization, 21 days from start of randomization.|Death, Number of study participants who died with 21 day of randomization, Within 21 days from randomization","Adverse Events, Diarrhea, nausea, abdominal cramping, 60 days from randomization","Marvin McCreary, MD",,ALL,"ADULT, OLDER_ADULT",PHASE2,105,OTHER,INTERVENTIONAL,"Allocation: RANDOMIZED | Intervention Model: PARALLEL | Masking: QUADRUPLE (PARTICIPANT, CARE_PROVIDER, INVESTIGATOR, OUTCOMES_ASSESSOR) | Primary Purpose: TREATMENT",McCreary2020,2020-09-13,2021-03-01,2021-03-01,2020-05-26,2023-02-24,2023-02-24,"Mt Carmel HealthSystems, Columbus, Ohio, 43213, United States","Study Protocol and Statistical Analysis Plan: Study Protocol with SAP, https://cdn.clinicaltrials.gov/large-docs/90/NCT04400890/Prot_SAP_001.pdf"
NCT01668836,Influence of Caloric Restriction and Resveratrol in the Sirtuin System in Women and Men Aged 55 to 65 Years,https://clinicaltrials.gov/study/NCT01668836,,COMPLETED,"Women have a natural protection that gives them greater longevity. One hypothesis most commonly used is the estrogen protection in the premenopausal period. However many studies of various forms of hormone replacement therapy proved ineffective in promoting additional protection for women. Thus, it is discussed other ways of protection associated with longevity in women. Of these, the sirtuin system was found in several animal studies to be associated with longevity. This system also showed, through the involvement of several metabolic pathways, an important protection against the process of atherosclerosis. But the activity of this system in humans is unknown and if it is more active in women than in men. The study's main objectives are to analyze this system in healthy 24 women and 24 men aged 55 to 65 years, and their influence on the main metabolic pathways related to longevity and the process of atherosclerosis. The research protocol includes analysis of the influence of sirtuin (SIRT1) in vascular reactivity, lipid profile, antioxidant capacity, markers of inflammation and homeostasis, before and after the interventions with caloric restriction or resveratrol administration. It is expected of this study mechanistic conclusion for longevity and possible clinical applications in the mechanism of atherosclerosis prevention.",YES,Vascular System Injuries|Lipid Metabolism Disorders|Endothelial Disfunction,DRUG: Resveratrol|BEHAVIORAL: Caloric restriction,"Direct Evaluation of the Sirtuin 1 Gene Expression, The Sirtuin 1 gene expression was measured by real time PCR in peripheric blood. Unit of measure was arbitrary unit. ""Arbitrary unit was relative to the control gene expression (control gene = 1)""., 30 days post-treatment|Sirtuin, Sirtuin plasma levels before and 30 days post-treatment, 30 days post-treatment","Influence of the Sirtuin 1 System on Lipid Profile, Glucose, and C-reactive Protein., For indirect analysis of the sirtuin 1 system, the following procedures will be done before and after the intervention with caloric restriction or resveratrol administration:

\- serum HDL, LDL, lipoprotein(a), C reactive protein, glucose., 30 days post-treatment|Influence of the Sirtuin 1 System on Apolipoproteins AI and B., For indirect analysis of the sirtuin 1 system, the following procedures will be done before and after the intervention with caloric restriction or resveratrol administration:

\- apolipoproteins AI and B, 30 days post-treatment|Influence of the Sirtuin 1 System on Estradiol, For indirect analysis of the sirtuin 1 system, the following procedures will be done before and after the intervention with caloric restriction or resveratrol administration:

\- estradiol, 30 days post-treatment|Influence of the Sirtuin 1 System on Platelet Aggregation., For indirect analysis of the sirtuin 1 system, the following procedures will be done before and after the intervention with caloric restriction or resveratrol administration:

\- platelet aggregation by ADP and norepinephrine., 30 days post-treatment|Influence of the Sirtuin 1 System on Biomarkers, For indirect analysis of the sirtuin 1 system, the following procedures will be done before and after the intervention with caloric restriction or resveratrol administration:

\- non-esterified fatty acids, insulin, luteinizing hormone, follicle stimulating hormone., 30 days post-treatment|Influence of the Sirtuin 1 System on Estrone and Norepinephrine., For indirect analysis of the sirtuin 1 system, the following procedures will be done before and after the intervention with caloric restriction or resveratrol administration:

\- estrone, norepinephrine., 30 days post-treatment|Influence of the Sirtuin 1 System on Receptor for Advanced Glycation End Products (RAGE) Gene Expression, For indirect analysis of the sirtuin 1 system, the following procedures will be done before and after the intervention with caloric restriction or resveratrol administration:

* RAGE gene expression
* ""Arbitrary unit was relative to the control gene expression (control gene = 1)"", 30 days post-treatment|Influence of the Sirtuin 1 System on Thromboelastography Clot Formation., For indirect analysis of the sirtuin 1 system, the following procedures will be done before and after the intervention with caloric restriction or resveratrol administration:

-dynamics of clot formation: clot onset time and clot complet, 30 days post-treatment|Influence of the Sirtuin 1 System on Thromboelastography., For indirect analysis of the sirtuin 1 system, the following procedures will be done before and after the intervention with caloric restriction or resveratrol administration:

\- slope of clot formation dynamics, 30 days post-treatment|Influence of the Sirtuin 1 System on Max Elasticity of Clot on Thromboelastography., For indirect analysis of the sirtuin 1 system, the following procedures will be done before and after the intervention with caloric restriction or resveratrol administration:

-max elasticity of clot on thromboelastography, 30 days post-treatment","Differences Between Men and Women., We will also compare women vs men baseline and final data., 30 days",InCor Heart Institute,,ALL,"ADULT, OLDER_ADULT",NA,48,OTHER,INTERVENTIONAL,Allocation: RANDOMIZED | Intervention Model: PARALLEL | Masking: NONE | Primary Purpose: PREVENTION,788012|2012/01051-5,2012-08,2014-07,2014-12,2012-08-20,2016-04-18,2016-04-18,"INCOR - Heart Institute, São Paulo, São Paulo, 05403-900, Brazil",
NCT03384329,Efficacy of Resveratrol in Depression,https://clinicaltrials.gov/study/NCT03384329,,COMPLETED,"Patients with depression (target number - 60) receive resveratrol 500 mg or placebo (1:1) each morning daily for 1 month with primary outcome measures of the score change on depression rating scale HDRS-17 and change in SIRT1 activity in the blood measured 4 times over the study period (before, in the middle, after the intervention, and in 2 week follow up).",YES,Depression,DRUG: Resveratrol Pill|DRUG: Placebos,"Change in Total HDRS-17 Score From Baseline to Week 4, Hamilton Depression Rating Scale 17 items, total score range 0-53 (53 - worse), 4 weeks|Change in SIRT1 Activity From Baseline to Week 4, SIRT1 is enzyme sirtuin-1 which activity is measured in the blood, 4 weeks","Change in Total BDI-II Score From Baseline to Week 4, Beck Depression Inventory 21 items, total score range 0-63 (63 - worse), 4 weeks",,Russian Academy of Medical Sciences,Russian Science Foundation,ALL,"ADULT, OLDER_ADULT",PHASE4,30,OTHER,INTERVENTIONAL,"Allocation: RANDOMIZED | Intervention Model: PARALLEL | Masking: QUADRUPLE (PARTICIPANT, CARE_PROVIDER, INVESTIGATOR, OUTCOMES_ASSESSOR) | Primary Purpose: TREATMENT",RESV-depression,2018-07-04,2019-08-27,2019-09-18,2017-12-27,2020-11-17,2020-12-08,"Lyubomir I. Aftanas, Novosibirsk, 630117, Russia","Study Protocol and Statistical Analysis Plan, https://cdn.clinicaltrials.gov/large-docs/29/NCT03384329/Prot_SAP_000.pdf"
NCT05172947,Effect of Resveratrol and Pharmacist Intervention on Diabetes Mellitus and Its Neuropathic Complication,https://clinicaltrials.gov/study/NCT05172947,,COMPLETED,"Management of symptoms associated with diabetic neuropathy is a difficult issue for clinicians since it usually does not respond to standard analgesics. Resveratrol is a naturally occurring plant-derived, polyphenolic compound, it exerts pleiotropic activity. The investigators believed that the implementation of multidisciplinary approaches including pharmacotherapy and provision of healthcare professional services such as pharmacist intervention are needed for alleviation of diabetic associated neuropathy.Therefore, the hypothesis of the present protocol is that the administration of resveratrol and/or provision of pharmaceutical care in patients with diabetic neuropathy might be of value in improving quality of life and managing diabetic neuropathic pain.The study is designed as a four-arm randomized, placebo-controlled clinical trial. Group one will be given only conventional hypoglycemic drugs. Group two patients will receive conventional hypoglycemic drugs accompanied by pharmacist interventions. Group three; patients will receive resveratrol 500 mg orally once daily after meals for three months, in addition to their regular hypoglycemic drugs. Group four; patients will receive resveratrol 500 mg orally once daily after meals along with their regular hypoglycemic drugs for a period of three months, accompanied by pharmacist interventions. Neuropathic pain will be measured by various neuropathic pain assessment tools. Nerve conduction studies will be performed to assess the effect of interventional therapy. The expected outcome will be the improvement of diabetic neuropathy associated symptoms along with glycemic status.",NO,Diabetic Neuropathies,DRUG: Resveratrol|DRUG: Placebo|OTHER: Resveratrol plus Pharmaceutical care|OTHER: Placebo+Pharmaceutical care,"visual analog scale (VAS), to assess neuropathic pain, VAS scale ranges between 0-10 , 0 indicates no pain while 10 indicates severe pain., up to 3 months|Douleur Neuropathique 4 questionnaire (DN4), to assess the severity of diabetic peripheral neuropathy., up to 3 months|The Michigan Neuropathy Screening Instrument (MNSI), to assess the severity of diabetic peripheral neuropathy, up to 3 months|Electroneurography, Motor nerve conduction velocity (m/s), sensory nerve conduction velocity(m/s) will be measured using surface electrodes., up to 3 months|Assessment of Quality of Life, using the RAND-36 health survey questionnaire, up to 3 months|Serum neopterin levels, biochemical marker for peripheral neuropathy, up to 3 months","The mean change in fasting blood glucose, to assess glycemic status, up to 3 months|Mean change of glycated hemoglobin (HbA1c)-mmol/l, to assess glycemic status, up to 3 months|Measurement of serum level of LDL, cholesterol, HDL, Triglyceride, to assess the effect of the interventions on metabolic changes, up to 3 months",,University of Sulaimani,,ALL,"ADULT, OLDER_ADULT",NA,120,OTHER,INTERVENTIONAL,"Allocation: RANDOMIZED | Intervention Model: PARALLEL | Masking: TRIPLE (PARTICIPANT, INVESTIGATOR, OUTCOMES_ASSESSOR) | Primary Purpose: TREATMENT",University of Sulaimani,2021-12-05,2022-12-01,2022-12-15,2021-12-29,,2023-03-14,"College of Pharmacy-University of Sulaimani, Sulaymānīyah, 00964, Iraq",
NCT01635114,Effect of resVida on Liver Fat Content,https://clinicaltrials.gov/study/NCT01635114,resVida NAFL,COMPLETED,"The purpose of this study is to investigate the effects of the antioxidant ""resveratrol"" on liver fat content, body-composition and insulin sensitivity

Resveratrol is found in grape skin, wine, peanuts, and mulberries and is thought to have health benefits such as improving fat metabolism, insulin action, and possibly extending lifespan. resVida™ is the name for the dietary supplement containing the natural antioxidant ""resveratrol"". resVida™ will be supplied by DSM Nutritional Products, Ltd.

resVida™ is considered a dietary supplement, and therefore it is not an approved drug by German Authority. It is regulated like a food. The makers of resVida™ make no claim that this supplement is meant to treat any ailment.

This study is designed to investigate the health benefits of resveratrol.",NO,Elevated Liver Fat Content and Insulin Resistance,DIETARY_SUPPLEMENT: resveratrol|DIETARY_SUPPLEMENT: Placebo,"Liver fat content, Measured by 1H-MRS, 3 months","Body composition, Total body-, visceral- and abdominal subcutaneous fat mass and intramyocellular fat content by MR tomography and 1H-MRS, 3 months|Insulin sensitivity, Fasting serum insulin - HOMA-IR Oral Glucose Tolerance Test (OGTT) Matsuda insulin sensitivity index), 3 months|Intima-media thickness, Of common carotid artery, 3 months|Blood analytes, Blood biochemistry, 3 months|Cardiorespiratory fitness, VO2max, 3 months",,University Hospital Tuebingen,dsm-firmenich Switzerland AG,ALL,"ADULT, OLDER_ADULT",NA,112,OTHER,INTERVENTIONAL,"Allocation: RANDOMIZED | Intervention Model: PARALLEL | Masking: QUADRUPLE (PARTICIPANT, CARE_PROVIDER, INVESTIGATOR, OUTCOMES_ASSESSOR) | Primary Purpose: PREVENTION",2009-12-10-RESV,2012-06,2013-12,2015-09,2012-07-06,,2016-10-25,"University Hospital Tuebingen, Tübingen, 72076, Germany",
NCT05410093,Clinical Efficacy Analysis of Resveratrol in the Treatment of Primary Ovarian Insufficiency,https://clinicaltrials.gov/study/NCT05410093,,UNKNOWN,"Resveratrol is a natural plant antitoxin widely found in grapes, mulberries, and other plants. Resveratrol mediates a variety of pharmacological effects, including antioxidant, immunomodulatory, anti-inflammatory, and anti-apoptotic, and plays a protective and therapeutic role in the development of several ROS-related diseases, including POI/POF.",NO,Primary Ovarian Insufficiency,DRUG: Resveratrol|DRUG: Vitamin E,"Follicle-stimulating hormone (FSH), Compare Differences, Third day of menstruation|Luteinizing hormone (LH), Compare Differences, Third day of menstruation","Anti-Mullerian hormone (AMH), Compare Differences, Third day of menstruation|Estradiol hormone (E2), Compare Differences, Third day of menstruation|Testosterone (T), Compare Differences, Third day of menstruation",,Affiliated Hospital of Nantong University,,FEMALE,ADULT,NA,150,OTHER,INTERVENTIONAL,"Allocation: RANDOMIZED | Intervention Model: SEQUENTIAL | Masking: TRIPLE (PARTICIPANT, INVESTIGATOR, OUTCOMES_ASSESSOR) | Primary Purpose: TREATMENT",LCYJ-B05,2022-02-01,2024-07-31,2024-07-31,2022-06-08,,2022-06-08,"B ultrasound, Nantong, Jiangsu, 226000, China","Study Protocol, https://cdn.clinicaltrials.gov/large-docs/93/NCT05410093/Prot_000.pdf|Statistical Analysis Plan, https://cdn.clinicaltrials.gov/large-docs/93/NCT05410093/SAP_001.pdf"
NCT03546530,The Curative Effect and Security of Interferon Combined Resveratrol on HBeAg Positive Chronic Hepatitis B Patients,https://clinicaltrials.gov/study/NCT03546530,,COMPLETED,"The purpose of this study is to use Interferon Combined Resveratrol to treat patients with hepatitis B, which may provide a novel therapy target hepatitis B.",NO,Hepatitis B|Interferon,DRUG: Interferon|DRUG: Interferon+resveratrol,"HBeAg seroconversion rate, HBeAg seroconversion rate, 48week",,,The First Hospital of Jilin University,,ALL,"ADULT, OLDER_ADULT",NA,228,OTHER,INTERVENTIONAL,Allocation: RANDOMIZED | Intervention Model: PARALLEL | Masking: NONE | Primary Purpose: TREATMENT,2014ZX10002002,2016-06-01,2017-01,2017-01,2018-06-06,,2020-10-14,,
NCT02523274,Resveratrol and Exercise to Treat Functional Limitations in Late Life,https://clinicaltrials.gov/study/NCT02523274,,COMPLETED,The purpose of this research study is to evaluate the effects of combining physical exercise with a resveratrol supplementation on the physical function of older adults.,YES,Aging,DRUG: Resveratrol|DRUG: Placebo|BEHAVIORAL: Exercise,"Walking Speed, Walking speed is assessed by asking the participants to walk at their usual pace over a 4 m course. Participants are to stand with both feet touching the starting line and to start walking after a verbal command is given, and the time needed to complete the entire distance will be recorded. The faster of two walks will be used and changes between the groups at baseline and 12 weeks will be assessed., Change at Baseline to 12 weeks","Short Physical Performance Battery (SPPB)., Investigators will assess lower-extremity function by asking the participants to perform a series of tasks including: walking at their usual pace over a 4 m course, repeated chair stands, and a balance test. Each task is scored from 0 to 4, with 4 indicating best level of performance and 0 the inability to complete the test. A summary score (0-12) is then calculated. Higher score on the scale is reflective of higher function and lower score reflects lower functioning. Changes between the groups at baseline and 12 weeks will be assessed., Change between baseline to 12 weeks|Isokinetic Strength., Isokinetic strength of the dominant limb will be assessed by a standard dynamometer and changes between the groups at baseline and 12 weeks will be assessed., Change between baseline and 12 weeks|6-minute Walk Test, Investigators will assess exercise capacity of participants using the six-minute (6-min) walk test to assess change in meters walked between the groups at baseline and 12 weeks., Change between Baseline and 12 weeks|Late-Life Function and Disability Instrument, The instrument includes 16 tasks representing a broad range of disability indicators that assesses both frequency of doing a task and perceived limitation. The instrument uses a scale from 0 to 100, with higher scores indicating higher levels of function., Change at Baseline to 12 weeks",,University of Florida,National Institute on Aging (NIA)|University of Alabama at Birmingham,ALL,OLDER_ADULT,PHASE2,60,OTHER,INTERVENTIONAL,"Allocation: RANDOMIZED | Intervention Model: PARALLEL | Masking: DOUBLE (PARTICIPANT, INVESTIGATOR) | Primary Purpose: TREATMENT",IRB201500598 -N|R21AG049974,2016-06,2019-05,2019-07-17,2015-08-14,2022-01-13,2022-01-13,"UAB Center for Exercise Medicine, Birmingham, Alabama, 35294, United States","Study Protocol and Statistical Analysis Plan, https://cdn.clinicaltrials.gov/large-docs/74/NCT02523274/Prot_SAP_000.pdf|Informed Consent Form, https://cdn.clinicaltrials.gov/large-docs/74/NCT02523274/ICF_001.pdf"
NCT01331382,Cerebral Blood Flow Effects of Resveratrol and Piperine in Humans,https://clinicaltrials.gov/study/NCT01331382,,COMPLETED,"Resveratrol is associated with a plethora of physiological effects in humans, including modulation of cerebral blood flow, despite apparently poor bioavailability. This study investigated whether the physiological effects of resveratrol could be affected when co-supplemented with piperine, an alkaloid which may be able to enhance the bioavailability of resveratrol.",NO,Healthy,DIETARY_SUPPLEMENT: Trans- resveratrol|OTHER: Placebo (silica),"Modulation of levels of total haemoglobin, 80 minutes following treatment administration|Modulation of levels of deoxygenated haemoglobin, 80 minutes following treatment administration|Modulation of levels of oxygenated haemoglobin, 80 minutes following treatment administration","Number of participants displaying significant modulation of cognitive performance, Cognitive performance was assessed at baseline and then again 40 minutes post-treatment to assess if any changes had taken place., 40-80 minutes post dose",,Northumbria University,,ALL,ADULT,NA,23,OTHER,INTERVENTIONAL,"Allocation: RANDOMIZED | Intervention Model: FACTORIAL | Masking: DOUBLE (PARTICIPANT, INVESTIGATOR)",22AB2,2010-04,2010-11,2010-11,2011-04-08,,2011-04-08,"Brain performance and nutrition research centre, Northumbria university, Newcastle upon Tyne, Tyne and Wear, NE1 8ST, United Kingdom",
NCT02704494,Resveratrol's Effects in Diabetic Nephropathy,https://clinicaltrials.gov/study/NCT02704494,ReDNeph,COMPLETED,The aim of this study is to evaluate the safety and effects of resveratrol in treatment of diabetic nephropathy.,NO,Diabetic Nephropathy,DRUG: Resveratrol|DRUG: Placebo|DRUG: Losartan,"Urine albumin level, 3 months|Serum creatinin, 3 months","Fasting blood sugar (FBS), 3 months|Glycosylated hemoglobin (A1C), 3 months|Liver aminotransferases (ALT and AST), 3 months|Serum insulin level, 3 months|Number of patients with adverse events, 3 months",,Shiraz University of Medical Sciences,,ALL,"ADULT, OLDER_ADULT",EARLY_PHASE1,60,OTHER,INTERVENTIONAL,"Allocation: RANDOMIZED | Intervention Model: PARALLEL | Masking: QUADRUPLE (PARTICIPANT, CARE_PROVIDER, INVESTIGATOR, OUTCOMES_ASSESSOR) | Primary Purpose: TREATMENT",93-01-49-9028,2016-03,2017-02,2017-02,2016-03-10,,2017-10-05,"Shahid Motahhari Clinic, Shiraz University of Medical Sciences, Shiraz, Fars, Iran",
NCT04166396,Non-pulmonary Contributors of Exercise Intolerance in Patients With Cystic Fibrosis,https://clinicaltrials.gov/study/NCT04166396,,COMPLETED,The purpose of this research study is to examine if the use of antioxidant supplements impacts exercise intolerance in people with CF.,NO,Cystic Fibrosis,DRUG: Resveratrol|DRUG: NR|DIETARY_SUPPLEMENT: Placebo,"Change in Sirtuin1 (Sirt1), Sirt1 will be assessed via a standard assay from samples taken from the participant's vein, Change from baseline to up to 20 weeks",,,Virginia Commonwealth University,,ALL,"ADULT, OLDER_ADULT",EARLY_PHASE1,8,OTHER,INTERVENTIONAL,"Allocation: RANDOMIZED | Intervention Model: CROSSOVER | Masking: DOUBLE (PARTICIPANT, INVESTIGATOR) | Primary Purpose: TREATMENT",HM20016707,2020-02-17,2024-07-30,2024-07-30,2019-11-18,,2025-07-03,"Virginia Commonwealth University, Richmond, Virginia, 23298, United States",
NCT02766803,Effects of Simvastatin and Micronized Trans-resveratrol Treatment on Polycystic Ovary Syndrome (PCOS) Patients,https://clinicaltrials.gov/study/NCT02766803,,UNKNOWN,"Polycystic ovary syndrome (PCOS) is the most common endocrinopathy affecting women of reproductive age. Hyperandrogenism is the central feature of PCOS. Studies on isolated ovarian theca-interstitial cells indicate that resveratrol, a natural polyphenol, reduces androgen production.

This study is designed to evaluate the endocrine and metabolic effects of simvastatin and resveratrol on PCOS.

Methods: A randomized (1:1) double-blind, placebo-controlled trial will evaluate the effects of administering 20 mg of simvastatin daily and 500 mg of resveratrol daily, or administering 20 mg simvastatin and the placebo to women with PCOS at an academic hospital. PCOS is defined according to the Rotterdam criteria. Evaluations are performed at baseline and repeated after 3 and 6 months of treatment. The main outcome is a change of the serum total testosterone and the fasting insulin level.",NO,"PCOS, Insulin Resistance",DRUG: Simvastatin and micronized trans-resveratrol,"testosterone serum concentration, 2 years",,,Poznan University of Medical Sciences,"University of California, San Diego",FEMALE,ADULT,PHASE4,60,OTHER,INTERVENTIONAL,"Allocation: RANDOMIZED | Intervention Model: SINGLE_GROUP | Masking: DOUBLE (PARTICIPANT, INVESTIGATOR) | Primary Purpose: TREATMENT",PoznanUMS 3,2016-05,2017-06,2018-06,2016-05-10,,2016-09-08,"Division of Infertility and Reproductive Endocrinology, Department of Gynecology and Obsterics, Poznan, 60-184, Poland",
NCT06095635,Acute Influence of Resveratrol Supplementation and Beet Extract in Recovery After Exercise in Coronary Paths,https://clinicaltrials.gov/study/NCT06095635,,COMPLETED,"Introduction: Most cardiovascular diseases (CVD) can be prevented and controlled by adopting lifestyle changes, such as regular physical exercise and nutrition. Resveratrol and beverage extract promote beneficial health effects due to their nutritional properties. Objective: to analyze the effects of resveratrol supplementation and withdrawal extract on post-exercise recovery in coronary heart disease patients. Methods: men diagnosed with ischemic coronary artery disease will undergo four exercise protocols consisting of 30 minutes of aerobic exercise on an ergometric treadmill, with 5 minutes of warm-up, intensity of 30% of the heart rate reserve (HRR), followed by 25 minutes at intensity 60% of FCR and for a final 30 minutes of recovery in the supine position. Before each exercise protocol, all volunteers will consume: 500 mg of placebo (starch), or 500 mg of beetroot, or 500 mg of resveratrol and will also consume resveratrol and drink (500 mg each) 30 minutes before exercise. , the order of each supplementation will be done randomly. Cardiorespiratory parameters and heart rate variability (HRV) will be assessed at different times throughout the experimental procedure. To analyze the moments (rest versus recovery), the Bonferroni post-test will be used for parametric distribution or the Dunn post-test for non-parametric distribution. Statistical significance will be calculated at 5% for all analyses.",NO,Coronary Artery Disease|Autonomic Nervous System Disease|Blood Pressure|Heart Rate,OTHER: Placebo Protocol|OTHER: Protocol Beet|OTHER: Protocol Resveratrol|OTHER: Protocol Beet and Resveratrol,"Heart rate variability (HRV), Time and frequency domain of HRV, through study completion, an average of 1 hour","Blood Pressure, Systolic Blood Pressure and Diastolic Blood Pressure, through study completion, an average of 1 hour",,Universidade Estadual Paulista Júlio de Mesquita Filho,,MALE,"ADULT, OLDER_ADULT",NA,17,OTHER,INTERVENTIONAL,"Allocation: RANDOMIZED | Intervention Model: CROSSOVER | Masking: QUADRUPLE (PARTICIPANT, CARE_PROVIDER, INVESTIGATOR, OUTCOMES_ASSESSOR) | Primary Purpose: OTHER",UEPJMG,2022-03-10,2023-01-10,2023-09-30,2023-10-23,,2023-10-23,"Universidade Estadual Paulista, Presidente Prudente, São Paulo, 19060-900, Brazil",
NCT01964846,Effect of Antioxidant Intake on Cardiovascular Risk,https://clinicaltrials.gov/study/NCT01964846,,COMPLETED,"The general objective of this project is to investigate the acute effect of consuming a dietary supplement combining resveratrol and curcumin on the inflammatory response following the consumption of a high-fat meal in healthy subjects with slightly elevated waist circumference.

The study will be undertaken according to a double-blind, cross over, randomized, placebo controlled design and will be conducted at the Institute of Nutrition and Functional Foods (INAF) of Laval University. The study will involve a total of 20 healthy subjects (10 men and 10 women. Included subjects will undergo an 6-hour oral fat tolerance, on two separate occasions (one time following dietary supplement consumption and one time following consumption of a placebo). The two test days will be separated by maximum of two weeks. The outcomes are the changes in the plasma levels of inflammatory cytokines in their gene expression.",NO,Effect of Resveratrol and Curcumin on Inflammation,"DIETARY_SUPPLEMENT: Resveratrol, curcumin|DIETARY_SUPPLEMENT: Placebo","Change in blood levels of anti- and pro-inflammatory markers, At the end of the two lipid tolerance tests [week0; week 2]","Change in the expression of anti- and pro-inflammatory genes in total blood RNA from white blood cells (WBC), At the end of the two lipid tolerance tests [week0; week 2]",,Laval University,Atrium Innovations,ALL,"ADULT, OLDER_ADULT",NA,22,OTHER,INTERVENTIONAL,"Allocation: RANDOMIZED | Intervention Model: CROSSOVER | Masking: TRIPLE (PARTICIPANT, INVESTIGATOR, OUTCOMES_ASSESSOR) | Primary Purpose: PREVENTION",INAF-2013-023,2013-10,2014-03,2015-03,2013-10-17,,2015-09-22,"Institute on Nutrition and Functional Foods (INAF), Laval University, Québec, Quebec, G1V 0A6, Canada",
NCT01010009,The Cognitive and Cerebral Blood Flow Effects of Resveratrol,https://clinicaltrials.gov/study/NCT01010009,,COMPLETED,"Research shows that resveratrol is able to induce vasodilation (and therefore blood flow) by interacting with nitric oxide (NO). Research also shows that acute administration of metabolic substrates, like oxygen and glucose, can enhance aspects of cognitive performance in young, healthy humans. The aim of this investigation was to determine if the consumption of resveratrol could modulate cerebral blood flow and if this in turn could influence cognitive performance by increasing access to blood borne metabolic fuel. Results showed that compared to placebo, after consuming 500mg pure trans-resveratrol, levels of total haemoglobin were significantly higher in the frontal cortex of young, healthy participants during cognitive task completion. Cognitive performance was not effected.",YES,Cognitive and Cerebral Blood Flow Effects of Resveratrol,DIETARY_SUPPLEMENT: Trans- resveratrol|OTHER: Placebo (silica),"Modulation of Levels of Total Haemoglobin, This outcome measure provides the change from baseline values (in µmol/L) of total levels of haemoglobin during the 46-81 min post dose testing period. This was measured in the frontal cortex by near infrared spectroscopy (NIRS)., 0-81 mins (absorption period=1- 45 mins , post dose period 46- 81 mins)|Modulation of Deoxygenated Levels of Haemoglobin, This outcome measure provides the change from baseline values (in µmol/L) of levels of deoxygenated haemoglobin during the 46-81 min post dose testing period. This was measured in the frontal cortex by near infrared spectroscopy (NIRS)., 0-81 mins (absorption period=1- 45 mins , post dose period 46- 81 mins)","Number of Participants With Significant Modulation of Cognitive Performance, This outcome measure assessed any significant modulation of cognitive task performance during the 46-81 min post dose period. The cognitive tasks utilized were cognitively demanding computer based, numerical tasks which assessed working memory. Significant modulation is defined as significant difference between baseline and post-dose task performance., 46-81 mins post dose",,Northumbria University,,ALL,ADULT,NA,24,OTHER,INTERVENTIONAL,"Allocation: RANDOMIZED | Intervention Model: CROSSOVER | Masking: DOUBLE (INVESTIGATOR, OUTCOMES_ASSESSOR) | Primary Purpose: BASIC_SCIENCE",22P2,2008-06,2009-03,2009-03,2009-11-09,2011-04-18,2012-05-23,"Northumbria University, Newcastle upon Tyne, NE1 8ST, United Kingdom",
NCT07060157,Comparative Efficacy of Resveratrol 1 % Gel and Trichloroacetic Acid 20% in Treatment of Melasma: A Split-face Study,https://clinicaltrials.gov/study/NCT07060157,,NOT_YET_RECRUITING,"1. To evaluate the efficacy and safety of topical resveratrol 1 % gel in treatment of melasma.
2. To compare between the efficacy of topical resveratrol 1 %gel versrs chemical peeling with TCA 20% in melasma.",NO,Melasma,DRUG: resveratrol 1 % gel|DRUG: TCA20%,"The primary outcome is the change in hemi-Melasma Area and Severity Index (hemi-MASI) score from baseline to one month after the end of treatment (follow-up), assessed by clinical evaluation and photographic documentation. Clinical efficacy will be categorized as:

Excellent response: \>75% decrease in hemi-MASI score

Very good response: 50-75% decrease in hemi-MASI score

Good response: 25-50% decrease in hemi-MASI score

Poor response: \<25% decrease in hemi-MASI score, 3 months",,,Assiut University,,ALL,ADULT,NA,41,OTHER,INTERVENTIONAL,Allocation: RANDOMIZED | Intervention Model: PARALLEL | Masking: SINGLE (PARTICIPANT) | Primary Purpose: TREATMENT,resveratrol in melasma,2025-07-22,2026-08-08,2027-06-08,2025-07-11,,2025-07-11,"Assuit, Asyut, Egypt",
NCT02905799,Resveratrol in Knee Osteoarthritis,https://clinicaltrials.gov/study/NCT02905799,ARTHROL,COMPLETED,The purpose of this study is to determine whether resveratrol is effective in the treatment of painful knee osteoarthritis.,NO,Knee Osteoarthritis,DRUG: oral resveratrol|DRUG: oral placebo,"Mean change from baseline in knee pain in the previous 48 hours, Using a self-administered 11-point pain numeric rating scale, with 0 = no pain and 100 = maximal pain, at 3 months","Mean change from baseline in knee pain in the previous 48 hours, Using a self-administered 11-point pain numeric rating scale, with 0 = no pain and 100 = maximal pain, at 6 months|Mean change from baseline in specific activity limitation, Using self-administered WOMAC function subscore, with 0 = no, at 3 months|Mean change from baseline in specific activity limitation, Using self-administered WOMAC function subscore, with 0 = no, at 6 months|Mean change from baseline in patient's global assessment, Using a self-administered 11-point global assessment numeric rating scale, with 0 = worst possible and 100 = best possible, at 3 months|Mean change from baseline in patient's global assessment, Using a self-administered 11-point global assessment numeric rating scale, with 0 = worst possible and 100 = best possible, at 6 months|Proportion of OARSI-OMERACT responders, OARSI-OMERACT response, at 3 months|Proportion of OARSI-OMERACT responders, OARSI-OMERACT response, at 6 months|Number of intra-articular injections of corticosteroids or hyaluronic acid since last contact, using self-reporting, at 3 months|Number of intra-articular injections of corticosteroids or hyaluronic acid since last contact, using self-reporting, at 6 months|Self-reported consumption of analgesics (non-opioid, weak and strong opioids) since last contact, using a self-administered 4-class scale (never, several times a month, several times a week, daily), at 3 months|Self-reported consumption of analgesics (non-opioid, weak and strong opioids) since last contact, using a self-administered 4-class scale (never, several times a month, several times a week, daily), at 6 months|Self-reported consumption of non-steroidal anti-inflammatory drugs since last contact, using a self-administered 4-class scale (never, several times a month, several times a week, daily), at 3 months|Self-reported consumption of non-steroidal anti-inflammatory drugs since last contact, using a self-administered 4-class scale (never, several times a month, several times a week, daily), at 6 months",,Assistance Publique - Hôpitaux de Paris,URC-CIC Paris Descartes Necker Cochin,ALL,"ADULT, OLDER_ADULT",PHASE3,142,OTHER,INTERVENTIONAL,"Allocation: RANDOMIZED | Intervention Model: PARALLEL | Masking: TRIPLE (PARTICIPANT, CARE_PROVIDER, INVESTIGATOR) | Primary Purpose: SUPPORTIVE_CARE",P150938|2016-A01310-51,2017-11-09,2022-02-09,2022-05-12,2016-09-19,,2026-03-04,"Rheumatology Department, Saint Antoine Hospital, Paris, Paris, 75012, France|Rehabilitation Department, Cochin Hospital, Paris, Paris, 75014, France|Rehabilitation department , CHU Clermont-Ferrand, Cébazat, 63118, France",
NCT05377242,"Curcumin, Resveratrol, and Stinging Nettle as Treatments for GWI",https://clinicaltrials.gov/study/NCT05377242,,COMPLETED,"This project's objective is to identify effective treatments for Gulf War Illness (GWI). The project tests three potential treatments: curcumin, stinging nettle, and resveratrol. The project uses a decentralized clinical trial (DCT) design in which individuals can participate from anywhere in the United States. Recruitment efforts will be designed to obtain a geographically and demographically diverse study sample.",NO,Gulf War Illness,DIETARY_SUPPLEMENT: Curcumin|DIETARY_SUPPLEMENT: Resveratrol|DIETARY_SUPPLEMENT: Stinging Nettle,"Average Veterans Rand 12-Item Health Survey (VR-12) Physical Functioning Score, Veterans Rand 12-Item Health Survey (VR-12) Physical Functioning Score (PFS) will be assessed via an online survey. The PFS will be assessed on a 7-32 point scale, with higher scores indicating better health., This outcome will be assessed weekly, for up to 44 weeks.|Average Veterans Rand 12-Item Health Survey (VR-12) Mental Functioning Score, Veterans Rand 12-Item Health Survey (VR-12) Mental Functioning Score (MFS) will be assessed via an online survey. The MFS will be assessed on a 6-33 point scale, with higher scores indicating better health., This outcome will be assessed weekly, for up to 44 weeks.","Patient Global Impression of Change (PGIC), The Patient Global Impression of Change (PGIC) assesses overall quality of life improvement and is widely used in clinical trials., This outcome will be assessed weekly, for up to 44 weeks.|Number needed to treat (NNT), The number needed to treat (NNT) is popular in clinical trial research and indicates the expected number of responders when used in the general GWI population., This outcome will be assessed once, through study completion, an average of 44 weeks.","Weekly Symptom Reports, The tertiary outcomes cover symptoms frequently endorsed by GWI patients. The items are designed to measure severity in all six GWI symptom domains (fatigue, pain, neurologic, skin, gastrointestinal, and respiratory). They each use a 0-100 scale. The 21 items are overall GWI severity, interference with life, muscle pain, joint pain, numbness or tingling, body tremors, fatigue, depression, stress, anxiety, irritableness/anger, sleep quality, thinking and memory quality, gastrointestinal problems, headaches, physical activity, post-exertional malaise, dizziness or faintness, respiratory issues, vision problems, and skin problems., This outcome will be assessed weekly, for up to 44 weeks.",University of Alabama at Birmingham,Congressionally Directed Medical Research Programs,ALL,"ADULT, OLDER_ADULT",NA,390,OTHER,INTERVENTIONAL,"Allocation: RANDOMIZED | Intervention Model: SINGLE_GROUP | Masking: TRIPLE (PARTICIPANT, INVESTIGATOR, OUTCOMES_ASSESSOR) | Primary Purpose: TREATMENT",GW210009|W81XWH-22-1-0420,2023-05-31,2026-06-22,2026-06-22,2022-05-17,,2026-06-29,"The University of Alabama at Birmingham, Birmingham, Alabama, 35233, United States",
NCT04886297,A Dose-response Study of Dietary Resveratrol on Lipid Metabolism Disorder,https://clinicaltrials.gov/study/NCT04886297,,COMPLETED,"In order to study the effect of resveratrol on the improvement of lipid and uric acid metabolism, randomized intervention trials were conducted to compare the effects of resveratrol on the improvement of lipid and uric acid metabolism in different dose groups. To explore the best dose of resveratrol for the prevention and treatment of metabolic diseases provide an important scientific basis.",NO,Dyslipidemias,DRUG: Mega Resveratrol® capsules|DRUG: Mega Resveratrol® Placebo capsules,"Effect of resveratrol on lipid profile in patients with dyslipidemia, Lipid profile in serum will be measured, mainly including TC, TG, LDL-C and HDL-C, by automatic biochemical analyzer., Change from Baseline to 4 weeks and 8 weeks","Effect of resveratrol on uric acid and xanthine oxidase in patients with dyslipidemia, Uric acid concentration and xanthine oxidase activity will be measured by automatic biochemical analyzer and commercial kits, respectively., Change from Baseline to 4 weeks and 8 weeks",,Sun Yat-sen University,,ALL,"ADULT, OLDER_ADULT",PHASE3,168,OTHER,INTERVENTIONAL,"Allocation: RANDOMIZED | Intervention Model: PARALLEL | Masking: DOUBLE (PARTICIPANT, INVESTIGATOR) | Primary Purpose: PREVENTION",lwh87331597,2021-05-01,2022-05-30,2022-09-30,2021-05-14,,2022-10-27,"Sun Yat-Sen University, Guangzhou, Guangdong, China",
NCT03743636,Nicotinamide Riboside With and Without Resveratrol to Improve Functioning in Peripheral Artery Disease,https://clinicaltrials.gov/study/NCT03743636,NICE,COMPLETED,"NICE is a randomized clinical trial that will examine the effects of nicotinamide riboside (NR) both with and without resveratrol to test whether, among people with PAD, NR significantly improves walking performance more than placebo and whether NR combined with resveratrol significantly improves walking performance more than placebo. If findings support the hypotheses, results will be used to design a large, definitive randomized clinical.

The study will randomize 90 participants with PAD to one of the following three groups: NR + resveratrol, NR + placebo, or placebo + placebo.",YES,Peripheral Artery Disease,DRUG: Nicotinamide riboside|DRUG: Resveratrol|OTHER: Placebo,"Six-minute Walk Distance (NR Alone vs. Placebo), Among participants with PAD, investigators will determine whether NR alone improves six-minute walk distance at 6-month follow-up, compared to placebo., Baseline to 6-month follow-up|Six-minute Walk Distance (NR/Resveratrol vs. Placebo), Among participants with PAD, investigators will determine whether NR combined with resveratrol improves six-minute walk performance at 6-month follow-up, compared to placebo., Baseline to 6-month follow-up","Six-minute Walk Distance (NR Alone vs. Placebo), Among participants with PAD, investigators will determine whether NR alone improves six-minute walk performance at 3-month follow-up, compared to placebo., Baseline to 3-month follow-up|Six-minute Walk Distance (NR/Resveratrol vs. Placebo), Among participants with PAD, investigators will determine whether NR combined with resveratrol improves six-minute walk performance at 3-month follow-up, compared to placebo., Baseline to 3-month follow-up|Six-minute Walk Distance (NR/Resveratrol vs. NR Alone), Among participants with PAD, investigators will determine whether NR combined with resveratrol improves six-minute walk performance at 3-month follow-up, compared to NR alone., Baseline to 3-month follow-up|Six-minute Walk Distance (NR/Resveratrol vs. NR Alone), Among participants with PAD, investigators will determine whether NR combined with resveratrol improves six-minute walk performance at 6-month follow-up, compared to NR alone., Baseline to 6-month follow-up|Maximal Treadmill Walking Time (NR Alone vs. Placebo), Among participants with PAD, investigators will determine whether NR alone improves maximal treadmill walking time at 6-month follow-up, compared to placebo., Baseline to 6-month follow-up|Walking Impairment Questionnaire (WIQ) Distance Score (NR Alone vs. Placebo), Among participants with PAD, investigators will determine whether NR alone improves the Walking Impairment Questionnaire (WIQ) distance score at 6-month follow-up, compared to placebo.

The WIQ is a well validated questionnaire that measures patient-reported walking limitations in distance and speed and stair-climbing. They are scored on a 0-100 scale and that 100 indicates the best possible score., Baseline to 6-month follow-up|Physical Activity (NR Alone vs. Placebo), Among participants with PAD, investigators will determine whether NR alone improves physical activity at 6-month follow-up, compared to placebo.

The physical activity outcome was measured with the ActiGraph, in Activity Units. Higher scores indicate greater activity. The lowest possible score is zero, indicating sedentary time., Baseline to 6-month follow-up|Maximal Treadmill Walking Time (NR/Resveratrol vs. Placebo), Among participants with PAD, investigators will determine whether NR combined with resveratrol improves maximal treadmill walking time at 6-month follow-up, compared to placebo., Baseline to 6-month follow-up|Walking Impairment Questionnaire (WIQ) Distance Score (NR/Resveratrol vs. Placebo), Among participants with PAD, investigators will determine whether NR combined with resveratrol improves the Walking Impairment Questionnaire distance score at 6-month follow-up, compared to placebo.

The WIQ is a well validated questionnaire that measures patient-reported walking limitations in distance and speed and stair-climbing. They are scored on a 0-100 scale and that 100 indicates the best possible score., Baseline to 6-month follow-up|Physical Activity (NR/Resveratrol vs. Placebo), Among participants with PAD, investigators will determine whether NR combined with resveratrol improves physical activity at 6-month follow-up, compared to placebo.

The physical activity outcome was measured with the ActiGraph, in Activity Units. Higher scores indicate greater activity. The lowest possible score is zero, indicating sedentary time., Baseline to 6-month follow-up|Maximal Treadmill Walking Time (NR/Resveratrol vs. NR Alone), Among participants with PAD, investigators will determine whether NR combined with resveratrol improves maximal treadmill walking time at 6-month follow-up, compared to NR alone., Baseline to 6-month follow-up|Walking Impairment Questionnaire (WIQ) Distance Score (NR/Resveratrol vs. NR Alone), Among participants with PAD, investigators will determine whether NR combined with resveratrol improves the Walking Impairment Questionnaire (WIQ) distance score at 6-month follow-up, compared to NR alone.

The WIQ is a well validated questionnaire that measures patient-reported walking limitations in distance and speed and stair-climbing. They are scored on a 0-100 scale and that 100 indicates the best possible score., Baseline to 6-month follow-up|Physical Activity (NR/Resveratrol vs. NR Alone), Among participants with PAD, investigators will determine whether NR combined with resveratrol improves physical activity at 6-month follow-up, compared to NR alone..

The physical activity outcome was measured with the ActiGraph, in Activity Units. Higher scores indicate greater activity. The lowest possible score is zero, indicating sedentary time., Baseline to 6-month follow-up|Six-minute Walk Distance (NR/Resveratrol or NR Alone vs. Placebo), Participants with PAD who received NR alone and those who received NR + resveratrol will be combined into one group and compared to the group receiving placebo, to determine whether NR alone or NR+ resveratrol (combined group)have greater improvement in six-minute walk distance, compared to those randomized to placebo.

Mixed model for repeated measures is applied to Placebo vs. 2 NR groups combined. The reported results of within group change and between group difference are Least Squares Mean (Standard Error) from the model adjusted for baseline six-minute walk + age + sex + race + resveratrol usage., Baseline to 3-month follow-up|Six-minute Walk Distance (NR/Resveratrol or NR Alone vs. Placebo), Participants with PAD who received NR alone and those who received NR + resveratrol will be combined into one group and compared to the group receiving placebo, to determine whether NR alone or NR+ resveratrol (combined group)have greater improvement in six-minute walk distance, compared to those randomized to placebo.

Mixed model for repeated measures is applied to Placebo vs. 2 NR groups combined. The reported results of within group change and between group difference are Least Squares Mean (Standard Error) from the model adjusted for baseline six-minute walk + age + sex + race + resveratrol usage., Baseline to 6-month follow-up|Maximal Treadmill Walking Time (NR/Resveratrol or NR Alone vs. Placebo), Participants with PAD who received NR alone and those who received NR + resveratrol will be combined into one group and compared to the group receiving placebo, to determine whether NR alone or NR+ resveratrol (combined group)have greater improvement in maximal treadmill walking time, compared to those randomized to placebo., Baseline to 6-month follow-up|Walking Impairment Questionnaire (WIQ) Distance Score (NR/Resveratrol or NR Alone vs. Placebo), Participants with PAD who received NR alone and those who received NR + resveratrol will be combined into one group and compared to the group receiving placebo, to determine whether NR alone or NR+ resveratrol (combined group)have greater improvement in Walking Impairment Questionnaire distance score, compared to those randomized to placebo.

The WIQ is a well validated questionnaire that measures patient-reported walking limitations in distance and speed and stair-climbing. They are scored on a 0-100 scale and that 100 indicates the best possible score., Baseline to 6-month follow-up|Physical Activity (NR/Resveratrol or NR Alone vs. Placebo), Participants with PAD who received NR alone and those who received NR + resveratrol will be combined into one group and compared to the group receiving placebo, to determine whether NR alone or NR+ resveratrol (combined group)have greater improvement in physical activity, compared to those randomized to placebo.

The physical activity outcome was measured with the ActiGraph, in Activity Units. Higher scores indicate greater activity. The lowest possible score is zero, indicating sedentary time.

Mixed model for repeated measures is applied to Placebo vs. 2 NR groups combined. The reported results of within group change and between group difference are Least Squares Mean (Standard Error) from the model adjusted for baseline six-minute walk + age + sex + race + resveratrol usage., Baseline to 6-month follow-up|NAD+ Abundance in Gastrocnemius Muscle (NR/Resveratrol or NR Alone vs. Placebo), The outcome measure is the comparison of 6-month change in gastrocnemius muscle biopsy measures of NAD+ abundance between NR and placebo and between NR + resveratrol and placebo. Participants with PAD who received NR alone and those who received NR + resveratrol will be combined into one group and compared to the group receiving placebo, to determine whether NR alone or NR+ resveratrol (combined group) have greater improvement in NAD+ abundance, compared to those randomized to placebo. Measurements of NAD+ abundance were completed using High Performance Liquid Chromatography (HPLC) with a Shimadzu LC-20A pump and UV-VIS detector using a Supelco LC-18-Tcolumn, normalized to muscle weight., Baseline to 6-month follow-up|Satellite Cell Abundance in Gastrocnemius Muscle (NR/Resveratrol or NR Alone vs. Placebo), The outcome measure is the comparison of 6-month changes in gastrocnemius muscle biopsy measures of satellite cell abundance between NR and placebo and between NR + resveratrol and placebo. Participants with PAD who received NR alone and those who received NR + resveratrol will be combined into one group and compared to the group receiving placebo, to determine whether NR alone or NR+ resveratrol (combined group) have greater improvement in satellite cell abundance, compared to those randomized to placebo. Satellite cell abundance was measured via density (satellite cells/100 fibers) using antibodies against: Pax7, type 1 myosin, and laminin., Baseline to 6-month follow-up|Gastrocnemius Muscle Fiber Phenotype(NR/Resveratrol or NR Alone vs. Placebo), The outcome measure is the comparison of 6-month changes in gastrocnemius muscle biopsy measures of Percent Type 1 myofibers (%) between NR and placebo and between NR + resveratrol and placebo. Participants with PAD who received NR alone and those who received NR + resveratrol will be combined into one group and compared to the group receiving placebo, to determine whether NR alone or NR+ resveratrol (combined group) have greater improvement in muscle fiber phenotype, compared to those randomized to placebo. Measurements of fiber type % were determined on frozen muscle sections using antibodies against: Pax7, type 1 myosin, and laminin.

Mixed model for repeated measures is applied to Placebo vs. 2 NR groups combined. The reported results of within group change and between group difference are Least Squares Mean (Standard Error) from the model adjusted for baseline six-minute walk + age + sex + race + resveratrol usage., Baseline to 6-month follow-up","Gastrocnemius Muscle Satellite Cell Abundance (NR/Resveratrol vs. Placebo and NR vs. Placebo), Investigators will perform calf muscle biopsies to determine whether among participants with PAD, those randomized to NR + resveratrol and NR alone have increased satellite cell abundance compared to the placebo group. Satellite cell abundance was measured via density (satellite cells/100 fibers) using antibodies against: Pax7, type 1 myosin, and laminin., Baseline to 6-month follow-up|NAD+ Abundance in Gastrocnemius Muscle (NR/Resveratrol vs. Placebo and NR vs. Placebo), Investigators will perform calf muscle biopsies to determine whether among participants with PAD, those randomized to NR + resveratrol and NR alone have increased calf muscle NAD+ abundance, compared to the placebo group. Measurements of NAD+ abundance were completed using High Performance Liquid Chromatography (HPLC) with a Shimadzu LC-20A pump and UV-VIS detector using a Supelco LC-18-Tcolumn, normalized to muscle weight., Baseline to 6-month follow-up|Muscle Fiber Phenotype in Gastrocnemius Muscle (NR/Resveratrol vs. Placebo and NR vs. Placebo), Investigators will perform calf muscle biopsies to determine whether among participants with PAD, those randomized to NR + resveratrol and NR alone have improved muscle fiber phenotype (Percent Type 1 myofibers (%)), compared to the placebo group. Measurements of fiber type % were determined on frozen muscle sections using antibodies against: Pax7, type 1 myosin, and laminin., Baseline to 6-month follow-up|Walking Impairment Questionnaire (WIQ) Speed Score (NR Alone vs. Placebo), Among participants with PAD, investigators will determine whether NR alone improves the Walking Impairment Questionnaire speed and stair climbing score at 6-month follow-up, compared to placebo.

The WIQ is a well validated questionnaire that measures patient-reported walking limitations in distance and speed and stair-climbing. They are scored on a 0-100 scale and that 100 indicates the best possible score., Baseline to 6-month follow-up|Short-Form Physical Functioning (SF-36) Score (NR Alone vs. Placebo), Among participants with PAD, investigators will determine whether NR alone improves the Walking Impairment Questionnaire speed and stair climbing scores and the Short-Form Physical Functioning score at 6-month follow-up, compared to placebo.

The SF-36 measures health status. The score range is 0-100, where 100 is best., Baseline to 6-month follow-up|Walking Impairment Questionnaire (WIQ) Stair Climbing Score (NR/Resveratrol vs. Placebo), Among participants with PAD, investigators will determine whether NR combined with resveratrol improves the Walking Impairment Questionnaire speed and stair climbing scores at 6-month follow-up, compared to placebo.

The WIQ is a well validated questionnaire that measures patient-reported walking limitations in distance and speed and stair-climbing. They are scored on a 0-100 scale and that 100 indicates the best possible score., Baseline to 6-month follow-up|Short-Form Physical Functioning (SF-36) Score (NR/Resveratrol vs. Placebo), Among participants with PAD, investigators will determine whether NR combined with resveratrol improves the Short-Form Physical Functioning score at 6-month follow-up, compared to placebo.

The SF-36 measures health status. The score range is 0-100, where 100 is best., Baseline to 6-month follow-up|Walking Impairment Questionnaire (WIQ) Speed Score (NR/Resveratrol vs. NR Alone), Among participants with PAD, investigators will determine whether NR combined with resveratrol improves the Walking Impairment Questionnaire speed and stair climbing score at 6-month follow-up, compared to NR alone.

The WIQ is a well validated questionnaire that measures patient-reported walking limitations in distance and speed and stair-climbing. They are scored on a 0-100 scale and that 100 indicates the best possible score., Baseline to 6-month follow-up|Short-Form Physical Functioning (SF-36) Score (NR/Resveratrol vs. NR Alone), Among participants with PAD, investigators will determine whether NR combined with resveratrol improves the Walking Impairment Questionnaire speed and stair climbing scores and the Short-Form Physical Functioning score at 6-month follow-up, compared to NR alone.

The SF-36 measures health status. The score range is 0-100, where 100 is best., Baseline to 6-month follow-up|Walking Impairment Questionnaire (WIQ) Speed Score (NR/Resveratrol or NR Alone vs. Placebo), Participants with PAD who received NR alone and those who received NR + resveratrol will be combined into one group and compared to the group receiving placebo, to determine whether NR alone or NR+ resveratrol (combined group) have greater improvement in the Walking Impairment Questionnaire (WIQ) speed and stair climbing score at 6-month follow-up, compared to placebo.

The WIQ is a well validated questionnaire that measures patient-reported walking limitations in distance and speed and stair-climbing. They are scored on a 0-100 scale and that 100 indicates the best possible score., Baseline to 6-month follow-up|Short-Form Physical Functioning (SF-36) Score (NR/Resveratrol or NR Alone vs. Placebo), Participants with PAD who received NR alone and those who received NR + resveratrol will be combined into one group and compared to the group receiving placebo, to determine whether NR alone or NR+ resveratrol (combined group) have greater improvement in the Short-Form Physical Functioning score at 6-month follow-up, compared to placebo.

The SF-36 measures health status. The score range is 0-100, where 100 is best., Baseline to 6-month follow-up",Northwestern University,American Heart Association,ALL,"ADULT, OLDER_ADULT",PHASE3,90,OTHER,INTERVENTIONAL,"Allocation: RANDOMIZED | Intervention Model: PARALLEL | Masking: QUADRUPLE (PARTICIPANT, CARE_PROVIDER, INVESTIGATOR, OUTCOMES_ASSESSOR) | Primary Purpose: TREATMENT",STU00206660,2018-10-01,2023-05-23,2023-05-23,2018-11-16,2025-01-14,2025-01-14,"Northwestern University, Chicago, Illinois, 60611, United States","Study Protocol and Statistical Analysis Plan, https://cdn.clinicaltrials.gov/large-docs/36/NCT03743636/Prot_SAP_000.pdf"
NCT06828211,Trans-resveratrol's Influence on the Development of CHF in Early Postmenopausal Women with HTN and Reduced BMD,https://clinicaltrials.gov/study/NCT06828211,Not aplicable,ACTIVE_NOT_RECRUITING,"1. To measure the ability of trans-resveratrol to influence the development of chronic heart failure (CHF) in women in the early postmenopausal period (1-4 years) with hypertension (HTN) and reduced bone mineral density (BMD).
2. To evaluate the safety of long-term use of trans-resveratrol in an amount of 500 mg per day.
3. To develop modern measures to influence the development of CHF in women of this group",NO,Heart Failure|Arterial Hypertension|Osteopenia|Menopause,DIETARY_SUPPLEMENT: Trans-resveratrol extract from Polygonum Cuspidatum|OTHER: Placebo,"To measure the influence of trans-resveratrol on a development of chronic heart failure in early postmenopausal women period (1-4 years) with arterial hypertension and decreased bone mineral density, * Percentage of patients in whom the use of 500 mg trans-resveratrol daily contributed to the normalization of laboratory and instrumental parameters;
* Percentage of patients in whom the use of 500 mg trans-resveratrol daily contributed to the normalization of quality of life (according to the MENQOL and EuroQol-5D-3L questionnaires);
* Percentage of patients in whom the use of 500 mg trans-resveratrol daily contributed to the reduction of risks of low-trauma fractures (according to the FRAX scale);
* Percentage of patients in whom the use of 500 mg trans-resveratrol daily contributed to the reduction of cardiovascular risk (according to the SCORE2 algorithm and ST2 scale)., From enrollment to the end of treatment (3 month for each patient)|The safety of long-term using of trans-resveratrol in the amount of 500 mg per day, The level of adverse events that does not exceed 5% of the sample size (N=50)., From enrollment to the end of treatment (3 month for each patient)",,,OMNIFARMA LLC,,FEMALE,ADULT,NA,80,INDUSTRY,INTERVENTIONAL,Allocation: RANDOMIZED | Intervention Model: PARALLEL | Masking: NONE | Primary Purpose: TREATMENT,27/08-1/OD/PD|Was not given,2024-09-09,2025-02-09,2025-03-31,2025-02-14,,2025-03-19,"Omnifarma LLC, Kyiv, Kyiv Oblast, 03057, Ukraine",
NCT01677611,Effects of Resveratrol in Patients With Type 2 Diabetes,https://clinicaltrials.gov/study/NCT01677611,RED,COMPLETED,"Animal studies indicate that resveratrol, a phytoalexin enriched in the skin of red grapes and a constituent of red wine, is associated with longevity likely through the increased production of a protein, SIRT1.

The trial is a proof-of-concept study primarily designed to examine for the first time in humans, the effect of 12 weeks of oral resveratrol on skeletal muscle SIRT1 expression in 10 patients with T2DM in a randomized, placebo-controlled, double-blind fashion. Secondary outcomes include measures of AMPK, p-AMPK and GLUT4 expression levels, energy expenditure, physical activity levels, distribution of abdominal adipose tissue and skeletal muscle fiber type composition, body weight, HbA1c, plasma lipid subfraction, adiponectin levels and insulin sensitivity.",NO,Type 2 Diabetes,DRUG: Trans-resveratrol extract from Polygonum Cuspidatum|DRUG: Placebo,"Skeletal muscle sirtuin 1 (SIRT1) expression, 3 months","Skeletal muscle 5'-AMP-activated protein kinase (AMPK) expression, 3 months|Skeletal muscle phosphorylated-AMPK-Thr172 (p-AMPK) expression, 3 months|Skeletal muscle glucose transporter type 4 (GLUT 4) expression, 3 months|Glycated hemoglobin (HbA1c), 3 months|Body weight, 3 months|Insulin sensitivity, 3 months|Lipid profile, 3 months|Energy expenditure, 3 months|Physical activity level, 3 months|Abdominal adipose tissue distribution, 3 months|Skeletal muscle fibre type composition, 3 months|Renal function, Serum creatinine, 3 months|Liver function, Transaminases, 3 months",,Khoo Teck Puat Hospital,"National Medical Research Council (NMRC), Singapore",MALE,"ADULT, OLDER_ADULT",PHASE1,10,OTHER,INTERVENTIONAL,"Allocation: RANDOMIZED | Intervention Model: PARALLEL | Masking: QUADRUPLE (PARTICIPANT, CARE_PROVIDER, INVESTIGATOR, OUTCOMES_ASSESSOR) | Primary Purpose: BASIC_SCIENCE",NIG 35,2008-12,2010-09,2012-03,2012-09-03,,2012-09-03,"Alexandra Health, Khoo Teck Puat Hospital, Singapore, Singapore, 768828, Singapore",
NCT05981053,Biological Effects in Consumers of Resveratrol-enriched Wine,https://clinicaltrials.gov/study/NCT05981053,,COMPLETED,"The objective of this clinical trial is to compare the health conditions of the participating population before and after an intervention with Resveratrol enriched wine.

The main questions it aims to answer are:

1. • The consumption of wine enriched with resveratrol could slow down or reverse the biological age ?
2. • The consumption of wine enriched with resveratrol could improve body composition fat mass / muscle mass ? The participants will be evaluated at the beginning and at the end of the clinical trial and will adopt only one change in their habits, that is, change the usual wine they consume with their meals for a wine enriched with resveratrol, in a moderate measure, 250 cc for men and 125 cc/day for women. The design of the study will be that each volunteer is their own control, pre and post intervention.",NO,Aging|Healthy Aging|Sarcopenia|Obesity,DIETARY_SUPPLEMENT: Wine enriched with Resveratrol,"Epigenetic age, DNAm Phenoage, 3 months|InBody muscle mass, Body composition, 3 months|Body composition, InBody fat mass, 3 months",,,PINER Pastor Manfredi Winery,University of Buenos Aires,ALL,"ADULT, OLDER_ADULT",,30,INDUSTRY,OBSERVATIONAL,Observational Model: CASE_ONLY | Time Perspective: PROSPECTIVE,"#26122021",2022-07-15,2023-04-28,2023-06-30,2023-08-08,,2023-08-08,"Raul Francisco Pastor, Buenos Aires, Buenos Aires City, 1408, Argentina",
NCT07089381,Efficacy and Safety of Resveratrol in Patients With Rheumatoid Arthritis.,https://clinicaltrials.gov/study/NCT07089381,,RECRUITING,"The aim of the current study is to evaluate the effects of resveratrol on the clinical outcome(s) of patients with moderate rheumatoid arthritis.

Objectives :

1. To investigate the effects of Resveratrol on inflammation and oxidative stress by measuring:

   * Serum Sirtuin 1(SIRT1)
   * Serum Myeloperoxidase (MPO)
   * Serum C-reactive protein (CRP)
2. To investigate the effects of Resveratrol on disease activity by measuring the disease activity (DAS28 score).
3. To investigate the effect of Resveratrol on improving the quality of life using the Health Assessment Questionnaire Disability index (HAQ-DI).
4. To assess any adverse effects related to Resveratrol.

Patients:

Eligible patients (no=118) will be randomly assigned in a 1:1 ratio to one of two groups:

1. Control group: 59 patients will receive the standard treatment for management of RA for 3 months.
2. Resveratrol group: 59 patients will receive the standard treatment for management of RA in addition to Resveratrol 1 gm daily, (Organix Egypt) (given as one 1000 mg tablets once daily) for 3 months.",NO,Rheumatic Arthritis|Rheumatoid Arthritis (RA) Prevention|Inflamation|Antioxidant|Anti Oxidative Stress|Anti Aging|C Reactive Protein|Methotrexate|Quality of Life Outcomes,DIETARY_SUPPLEMENT: Resveratrol 1 gm.|DRUG: Methotrexate,"To investigate the effects of Resveratrol on inflammation and oxidative stress by measuring: • Serum Sirtuin 1(SIRT1) • Serum Myeloperoxidase (MPO) • Serum C-reactive protein (CRP), From 3 to 6 Months","2. To investigate the effects of Resveratrol on disease activity by measuring the disease activity (DAS28 score)., From 3 to 6 Months.|To investigate the effect of Resveratrol on improving the quality of life using the Health Assessment Questionnaire Disability index (HAQ-DI)., From 3 to 6 Months.","To assess any adverse effects related to Resveratrol., From 3 to 6 Months.",Ain Shams University,,ALL,"ADULT, OLDER_ADULT",NA,118,OTHER,INTERVENTIONAL,Allocation: RANDOMIZED | Intervention Model: PARALLEL | Masking: NONE | Primary Purpose: PREVENTION,338,2025-08-01,2026-02-01,2026-06-01,2025-07-28,,2025-07-28,"Department of Rheumatology at Ain Shams university hospital, Cairo, Egypt, Cairo, Egypt",
NCT02130440,Evaluation of the Beneficial Effects of a Nasal Spray of Resveratrol in Children With Seasonal Allergic Rhinitis,https://clinicaltrials.gov/study/NCT02130440,,COMPLETED,"The aim of this study is to evaluate whether treatment with a nasal spray based on resveratrol has some benefit in patients with seasonal allergic rhinitis, mild, moderate, or severe.",NO,Seasonal Allergic Rhinitis,DRUG: Resveratrol nasal spray,"Nasal symptom severity, Nasal symptoms (itching, sneezing, rhinorrhea, and obstruction) will be scored by a four-point scale (0=no symptom; 1=mild; 2= moderate; 3= severe) and record by parents on a daily diary card., two years","Cough, The cough presence and severity will be assessed during the day and the night by four-point scale and recorded by parents on a daily diary card., two years|Wheezing, Wheezing will be assessed using the same four-point scale and record by parents on a daily diary card., two year|Albuterol use, The albuterol use on demand will be record by parents on a daily diary card., two years|Fever, The days with fever will be record by parents on a daily diary card., two years|School absences, School absences will be record by a diary card., two years|Antihistamines use, Evaluation of Cetirizine syrup on-demand use will be record by parents on a diary card, two years|Emergency visits, Emergency room visits for respiratory problems will be record by parents on a diary card., two years",,University of Campania Luigi Vanvitelli,,ALL,CHILD,PHASE3,100,OTHER,INTERVENTIONAL,"Allocation: RANDOMIZED | Intervention Model: PARALLEL | Masking: DOUBLE (PARTICIPANT, INVESTIGATOR) | Primary Purpose: PREVENTION",RESV_01,2012-11,2013-12,2014-04,2014-05-05,,2014-05-05,"Second University of Naples, Naples, Italy, Italy",
NCT02314208,Therapeutic Metabolic Intervention in Patients With Spastic Paraplegia SPG5,https://clinicaltrials.gov/study/NCT02314208,SPA-M,COMPLETED,"The purpose of this project is to study the efficacy of three candidate molecules (Xenbilox, Tahor and Resveratrol) in order to decrease the production of oxysterols by reducing the synthesis of cholesterol and/or regulate the production of bile acids and/or enabling neuroprotective action within the motor neuron.",NO,"Spastic Paraplegia, Hereditary",DRUG: Xenbilox|DIETARY_SUPPLEMENT: Resveratrol|DRUG: Tahor,"Change of 27-hydroxycholesterol blood level after 2 months of treatment for each treatment, 27-hydroxycholesterol will be measured on fasten blood samples for the 12 patients included before and after the 2-month treatment period for each treatment, 2 months","Modification of the serum acid profile after a 2-month treatment measured in blood and urine samples, In blood and urines samples of the 12 patients, the following criteria will be assesed in order to observe an evolution of the acid profile:

* total biliary acids
* ratio of primary/secondary biliary acids
* the ratio cholic acids/chenodeoxycholic acids
* the ratio chenodeoxycholic acids/ lithocholic acids, 2 months|Change of 25-hydroxycholesterol blood level after 2 months of treatment for each treatment, 25-hydroxycholesterol will be measured on fasten blood samples for the 12 patients included before and after the 2-month treatment period for each treatment, 2 months|Number of participants with adverse events related with digestive problems, During the study, adverse events related with digestive problems will be evaluate in order to asses the clinical tolerance to each treatment, 18 months|Number of partcipants with adverse events related with standard biological parameters, Biological tolerance will be evaluate on patients blood samples at each visit. The following criteria will be assessed:

* ionogram and fasting glucose
* kidney and liver function with urea, creatinine,lipase, amylase, bilirubine, creatine phosphokinase, transaminases,sodium, potassium, calcium, phosphorus, 18 months",,"Institut National de la Santé Et de la Recherche Médicale, France",,ALL,"ADULT, OLDER_ADULT",PHASE2,12,OTHER_GOV,INTERVENTIONAL,Allocation: RANDOMIZED | Intervention Model: CROSSOVER | Masking: NONE | Primary Purpose: TREATMENT,C14-04,2015-01-08,2017-09-27,2018-01-01,2014-12-11,,2025-09-02,"Pitié-Salpêtrière Hospital, Paris, France",
NCT05684848,Evaluate the Effect of Nasal Spray in the Prevention of RTI in Children With Pre-school Wheezing,https://clinicaltrials.gov/study/NCT05684848,,UNKNOWN,To determine whether or not preventive administration of resveratrol in the form of a nasal spray is effective in reducing the number of asthma exacerbations typical of preschool wheezing children who develop viral infections.,NO,Wheezing|Recurrent Respiratory Tract Infections,DEVICE: Resveratrol + CMG|DEVICE: Isotonic solution,"Change of the number of days with respiratory symptoms compared to placebo, To determine whether taking resveratrol in the form of a nasal spray changes the number of days with respiratory symptoms compared to placebo., 3 months","In case of exacerbations, verify the change in the number of respiratory exacerbations and their duration of the group treated with resveratrol in the form of nasal spray vs the control group., In case of exacerbations, verify the change in the number of respiratory exacerbations and their duration of the group treated with resveratrol in the form of nasal spray vs the control group. The number of days of use of antipyretics, oral corticosteroids and salbutamol will also be evaluated in the two groups., 3 months",,Noos S.r.l.,,ALL,CHILD,NA,252,INDUSTRY,INTERVENTIONAL,"Allocation: RANDOMIZED | Intervention Model: PARALLEL | Masking: TRIPLE (PARTICIPANT, CARE_PROVIDER, INVESTIGATOR) | Primary Purpose: PREVENTION",LFV_PRE,2022-11-01,2023-12-31,2024-05-31,2023-01-13,,2023-01-17,"University of Campania Luigi Vanvitelli, Naples, 80138, Italy",
NCT01370889,Resveratrol in Postmenopausal Women With High Body Mass Index,https://clinicaltrials.gov/study/NCT01370889,,COMPLETED,This pilot phase I trial studies resveratrol in postmenopausal women with high body mass index. Chemoprevention is the use of certain drugs to keep cancer from forming. The use of resveratrol may keep cancer from forming. Studying samples of blood and urine in the laboratory from postmenopausal women who are taking resveratrol may help doctors learn more about the effects of resveratrol on biomarkers.,NO,"Healthy, no Evidence of Disease",DRUG: resveratrol|OTHER: laboratory biomarker analysis,"Change in serum estradiol levels in postmenopausal women with high BMI, A two-sided paired t-test will be performed to determine whether the change is significant at a significance level of 5%. If the data distribution indicates non-normality or skewedness in violation of the assumptions of the t-test, non-parametric tests will be used. Linear regression techniques will be used to adjust for potential confounders, e.g. age and BMI., From baseline to 12 weeks (post-intervention)","Change in serum estrone, Similar statistical analysis procedures as described for the primary endpoint will be performed to evaluate the changes of each of the endpoints at a significance level of 5%. Analysis will not be corrected for multiple comparisons but results will be interpreted cautiously. If the data distribution indicates non-normality or skewness, non-parametric tests will be used., From baseline to 12 weeks (post-intervention)|Change in serum testosterone, Similar statistical analysis procedures as described for the primary endpoint will be performed to evaluate the changes of each of the endpoints at a significance level of 5%. Analysis will not be corrected for multiple comparisons but results will be interpreted cautiously. If the data distribution indicates non-normality or skewness, non-parametric tests will be used., From baseline to 12 weeks (post-intervention)|Change in serum sex hormone-binding globulin (SHBG), Similar statistical analysis procedures as described for the primary endpoint will be performed to evaluate the changes of each of the endpoints at a significance level of 5%. Analysis will not be corrected for multiple comparisons but results will be interpreted cautiously. If the data distribution indicates non-normality or skewness, non-parametric tests will be used., From baseline to 12 weeks (post-intervention)|Change in serum levels of insulin, Similar statistical analysis procedures as described for the primary endpoint will be performed to evaluate the changes of each of the endpoints at a significance level of 5%. Analysis will not be corrected for multiple comparisons but results will be interpreted cautiously. If the data distribution indicates non-normality or skewness, non-parametric tests will be used., From baseline to 12 weeks (post-intervention)|Change in serum levels of C-peptide, Similar statistical analysis procedures as described for the primary endpoint will be performed to evaluate the changes of each of the endpoints at a significance level of 5%. Analysis will not be corrected for multiple comparisons but results will be interpreted cautiously. If the data distribution indicates non-normality or skewness, non-parametric tests will be used., From baseline to 12 weeks (post-intervention)|Change in serum leptin, Similar statistical analysis procedures as described for the primary endpoint will be performed to evaluate the changes of each of the endpoints at a significance level of 5%. Analysis will not be corrected for multiple comparisons but results will be interpreted cautiously. If the data distribution indicates non-normality or skewness, non-parametric tests will be used., From baseline to 12 weeks (post-intervention)|Change in serum adiponectin, Similar statistical analysis procedures as described for the primary endpoint will be performed to evaluate the changes of each of the endpoints at a significance level of 5%. Analysis will not be corrected for multiple comparisons but results will be interpreted cautiously. If the data distribution indicates non-normality or skewness, non-parametric tests will be used., From baseline to 12 weeks (post-intervention)|Change in inflammatory markers, measured by serum C-reactive protein, Similar statistical analysis procedures as described for the primary endpoint will be performed to evaluate the changes of each of the endpoints at a significance level of 5%. Analysis will not be corrected for multiple comparisons but results will be interpreted cautiously. If the data distribution indicates non-normality or skewness, non-parametric tests will be used., From baseline to 12 weeks (post-intervention)|Change in urinary 8-iso-PGF2alpha, Similar statistical analysis procedures as described for the primary endpoint will be performed to evaluate the changes of each of the endpoints at a significance level of 5%. Analysis will not be corrected for multiple comparisons but results will be interpreted cautiously. If the data distribution indicates non-normality or skewness, non-parametric tests will be used., From baseline to 12 weeks (post-intervention)|Change in urinary 8OHdG, Similar statistical analysis procedures as described for the primary endpoint will be performed to evaluate the changes of each of the endpoints at a significance level of 5%. Analysis will not be corrected for multiple comparisons but results will be interpreted cautiously. If the data distribution indicates non-normality or skewness, non-parametric tests will be used., From baseline to 12 weeks (post-intervention)|Incidence of reported adverse events, Descriptive statistics of the type and frequency of all adverse events will be generated, including 95% confidence intervals., Up to 12 weeks|Incidence of changes in CBC/diff, blood chemistry, and lipids, Up to 12 weeks|Study agent/metabolite levels, The Spearman correlation coefficient will be calculated to evaluate the correlation between biomarker changes and study agent/metabolite levels. Linear regression techniques will be used to adjust for potential confounders, e.g. age and BMI., Up to 12 weeks",,National Cancer Institute (NCI),,FEMALE,"ADULT, OLDER_ADULT",PHASE1,46,NIH,INTERVENTIONAL,Allocation: NA | Intervention Model: SINGLE_GROUP | Masking: NONE | Primary Purpose: BASIC_SCIENCE,NCI-2011-02593|NCI-2011-02593|CDR0000701405|10-0653-04|UAZ08-12-01|P30CA023074|N01CN35158,2011-06,2012-07,2012-07,2011-06-10,,2014-10-09,"Arizona Cancer Center - Tucson, Tucson, Arizona, 85724-5024, United States|University of Arizona Health Sciences Center, Tucson, Arizona, 85724, United States",
NCT03062163,Efficacy and Safety of Resveratrol and Lipoic Acid Transdermal Patch for Lipolysis in Overweight Volunteers,https://clinicaltrials.gov/study/NCT03062163,,COMPLETED,To evaluate the lipolysis effect of resveratrol and lipoic acid transdermal patch in overweight volunteers,NO,Lipolysis,OTHER: Resveratrol lipoic Acid|OTHER: Placebo,"fat thickness measured, fat thickness measurement by ultrasound, 2 weeks",,,Chulalongkorn University,,ALL,ADULT,NA,66,OTHER,INTERVENTIONAL,"Allocation: RANDOMIZED | Intervention Model: PARALLEL | Masking: TRIPLE (PARTICIPANT, INVESTIGATOR, OUTCOMES_ASSESSOR) | Primary Purpose: TREATMENT",nanolab817,2017-01-23,2017-02-06,2017-02-06,2017-02-23,,2017-02-23,"Faculty of Medicine, Chulalongkorn University, Bangkok, Bangkok, 10330, Thailand",
NCT00998504,resVida and Fat Oxidation,https://clinicaltrials.gov/study/NCT00998504,,COMPLETED,"There is now a general consensus that the combination of excessive energy intake and a low capacity to oxidize fat will lead to muscular fat accumulation and insulin resistance. It is known for many years that physical exercise is the most powerful treatment to combat insulin resistance, but it is also known that it is difficult to get people to exercise. A major breakthrough has come from the nutrition field, with the finding that resveratrol, a natural polyphenolic compound, could serve as an ""exercise mimetic"" by protecting mice from many detrimental effects of diet-induced obesity. Therefore the researchers would like to investigate if resVida can increase skeletal muscle mitochondrial function and fat oxidative capacity in obese subjects. The researchers hypothesize that an increased mitochondrial function together with an increased intrinsic activity will lead to a better control of fatty acid handling in muscle, upon a high-fat challenge.",NO,Obesity,DIETARY_SUPPLEMENT: resVida|DIETARY_SUPPLEMENT: placebo,"difference in fat oxidation between resVida and placebo treated group, 9 months","difference in mitochondrial biogenesis, function, and lipolysis in adipose and skeletal muscle tissue between resVida and placebo treated group, 9 months",,Maastricht University Medical Center,dsm-firmenich Switzerland AG|Top Institute Food and Nutrition,MALE,"ADULT, OLDER_ADULT",NA,18,OTHER,INTERVENTIONAL,"Allocation: RANDOMIZED | Intervention Model: CROSSOVER | Masking: DOUBLE (PARTICIPANT, INVESTIGATOR) | Primary Purpose: TREATMENT",MEC 09-3-039,2009-10,2011-01,2011-01,2009-10-20,,2011-03-18,"Maastricht University Medical Center, Maastricht, Limburg, 6200 MD, Netherlands",
NCT04456829,Investigation of the Efficacies of a Resveratrol Formula on Improvement of Skin Conditions and Inflammatory Related Factors,https://clinicaltrials.gov/study/NCT04456829,Resveratrol,COMPLETED,To assess a resveratrol formula on improvement of skin conditions and inflammatory cytokines in blood,NO,Skin Conditions|Proinflammatory Cytokines,DIETARY_SUPPLEMENT: Resveratrol drink|DIETARY_SUPPLEMENT: Placebo drink,"The change of skin moisture, Corneometer® CM825 was utilized to measure skin moisture. Units: arbitrary Corneometer® units 0-120, 0, 4, and 8 weeks|The change of skin elasticity, Cutometer® dual MPA 580 was utilized to measure skin elasticity (parameter R2). Units: μm penetration depth into the probe opening, expressed as curves, 0, 4, and 8 weeks|The change of skin wrinkles, VISIA Complexion Analysis System was utilized to measure wrinkles. Units: arbitrary units, 0, 4, and 8 weeks|The change of skin collagen density, DermaLab® USB - 20 MHz High Freq. Ultrasound probe was utilized to scan and analyze skin collagen density. Units:

Intensity score, 0, 4, and 8 weeks|The change of skin texture, VISIA Complexion Analysis System was utilized to measure skin texture. Units: arbitrary units, 0, 4, and 8 weeks|The change of skin pores, VISIA Complexion Analysis System was utilized to measure skin pores. Units: arbitrary units, 0, 4, and 8 weeks|The change of total antioxidant capacity of blood, Total Antioxidant Capacity Assay Kit, 0 and 8 weeks|The change of TNF-alpha of blood, ELISA Kit, 0 and 8 weeks|The change of IL-6 of blood, ELISA Kit, 0 and 8 weeks|The change of IL-17 of blood, ELISA Kit, 0 and 8 weeks|The change of IL-1β of blood, ELISA Kit, 0 and 8 weeks",,,"TCI Co., Ltd.",,ALL,"ADULT, OLDER_ADULT",NA,60,INDUSTRY,INTERVENTIONAL,Allocation: RANDOMIZED | Intervention Model: PARALLEL | Masking: SINGLE (PARTICIPANT) | Primary Purpose: PREVENTION,20-0-54-B,2020-09-17,2020-11-10,2020-12-31,2020-07-07,,2021-01-15,"Chia Nan University of Pharmacy & Science, Tainan, 71710, Taiwan",
NCT03093389,Tolerability and Steady-state Pharmacokinetics of BIA 6-512,https://clinicaltrials.gov/study/NCT03093389,,COMPLETED,"To investigate the tolerability and safety of four multiple-dose regimens of BIA 6-512 (25 mg, 50 mg, 100 mg, and 150 mg 6 times daily) in healthy volunteers and to characterise the steady-state pharmacokinetic profiles of BIA 6-512 (25 mg, 50 mg, 100 mg, and 150 mg 6 times daily) in healthy volunteers.",NO,Parkinson Disease,DRUG: BIA 6-512|DRUG: Placebo,"Cmax - the maximum plasma concentration - first dose (dose 1), BIA 6-512 pharmacokinetic parameters following the first dose (Dose 1), Dose 1: pre-dose and ¼, ½, ¾, 1, 1½, 2, and 3 hours post-dose|tmax - the time of occurrence of Cmax - first dose (dose 1), BIA 6-512 pharmacokinetic parameters following the first dose (Dose 1), Dose 1: pre-dose and ¼, ½, ¾, 1, 1½, 2, and 3 hours post-dose|AUC0-t - the area under the plasma concentration-time curve from time zero to the last sampling time at which concentrations are at or above the limit of quantification, calculated by the linear trapezoidal rule - first dose (dose 1), BIA 6-512 pharmacokinetic parameters following the first dose (Dose 1), Dose 1: pre-dose and ¼, ½, ¾, 1, 1½, 2, and 3 hours post-dose|AUC0-τ - the area under the plasma concentration versus time curve over the dosing interval (4 h), calculated by the linear trapezoidal rule - first dose (dose 1), BIA 6-512 pharmacokinetic parameters following the first dose (Dose 1), Dose 1: pre-dose and ¼, ½, ¾, 1, 1½, 2, and 3 hours post-dose|AUC0-¥ - the area under the plasma concentration versus time curve from time zero to infinity, calculated from AUC0-t + (Clast/lz), where Clast is the last quantifiable concentration and lz the apparent terminal rate constant - first dose (dose 1), BIA 6-512 pharmacokinetic parameters following the first dose (Dose 1), Dose 1: pre-dose and ¼, ½, ¾, 1, 1½, 2, and 3 hours post-dose|t½ - the apparent elimination half-life, calculated from ln 2/lz - first dose (dose 1), BIA 6-512 pharmacokinetic parameters following the first dose (Dose 1), Dose 1: pre-dose and ¼, ½, ¾, 1, 1½, 2, and 3 hours post-dose|Cmax - the maximum plasma concentration - last dose (dose 13), BIA 6-512 pharmacokinetic parameters following the last dose (Dose 13), Dose 13: pre-dose and ¼, ½, ¾, 1, 1½, 2, 3, 4, 6, 8, 12, 16 and 24 hours post-dose|tmax - the time of occurrence of Cmax - last dose (dose 13), BIA 6-512 pharmacokinetic parameters following the last dose (Dose 13), Dose 13: pre-dose and ¼, ½, ¾, 1, 1½, 2, 3, 4, 6, 8, 12, 16 and 24 hours post-dose|AUC0-t - the area under the plasma concentration-time curve from time zero to the last sampling time at which concentrations are at or above the limit of quantification, calculated by the linear trapezoidal rule - last dose (dose 13), BIA 6-512 pharmacokinetic parameters following the last dose (Dose 13), Dose 13: pre-dose and ¼, ½, ¾, 1, 1½, 2, 3, 4, 6, 8, 12, 16 and 24 hours post-dose|AUC0-τ - the area under the plasma concentration versus time curve over the dosing interval (4 h), calculated by the linear trapezoidal rule - last dose (dose 13), BIA 6-512 pharmacokinetic parameters following the last dose (Dose 13), Dose 13: pre-dose and ¼, ½, ¾, 1, 1½, 2, 3, 4, 6, 8, 12, 16 and 24 hours post-dose|AUC0-¥ - the area under the plasma concentration versus time curve from time zero to infinity, calculated from AUC0-t + (Clast/lz), where Clast is the last quantifiable concentration and lz the apparent terminal rate constant - last dose (dose 13), BIA 6-512 pharmacokinetic parameters following the last dose (Dose 13), Dose 13: pre-dose and ¼, ½, ¾, 1, 1½, 2, 3, 4, 6, 8, 12, 16 and 24 hours post-dose|t½ - the apparent elimination half-life, calculated from ln 2/lz - last dose (dose 13), BIA 6-512 pharmacokinetic parameters following the last dose (Dose 13), Dose 13: pre-dose and ¼, ½, ¾, 1, 1½, 2, 3, 4, 6, 8, 12, 16 and 24 hours post-dose",,,Bial - Portela C S.A.,,ALL,ADULT,PHASE1,40,INDUSTRY,INTERVENTIONAL,"Allocation: RANDOMIZED | Intervention Model: SEQUENTIAL | Masking: DOUBLE (PARTICIPANT, INVESTIGATOR) | Primary Purpose: TREATMENT",BIA-6512-103,2005-05-11,2005-07-29,2005-07-29,2017-03-28,,2017-03-28,"Human Pharmacology Unit (UFH) - BIAL - Portela & Cª, SA, S. Mamede Do Coronado, 4745-457, Portugal",
NCT03095105,Pharmacokinetic Profile of BIA 6-512 in Healthy Elderly Subjects Versus Healthy Young Subjects,https://clinicaltrials.gov/study/NCT03095105,,COMPLETED,the purpose of the study was to the compare pharmacokinetic profile of BIA 6-512 in healthy elderly subjects versus healthy young subjects after single and repeated oral administration of 200 mg BIA 6-512.,NO,Parkinson Disease,DRUG: 200 mg BIA 6-512,"Cmax - the maximum observed plasma concentration (single dose), Day 1: pre-dose 1, and ¼, ½, ¾, 1, 1½, 2, 3, 4, 6, 8, 12 and 16 h post-dose|AUCτ- the area under the plasma concentration versus time curve over the dosing interval, calculated by the linear trapezoidal rule (Single dose), Day 1: pre-dose 1, and ¼, ½, ¾, 1, 1½, 2, 3, 4, 6, 8, 12 and 16 h post-dose|AUC0-∞ - the area under the plasma concentration versus time curve from time zero to infinity, calculated from AUC0-t + (Clast/lz ), where Clast is the last quantifiable concentration. (single dose), Day 1: pre-dose 1, and ¼, ½, ¾, 1, 1½, 2, 3, 4, 6, 8, 12 and 16 h post-dose|Cmax - the maximum observed plasma concentration (multiple dose), Effect of age on the BIA 6-512 pharmacokinetics, Day 2: pre-dose 2; pre-dose 3 and pre-dose 4; day 3: pre-dose 5, pre-dose 6 and pre-dose 7; day 4: pre-dose 8 and ¼, ½, ¾, 1, 1½, 2, 3, 4, 6, 8, 12 and 16 h post-dose; day 5: 24 h after last dose (dose 8).|AUCτ - the area under the plasma concentration versus time curve over the dosing interval, calculated by the linear trapezoidal rule (multiple dose), Effect of age on the BIA 6-512 pharmacokinetics, Day 2: pre-dose 2; pre-dose 3 and pre-dose 4; day 3: pre-dose 5, pre-dose 6 and pre-dose 7; day 4: pre-dose 8 and ¼, ½, ¾, 1, 1½, 2, 3, 4, 6, 8, 12 and 16 h post-dose; day 5: 24 h after last dose (dose 8).|AUC0-∞ - the area under the plasma concentration versus time curve from time zero to infinity, calculated from AUC0-t + (Clast/lz ), where Clast is the last quantifiable concentration. (multiple dose), Effect of age on the BIA 6-512 pharmacokinetics, Day 2: pre-dose 2; pre-dose 3 and pre-dose 4; day 3: pre-dose 5, pre-dose 6 and pre-dose 7; day 4: pre-dose 8 and ¼, ½, ¾, 1, 1½, 2, 3, 4, 6, 8, 12 and 16 h post-dose; day 5: 24 h after last dose (dose 8).",,,Bial - Portela C S.A.,,ALL,"ADULT, OLDER_ADULT",PHASE1,25,INDUSTRY,INTERVENTIONAL,Allocation: NON_RANDOMIZED | Intervention Model: PARALLEL | Masking: NONE | Primary Purpose: TREATMENT,BIA-6512-105,2006-01-24,2006-03-02,2006-03-02,2017-03-29,,2017-03-30,"Scope International AG, Hamburg, D-22525, Germany",
NCT03436992,Estrogen and Diabetes,https://clinicaltrials.gov/study/NCT03436992,,COMPLETED,"Diabetes has recently been referred to as ""the epidemic of the 21st century"". The reason why women with type 1 diabetes have a 2-3 fold greater risk of cardiovascular disease (CVD) compared to men with type 1 diabetes is unknown.The purpose of this study is to investigate whether or not estrogen contributes to vascular dysfunction in premenopausal women with diabetes.",YES,"Diabetes Mellitus, Type 1",DIETARY_SUPPLEMENT: Antioxidant Cocktail|DIETARY_SUPPLEMENT: Resveratrol|OTHER: Placebo,"FMD/Shear, Flow-Mediated Dilation (FMD) controlled for shear, ~ 2 weeks. Acquired at Menses and Late Follicular phase.",,,Augusta University,"National Heart, Lung, and Blood Institute (NHLBI)",ALL,ADULT,NA,143,OTHER,INTERVENTIONAL,"Allocation: RANDOMIZED | Intervention Model: PARALLEL | Masking: DOUBLE (PARTICIPANT, INVESTIGATOR) | Primary Purpose: TREATMENT",E2 and D|1R01HL137087-01A1,2018-04-17,2023-09-01,2023-12-31,2018-02-19,2025-02-17,2025-02-17,"Augusta University, Augusta, Georgia, 30912, United States|Georgia Prevention Institute, Augusta, Georgia, 30912, United States","Study Protocol and Statistical Analysis Plan, https://cdn.clinicaltrials.gov/large-docs/92/NCT03436992/Prot_SAP_000.pdf"
NCT01244360,The Effects of Resveratrol Supplementation on Measurements of Health and Human Performance,https://clinicaltrials.gov/study/NCT01244360,MUresv,UNKNOWN,The purpose of this study is to examine the effects of resveratrol on health and human performance. The study will evaluate cognitive function and several indicators of physical health before and after taking a resveratrol supplement or a placebo for three weeks.,NO,Inflammation,DIETARY_SUPPLEMENT: resveratrol|OTHER: Placebo Comparator: Sugar Pill,"Vascular function, vascular response to stress will be measured using flow mediated dilation and ultrasound., 4 weeks, with option of additional 4 week treatment period","Body fat percentage, Body fat percentage will be measured using a DEXA scan., 4 weeks, with optional additional 4 week treatment period|inflammation biomarkers, Fasting blood draw, 4 weeks, with optional additional 4 week treatment period|cognitive function, cognitive function will be assessed using a validated computer based assessment tool, 4 weeks, with optional additional 4 week treatment period",,Marywood University,,ALL,"ADULT, OLDER_ADULT",NA,44,OTHER,INTERVENTIONAL,"Allocation: RANDOMIZED | Intervention Model: PARALLEL | Masking: DOUBLE (PARTICIPANT, CARE_PROVIDER) | Primary Purpose: TREATMENT",MU Smoliga Resveratrol|2RESMU194218,2010-11,2011-06,2011-06,2010-11-19,,2011-06-02,"Marywood University, Scranton, Pennsylvania, 18509, United States",
NCT02123121,Resveratrol to Enhance Vitality and Vigor in Elders,https://clinicaltrials.gov/study/NCT02123121,REVIVE,COMPLETED,"Resveratrol, a compound found in red wine and dark-skinned grapes, will improve the function of mitochondria (energy producing components) within the leg muscles of moderate functioning older adults.

The investigators will look at the role Resveratrol plays in improving physical function by studying the connection of changes in mitochondrial function and changes in physical function.",YES,Mitochondrial Function|Physical Function,DRUG: Resveratrol 1000 mg/day|DRUG: Resveratrol 1500 mg/day|OTHER: Vegetable cellulose|OTHER: All groups,"Change From Baseline in Mitochondrial Respiration in Muscle, Change in mitochondrial respiration (State 3) in muscle samples of moderate-to-low functioning older adults from baseline to post-test (90 days)., Baseline to 90 Days|Change From Baseline in Cytochrome Oxidase (COX) in Muscle Samples, Change in cytochrome oxidase (COX) in muscle samples of moderate-to-low functioning in older adults from baseline to post-test (90 days)., Baseline to 90 days|Change From Baseline in Citrate Synthase (CS) Enzymes in Muscle Samples, Change in citrate synthase (CS) enzymes in muscle samples of moderate-to-low functioning in older adults from baseline to post-test (90 days)., Baseline to 90 Days|Change From Baseline in Mitochondrial DNA Content in Muscle Samples, Change in mitochondrial DNA content in muscle samples of moderate-to-low functioning in older adults from baseline to post-test (90 days)., Baseline and 90 Days","Change From Baseline in PGC-1α Muscle Protein Levels, Change in muscle protein levels, such as PGC-1α (primary outcome) in muscle samples of moderate-to-low functioning older adults from baseline to post-test (90 days). Arbitrary units are used for measurement as it is common for protein expression data since we do not measure absolute content of a specific protein within a sample., Baseline to 90 Days|Change From Baseline in Walking Speed., Change in physical function, such as walking speed from baseline to post-test (90 days). The Six Minute Walk Test was used to measure data and involved participants being asked to walk as far and as fast as possible for 6-minutes on a 40m track., Baseline to 90 Days|Blood Glucose Level, Change in levels of blood glucose (metabolic risk factor) from baseline to post-test (90 days)., Baseline to 90 Days|Physical Activity Levels, Change in levels of spontaneous physical activity from baseline to post-test (90 days). Measured using an accelerometer which is a wearable device that captures acceleration (counts) in real time, in multiple planes. Can be used to measure energy expenditure or stationary activity levels., Baseline to 90 Days|Change From Baseline in AMPK Muscle Protein Levels., Change in muscle protein levels, such as AMPK in muscle samples of moderate-to-low functioning older adults from baseline to post-test (90 days). Arbitrary units are used for measurement as it is common for protein expression data since we do not measure absolute content of a specific protein within a sample., Baseline to 90 Days|Change From Baseline in Sirtuins (SIRT1) Muscle Protein Levels., Change in muscle protein levels, such as sirtuins (SIRT1), in muscle samples of moderate-to-low functioning older adults from baseline to post-test (90 days). Arbitrary units are used for measurement as it is common for protein expression data since we do not measure absolute content of a specific protein within a sample., Baseline to 90 Days|Change From Baseline in Physical Performance, Change in Short Physical Performance Battery (SPPB) Test Total Score on a scale of 0-12 from baseline to post-test (90 days). Lower scores indicate more mobility limitations while higher scores indicate minimal to no mobility limitations., Baseline to 90 Days|Change From Baseline in Sirtuins (SIRT3) Muscle Protein Levels., Change in muscle protein levels, such as sirtuins (SIRT3), in muscle samples of moderate-to-low functioning older adults from baseline to post-test (90 days). Arbitrary units are used for measurement as it is common for protein expression data since we do not measure absolute content of a specific protein within a sample., Baseline to 90 days",,University of Florida,National Center for Complementary and Integrative Health (NCCIH)|Office of Dietary Supplements (ODS),ALL,OLDER_ADULT,PHASE2,60,OTHER,INTERVENTIONAL,"Allocation: RANDOMIZED | Intervention Model: PARALLEL | Masking: DOUBLE (PARTICIPANT, INVESTIGATOR) | Primary Purpose: SUPPORTIVE_CARE",IRB201400439 -A -N|1R01AT007564-01,2015-09,2019-05-02,2019-05-02,2014-04-25,2023-07-27,2024-04-26,"UF Institute on Aging Clinical and Translational Research Building, Gainesville, Florida, 32611, United States","Study Protocol and Statistical Analysis Plan, https://cdn.clinicaltrials.gov/large-docs/21/NCT02123121/Prot_SAP_000.pdf|Informed Consent Form, https://cdn.clinicaltrials.gov/large-docs/21/NCT02123121/ICF_001.pdf"
NCT02409537,Effects of Dietary Antioxidants to Prevent Cardiovascular Disease,https://clinicaltrials.gov/study/NCT02409537,RWTAC,COMPLETED,"Background \& Aims: The role of red wine in cardiovascular risk prevention has been documented by several epidemiological studies in patients and normocholesterolemic healthy individuals. However, it is unclear whether hypercholesterolemic individuals free of cardiovascular disease would equally benefit from moderate red wine consumption to prevent atherosclerosis and the development of cardiovascular disease.

Methods: Forty (40) healthy volunteers males and females were recruited, divided into 2 age-adjusted groups according to their total cholesterol levels; in asymptomatic hypercholesterolemics (AHC ), and normocholesterolemics (NC ). Total Antioxidant Capacity (TAC ), Lipid profile, Vitamin E, and cardiovascular risk indexes ( LDL /HDL and Vitamin E/TC ) were evaluated in the blood serum of all subjects prior to and 1 month after once daily red wine consumption as well as prior to and after being given a placebo drink following a 1 month wash out period and resveratrol for 1 month after wash out period..",NO,Hypercholesterolemia|Healthy,DIETARY_SUPPLEMENT: red wine|DIETARY_SUPPLEMENT: resveratrol|OTHER: placebo,"Total antioxidant activity (TAC), TAC was measured after 1 month of red wine consumption, resveratrol and placebo and wash out periods in between, 6 months|Vitamin E, Vitamin E was measured after 1 month of red wine consumption, resveratrol and placebo and wash out periods in between, 6 months|Total Cholesterol, Total cholesterol was measured after 1 month of red wine consumption, resveratrol and placebo and wash out periods in between, 6 months|LDL/HDL, The ratio LDL/HDL was measured after 1 month of red wine consumption, resveratrol and placebo and wash out periods in between, 6 months","Vitamin E/ Total Cholesterol, The ratio Vitamin E/ Total Cholesterol was measured after 1 month of red wine consumption, resveratrol and placebo and wash out periods in between, 6 months",,"Aeromedical Center, Thessaloniki",,ALL,"ADULT, OLDER_ADULT",PHASE2,37,OTHER,INTERVENTIONAL,Allocation: NON_RANDOMIZED | Intervention Model: CROSSOVER | Masking: NONE | Primary Purpose: PREVENTION,0011,2013-03,2014-03,2015-03,2015-04-07,,2015-04-07,,
NCT00823381,"Effect of Resvida, a Comparison With Calorie Restriction Regimen",https://clinicaltrials.gov/study/NCT00823381,Resvida,COMPLETED,"The purpose of this study is to compare the effects of the antioxidant ""resveratrol"" to a diet intervention (Calorie Restriction) to determine how each of them affects the following: gene expression profile, cholesterol (lipids), how well the hormone insulin works to control your blood sugar, and other blood and tissue markers of metabolic and cardiovascular health.

Resveratrol is found in grape skin, wine, peanuts, and mulberries and is thought to have health benefits such as improving fat metabolism, insulin action, and possibly extending lifespan. Resvida™ is the name for the dietary supplement containing the natural antioxidant ""resveratrol"". Resvida™ will be supplied by DSM Nutritional Products, Ltd.

Resvida™ is considered a dietary supplement, and therefore it is not an approved drug by the Food and Drug Administration (FDA). It is regulated like a food. The U.S. Food and Drug Administration does not strictly regulate herbs and dietary supplements. The makers of Resvida™ make no claim that this supplement is meant to treat any ailment.

Calorie restriction (CR) is a low calorie diet (about 30% fewer calories than the American Dietetic Association (ADA) recommends). Calorie restriction has also been linked to health benefits (enhanced cardiovascular and metabolic health) and an extended lifespan.

This study is designed to compare the health benefits of both resveratrol and CR and to determine if resveratrol mimics some of the health benefits shown with CR.",NO,Obesity|Metabolic Syndrome|Diabetes|Aging,DIETARY_SUPPLEMENT: resveratrol|OTHER: placebo|BEHAVIORAL: Calorie Restriction,"global skeletal muscle gene expression profile, three months","insulin sensitivity, three months|intrahepatic triglyceride content, body composition, three months|blood lipid levels, markers of inflammation and plasma hormones, three months|safety and tolerability, three months",,Washington University School of Medicine,dsm-firmenich Switzerland AG,FEMALE,"ADULT, OLDER_ADULT",NA,58,OTHER,INTERVENTIONAL,"Allocation: RANDOMIZED | Intervention Model: PARALLEL | Masking: TRIPLE (PARTICIPANT, CARE_PROVIDER, INVESTIGATOR) | Primary Purpose: PREVENTION",2007-09-25-RESV,2009-01,2010-12,2010-12,2009-01-15,,2013-12-10,"Washington University School of Medicine, St Louis, Missouri, 63110, United States",
NCT01324089,Resveratrol With or Without Piperine to Enhance Plasma Levels of Resveratrol,https://clinicaltrials.gov/study/NCT01324089,,COMPLETED,"There is some evidence that when resveratrol (a substance which is found in red grapes, peanuts and chocolate) is combined with Piperine (a substance found in pepper) it is more effective in fighting cancer. The purpose of this study is to see if resveratrol in combination with piperine is more effective than taking resveratrol alone. Since investigators don't know what dose of piperine to use in combination with resveratrol, two different doses of piperine will be studied.

Twenty-four participants, equal numbers of males and females, will receive a single dose of resveratrol (2.5 grams) without piperine, resveratrol (2.5 grams) with piperine (5 mg), or resveratrol (2.5 grams) with piperine (25 mg).",NO,Focus of the Study: Normal Volunteers,DIETARY_SUPPLEMENT: Resveratrol|DIETARY_SUPPLEMENT: Resveratrol 2.5 grams x 1 dose and Piperine 5 mg x 1 dose|DIETARY_SUPPLEMENT: Resveratrol 2.5 grams x 1 dose and Piperine 25 mg x 1 dose,"Blood levels of study drugs, Blood levels of Resveratrol/Piperine will be measured, 30 days","Side effects of study drugs, Adverse events or side effects, 30 days",,"University of Wisconsin, Madison",National Institutes of Health (NIH)|National Cancer Institute (NCI),ALL,"ADULT, OLDER_ADULT",NA,24,OTHER,INTERVENTIONAL,"Allocation: RANDOMIZED | Intervention Model: PARALLEL | Masking: QUADRUPLE (PARTICIPANT, CARE_PROVIDER, INVESTIGATOR, OUTCOMES_ASSESSOR) | Primary Purpose: PREVENTION",CO 10308|R21CA149560|A534260|SMPH\MEDICINE\HEM-ONC|NCI-2012-00072|2010-0356,2011-03,2011-11,2012-03,2011-03-28,,2019-12-13,"University of Wisconsin, Madison, Wisconsin, 53792, United States",
NCT02256540,The Effects of Resveratrol and Acute Exercise on Endothelial Function in Postmenopausal Women,https://clinicaltrials.gov/study/NCT02256540,,COMPLETED,"This pilot study plans to learn more about the aging of blood vessels and arteries in women. As women age and go through menopause, their risk for cardiovascular disease increases. Also with aging and menopause, levels of the reproductive hormone estradiol decline. Hormone replacement therapy to restore estradiol levels does not protect women from cardiovascular disease, so lifestyle changes, such as regular exercise, are recommended to reduce disease risk. However, there are differences between men and women in their response to exercise. In older men, exercise improves the health of their arteries, but in postmenopausal women, exercise does not provide this benefit. The purpose of this pilot study is to determine whether low estradiol levels in postmenopausal women are responsible for the poor vascular response to exercise. In this study the investigators will also test whether treatment with resveratrol, a plant compound found in red wine, improves postmenopausal women's response to exercise. The investigators hypothesize that acute treatment with estrogen or resveratrol will improve vascular responses to an acute bout of exercise.",YES,Endothelial Dysfunction,DRUG: Climara|DRUG: Placebo patch|DIETARY_SUPPLEMENT: Resveratrol|DIETARY_SUPPLEMENT: Placebo,"Percent Change in Brachial Artery Flow-mediated Dilation at Each Time Point, Brachial artery flow-mediated dilation represents the percent change in artery diameter (before and after blood pressure cuff inflation-deflation) within each time point., Up to 2 hours post-exercise","Gene and Protein Expression in Peripheral Blood Mononuclear Cells, No gene and protein data were analyzed., baseline, 1-2 hours post-exercise|Change in Nitrate/Nitrite Levels, Measure of nitric oxide, baseline, 1-2 hrs post-exercise",,"University of Colorado, Denver","National Heart, Lung, and Blood Institute (NHLBI)",FEMALE,"ADULT, OLDER_ADULT",NA,25,OTHER,INTERVENTIONAL,"Allocation: RANDOMIZED | Intervention Model: CROSSOVER | Masking: QUADRUPLE (PARTICIPANT, CARE_PROVIDER, INVESTIGATOR, OUTCOMES_ASSESSOR) | Primary Purpose: OTHER",14-0532|UL1TR001082|R56HL114073,2014-08,2016-03-25,2016-03-25,2014-10-03,2020-03-20,2020-03-20,"University of Colorado Anschutz Medical Campus, Aurora, Colorado, 80045, United States",
NCT03094156,Effect of BIA 6-512 at Steady-state on the Levodopa Pharmacokinetics,https://clinicaltrials.gov/study/NCT03094156,,COMPLETED,"The purpose of the study was to To investigate whether the administration of BIA 6-512 (25 mg, 50 mg, 75 mg and 100 mg) at steady-state affects the pharmacokinetics of levodopa when administered in combination with a single-dose of immediate release levodopa/benserazide 200/50 mg or with a single-dose of immediate release levodopa/benserazide 200/50 mg plus a single-dose of entacapone 200 mg.",NO,Parkinson Disease,DRUG: Placebo|DRUG: BIA 6-512|DRUG: Madopar® 250|DRUG: Comtan®,"Day 4 - Maximum observed plasma drug concentration (Cmax), BIA 6-512, levodopa, 3-OMD and entacapone pharmacokinetic parameters on day 4, pre-dose, ¼, ½, ¾, 1, 1½, 2, 3, 4, 6, 8 and 16 hours post-dose|Day 4 - Time of occurrence of Cmax (tmax), BIA 6-512, levodopa, 3-OMD and entacapone pharmacokinetic parameters on day 4, pre-dose, ¼, ½, ¾, 1, 1½, 2, 3, 4, 6, 8 and 16 hours post-dose|Day 4 - Area under the plasma concentration-time curve (AUC) from time zero to the last sampling time at which concentrations were at or above the limit of quantification (AUC0-t), BIA 6-512, levodopa, 3-OMD and entacapone pharmacokinetic parameters on day 4, pre-dose, ¼, ½, ¾, 1, 1½, 2, 3, 4, 6, 8 and 16 hours post-dose|Day 4 - AUC from time zero to 8 h post-dose (AUC0-τ), BIA 6-512, levodopa, 3-OMD and entacapone pharmacokinetic parameters on day 4, pre-dose, ¼, ½, ¾, 1, 1½, 2, 3, 4, 6, 8 and 16 hours post-dose|Day 4 - Apparent terminal elimination half-life, calculated from ln 2/λz (t1/2), BIA 6-512, levodopa, 3-OMD and entacapone pharmacokinetic parameters on day 4, pre-dose, ¼, ½, ¾, 1, 1½, 2, 3, 4, 6, 8 and 16 hours post-dose|Day 4 - Area under the plasma concentration versus time curve from time zero to infinity (AUC0-∞), BIA 6-512, levodopa, 3-OMD and entacapone pharmacokinetic parameters on day 4, pre-dose, ¼, ½, ¾, 1, 1½, 2, 3, 4, 6, 8 and 16 hours post-dose|Day 5 - Maximum observed plasma drug concentration (Cmax), pre-dose, ¼, ½, ¾, 1, 1½, 2, 3, 4, 6, 8, 16 and 24 hours post-dose|Day 5 - Time of occurrence of Cmax (tmax), BIA 6-512, levodopa, 3-OMD and entacapone pharmacokinetic parameters on day 5, pre-dose, ¼, ½, ¾, 1, 1½, 2, 3, 4, 6, 8, 16 and 24 hours post-dose|Day 5 - Area under the plasma concentration-time curve (AUC) from time zero to the last sampling time at which concentrations were at or above the limit of quantification (AUC0-t), BIA 6-512, levodopa, 3-OMD and entacapone pharmacokinetic parameters on day 5, pre-dose, ¼, ½, ¾, 1, 1½, 2, 3, 4, 6, 8, 16 and 24 hours post-dose|Day 5 - AUC from time zero to 8 h post-dose (AUC0-τ), BIA 6-512, levodopa, 3-OMD and entacapone pharmacokinetic parameters on day 5, pre-dose, ¼, ½, ¾, 1, 1½, 2, 3, 4, 6, 8, 16 and 24 hours post-dose|Day 5 - Apparent terminal elimination half-life, calculated from ln 2/λz (t1/2), BIA 6-512, levodopa, 3-OMD and entacapone pharmacokinetic parameters on day 5, pre-dose, ¼, ½, ¾, 1, 1½, 2, 3, 4, 6, 8, 16 and 24 hours post-dose|Day 5 - Area under the plasma concentration versus time curve from time zero to infinity (AUC0-∞), BIA 6-512, levodopa, 3-OMD and entacapone pharmacokinetic parameters on day 5, pre-dose, ¼, ½, ¾, 1, 1½, 2, 3, 4, 6, 8, 16 and 24 hours post-dose",,,Bial - Portela C S.A.,,ALL,ADULT,PHASE1,39,INDUSTRY,INTERVENTIONAL,"Allocation: RANDOMIZED | Intervention Model: SEQUENTIAL | Masking: DOUBLE (PARTICIPANT, INVESTIGATOR) | Primary Purpose: TREATMENT",BIA-6512-106,2006-04-26,2006-07-11,2006-07-11,2017-03-29,,2017-03-30,"Human Pharmacology Unit (UFH) - BIAL - Portela & Cª, SA, S. Mamede Do Coronado, 4745-457, Portugal",
NCT05062486,A Study to Evaluate the Safety and Efficacy of RQC for AMD,https://clinicaltrials.gov/study/NCT05062486,,COMPLETED,"To evaluate the safety and efficacy of resveratrol, quercetin, and curcumin in combination (RQC) over 2 years in patients with age-related macular degeneration (AMD).",NO,Age-related Macular Degeneration,"DRUG: Resveratrol, Quercetin, Curcumin (RQC)|DRUG: Curcumin","Change in Drusen Volume from Baseline, Macular drusen volume measured in µm3., 24 months|Geographic Atrophy (GA) Growth Rate, The annual growth rate of GA or nascent GA area measured in mm2., 24 months|Progression to Moderate Vision Loss, Progression defined as a decrease in ETDRS BCVA score of 15 or more letters., 24 months|Adverse Events, Safety outcomes include adverse and serious adverse events and vital sign/physical examination tests., 24 months","Progression to Advanced AMD, Progression defined as the development of geographic atrophy or choroidal neovascularization detected by OCT imaging using autofluorescence, infrared, and/or angiography modules., 24 months",,"Paul A Knepper, MD PhD",,ALL,"ADULT, OLDER_ADULT",PHASE2,55,OTHER,INTERVENTIONAL,Allocation: RANDOMIZED | Intervention Model: PARALLEL | Masking: SINGLE (OUTCOMES_ASSESSOR) | Primary Purpose: TREATMENT,ZK-01-2021,2021-10-04,2024-11-07,2024-11-07,2021-09-30,,2025-07-30,"Zaparackas M.D. & Knepper M.D. Ph.D., Ltd, Chicago, Illinois, 60611, United States",
NCT06131918,Assessment of Antioxidant Therapy on Oxidative Stress Biomarkers in Type 2 Diabetic Patients With Neuropathy,https://clinicaltrials.gov/study/NCT06131918,RCT,COMPLETED,"Type 2 DM subjects having numbness, tingling and paresthesia in hands and feet (neuropathy) will be recruited. Screening of neuropathy will be done by Michigan screening instrument. This will be followed by nerve conduction studies. Specific blood parameters will also be checked. The subjects will then be divided into four treatment arms. Three groups will receive single drug and the fourth one will receive all the three drugs. These will be given for four months. Follow up will be done every month. At the end of four months, they will be assessed for any improvement in neuropathy by using Michigan neuropathy instrument and nerve conduction studies. Blood parameters will also be measured again.",NO,Peripheral Diabetic Neuropathy,"DRUG: Resveratrol, Alpha lipoic acid, Super oxide dismutase|DRUG: Resveratrol|DRUG: Alpha lipoic acid|DRUG: Super Oxide Dismutase","Change in nerve conduction latency, velocity and amplitude., This will be assessed by doing Nerve conduction studies at the start and end of trial. The nerves examined will be Median and Ulnar nerves in upper limb both for motor and sensory conduction. In case of lower limbs motor nerve Peroneal and sensory Sural nerve will be examined., 4 months|Change in clinical symptoms of neuropathy., 1. It will be assessed by Michigan neuropathy screening instrument at the start of the trial, at the end of each month and at the conclusion of the trial.
2. Changes in Quality of life will be assessed by Nottingham health profile.
3. Safety and tolerability of treatment. Recording and evaluation of adverse events and side effects will be done throughout the treatment period, 4 months","levels of superoxide radical anion,, Change in the levels of superoxide radical anion, 4 months|Levels of Malonaldehyde oxidative stress biomarker, Change in the levels of oxidative stress biomarkers, 4 months|Levels of Superoxide dismutase and Glutathione peroxidase, Change in the levels of antioxidant enzymes, 4 months",,Khyber Medical University Peshawar,,ALL,ADULT,PHASE2,100,OTHER,INTERVENTIONAL,Allocation: RANDOMIZED | Intervention Model: PARALLEL | Masking: SINGLE (PARTICIPANT) | Primary Purpose: TREATMENT,HAMIDHABIB,2023-01-09,2023-12-22,2024-05-05,2023-11-14,,2024-08-26,"Syed Hamid Habib, Peshawar, KPK, Pakistan",
NCT02137421,A Case Control Study of Resveratrol Effects in Coronary Artery Disease Patients With Metabolic Syndrome,https://clinicaltrials.gov/study/NCT02137421,,COMPLETED,The aim of this study is to explore the role of Canonical β-catenin/Wnt and forkhead box O (FOXO) pathways by means of investigating their target genes in coronary artery disease (CAD) pathogenesis and to examine the effects of resveratrol (RES) on these pathways in CAD patients.,NO,Metabolic Syndrome|Coronary Artery Disease,"DIETARY_SUPPLEMENT: Resveratrol (3, 4´, 5 trihydroxystilbene)","Relative gene expression by real-time PCR (polymerase chain reaction), PBMCs (2×106/well) are seeded in 96-well plates and undergo overnight incubation in humidified atmosphere at 37° C temperature with 5% CO2(carbon dioxide), then the medium is removed by centrifugation at 300g for 15 min and replaced with a fresh medium containing 50 micromolar resveratrol (dissolved in DMSO (Dimethyl sulfoxide)) for 12 hours. Then, RNA extraction, cDNA(complementary DNA) synthesis and real-time PCR are performed for β-catenin, MnSOD, and PPAR-delta genes ., Change from baseline after 12-hour treatment with resveratrol","MnSOD enzyme activity assay ., Change from baseline after 12-hour treatment with resveratrol|Total β-catenin protein measurement, Change from baseline after 12-hour treatment with resveratrol","PBMCs viability assay by MTT ( 3-(4,5-dimethylthiazol-2-yl)-2,5-diphenyltetrazolium bromide ) test ., Change from baseline after 12 and 24-hour treatment with resveratrol",Tehran University of Medical Sciences,,MALE,ADULT,NA,20,OTHER,INTERVENTIONAL,Allocation: RANDOMIZED | Intervention Model: SINGLE_GROUP | Masking: NONE | Primary Purpose: BASIC_SCIENCE,17001-30-01-91,2012-04,2014-08,2014-12,2014-05-13,,2017-05-02,"Islamic Republic of Iran, Tehran, Iran",
NCT06585865,Strength Training and Resveratrol,https://clinicaltrials.gov/study/NCT06585865,STaR,RECRUITING,"The main goal of this study is to find out if supplementing with resveratrol improves skeletal muscle adaptations to strengthening exercise (resistance training or strength training) in adults age 60+, and to determine whether circulating vehicles of inter-organ communication (extracellular vesicles) and their cargo might help explain those responses. The investigators will also examine whether resveratrol supplementation improves blood vessel function and cognitive function (brain health) in response to strength training.",NO,Sarcopenia|Anabolic Resistance,BEHAVIORAL: Resistance training|DIETARY_SUPPLEMENT: Resveratrol 500 mg oral once daily.|DIETARY_SUPPLEMENT: Placebo,"Circulating extracellular vesicle microRNA profile, Circulating extracellular vesicles will be isolated from plasma and their microRNA cargo will be sequenced., During pre-, mid-, and post-testing (each separated by about 6 weeks)|Muscle torque, Participants will be instructed to try and straighten their leg, against resistance, as forcefully as possible and maximal torque of the quadriceps assessed using a dynamometer., During pre-, mid-, and post-testing (each separated by about 6 weeks)|Muscle fatigability, Participants will perform 32 repetitions of knee extensions on a dynamometer and the change in torque from the beginning to the end will be used to indicate fatigability., During pre-, mid-, and post-testing (each separated by about 6 weeks)|Muscle strength, Participants will perform submaximal testing to assess strength on key exercises included in the strength training protocol., During pre-, mid-, and post-testing (each separated by about 6 weeks)|Appendicular skeletal muscle mass index, Assessed using dual-energy x-ray absorptiometry (DEXA), During pre-, mid-, and post-testing (each separated by about 6 weeks)","Waist-to-hip ratio, Waist and hip circumferences measured using measuring tape, During pre-, mid-, and post-testing (each separated by about 6 weeks)|Vascular function, Flow-mediated dilation, During pre-, mid-, and post-testing (each separated by about 6 weeks)|Cognitive function, Repeatable Battery for the Assessment of Neuropsychological Status (RBANS), During pre-, mid-, and post-testing (each separated by about 6 weeks)|Grip strength, Handgrip dynamometry, During pre-, mid-, and post-testing (each separated by about 6 weeks)|Lower body strength/endurance, Chair stand test (30 seconds), During pre-, mid-, and post-testing (each separated by about 6 weeks)|Gait speed, 4-m walk test, During pre-, mid-, and post-testing (each separated by about 6 weeks)",,Texas Tech University,National Strength and Conditioning Association,ALL,"ADULT, OLDER_ADULT",NA,36,OTHER,INTERVENTIONAL,"Allocation: RANDOMIZED | Intervention Model: PARALLEL | Masking: TRIPLE (PARTICIPANT, INVESTIGATOR, OUTCOMES_ASSESSOR) | Primary Purpose: PREVENTION",YI-2024-02|IRB 2024-587,2025-06-13,2027-07,2027-08,2024-09-19,,2026-07-07,"Department of Kinesiology &amp; Sport Management, Texas Tech University, Lubbock, Texas, 79409, United States",
NCT04668274,"JOTROL PK, Safety, and Food Effect Assessment",https://clinicaltrials.gov/study/NCT04668274,,COMPLETED,"Type of Study: Single Ascending Doses (SAD) Study

Objectives:

To characterize the pharmacokinetic (PK) profile of JOTROL (resveratrol) following oral administration of SAD ranging from 200 mg up to a dose currently estimated at 1,000 mg, in healthy subjects.

To evaluate the safety and tolerability of JOTROL To evaluate the effect of food on the PK profile of JOTROL. Study Design: Phase I, randomized, open-label, sequential SAD study with a food effect evaluation. Blood plasma and urine samples will be assessed for resveratrol and key metabolite content.

Type of Control: No control Test Product: JOTROL (resveratrol) 100 mg resveratrol in 1000 mg softgel capsule for oral administration Dosage Regimen: Planned dose levels of resveratrol: 200 mg, 500 mg, and 1,000 mg. Following completion of each dose level, PK, safety, and tolerability data will be evaluated; dose levels may be adjusted.

Route of Administration: Oral gelcaps with water Number of Subjects: 24 subjects will be included in Part 1; only 16 subjects, who completed Part 1, will be included in Part 2.

Subjects: Healthy, non-smoker, adult males or females, ≥ 18 and ≤ 75 years of age Study Duration: Participation of each subject in this study should last approximately 1 to 1.5 months (for subjects participating in study Part 1 only) and 1.5 to 2 months (for subjects participating in both study parts).",YES,Pharmacokinetics|Safety|Food-drug Interaction,DRUG: 200 mg resveratrol as JOTROL|DRUG: 500 mg resveratrol as JOTROL|DRUG: 700 mg resveratrol as JOTROL|DRUG: 500 mg resveratrol as JOTROL administered to assess influence of food,"Number of Participants With Treatment-emergent Adverse Events (TEAEs), An adverse event (AE) was defined as any untoward medical occurrence (including clinically significant \[CS\] vital signs measurements or laboratory results) or worsening of a pre-existing condition in a participant administered a pharmaceutical product during the course of the study, whether related or not to the study medication. TEAEs were defined as AE that occurred on or after the date and time of study drug administration or those that first occurred pre-dose but worsened by increase in occurrence or severity after study drug administration. TEAEs includes both serious and non-serious TEAEs., From first dose of study drug administration up to 131 days|Area Under the Plasma Concentration-time Curve From Time 0 to Time of Infinity (AUC0-inf) for Resveratrol and Its Metabolites (Resveratrol-3-glucuronide, Resveratrol-4'-Glucuronide, and Resveratrol-3-sulfate), AUC(0-infinity) of resveratrol, resveratrol-3-glucuronide, resveratrol-4'-glucuronide, and resveratrol-3-sulfate in plasma were reported. AUC(0-infinity) of resveratrol, resveratrol-3-glucuronide, resveratrol-4'-glucuronide, and resveratrol-3-sulfate in plasma were reported and calculated as AUC0-t + Ct/Kel, where Ct is the last observed measurable concentration, AUC0-t is Area Under the Concentration-time Curve From Time Zero to the Last Measurable Concentration and Kel is Elimination rate constant., Pre-dose and 0.133, 0.25, 0.5, 1, 1.5, 2, 3, 4, 5, 6, 8, 10, 12, 16, 24, and 32 hours post-dose on Day 1|Area Under the Concentration-time Curve From Time Zero to the Last Measurable Concentration (AUC0-t) for Resveratrol and Its Metabolites (Resveratrol-3-glucuronide, Resveratrol-4'-Glucuronide, and Resveratrol-3-sulfate), AUC0-t was Area Under the Concentration-time Curve From Time Zero to the Last Measurable Concentration. AUC(0-t) was calculated according to the mixed log-linear trapezoidal rule., Pre-dose and 0.133, 0.25, 0.5, 1, 1.5, 2, 3, 4, 5, 6, 8, 10, 12, 16, 24, and 32 hours post-dose on Day 1|Maximum Observed Plasma Concentration (Cmax) for Resveratrol and Its Metabolites (Resveratrol-3-glucuronide, Resveratrol-4'-Glucuronide, and Resveratrol-3-sulfate), Cmax was the maximum observed plasma concentration obtained directly from the concentration versus time curve., Pre-dose and 0.133, 0.25, 0.5, 1, 1.5, 2, 3, 4, 5, 6, 8, 10, 12, 16, 24, and 32 hours post-dose on Day 1","Residual Area for Resveratrol, Residual area for resveratrol in plasma was calculated and reported. The residual area was calculated as 100\*(1- AUC0-t / AUC0-inf) where AUC0-t (h\*ng/mL) = area under the concentration-time curve from time zero to the last measurable concentration and AUC0-inf (h\*ng/mL) = area under the plasma concentration-time curve from time 0 to time of infinity., Pre-dose and 0.133, 0.25, 0.5, 1, 1.5, 2, 3, 4, 5, 6, 8, 10, 12, 16, 24, and 32 hours post-dose on Day 1|Time to Maximum Observed Plasma Concentration (Tmax) for Resveratrol, Tmax was time to reach maximum observed plasma concentration obtained directly from the concentration versus time curve., Pre-dose and 0.133, 0.25, 0.5, 1, 1.5, 2, 3, 4, 5, 6, 8, 10, 12, 16, 24, and 32 hours post-dose on Day 1|Elimination Half-Life (T1/2 el) for Resveratrol, Elimination half-life was defined as the time required for the plasma concentration of drug to decrease 50 percent in the final stage of its elimination., Pre-dose and 0.133, 0.25, 0.5, 1, 1.5, 2, 3, 4, 5, 6, 8, 10, 12, 16, 24, and 32 hours post-dose on Day 1|Elimination Rate Constant (Kel) for Resveratrol, Kel was determined from the terminal slope of the log-transformed plasma concentration curve using linear regression method., Pre-dose and 0.133, 0.25, 0.5, 1, 1.5, 2, 3, 4, 5, 6, 8, 10, 12, 16, 24, and 32 hours post-dose on Day 1|Cumulative Urinary Excretion From Time Zero to Time t (Ae0-t) for Resveratrol, Cumulative urinary excretion from time zero to time t, calculated as the sum of the amounts excreted over each collection interval. The amount excreted in urine for each time interval was calculated as the urine concentration multiplied by the urine volume., Pre-dose and 4, 8, 12, 24, and 32 hours post-dose on Day 1|Maximum Rate of Urinary Excretion (Rmax) for Resveratrol, Maximum rate of urinary excretion, calculated by dividing the amount of drug excreted in each collection interval by the time over which it was collected., Pre-dose and 4, 8, 12, 24, and 32 hours post-dose on Day 1|Time of Rmax (Tmax) for Resveratrol, Tmax was the time after administration of a drug when the Rmax is reached., Pre-dose and 4, 8, 12, 24, and 32 hours post-dose on Day 1|Renal Clearance (CLr) for Resveratrol, CLr was calculated as Ae0-t/AUC0-t (plasma) where t is Tlast., Pre-dose and 4, 8, 12, 24, and 32 hours post-dose on Day 1",,Jupiter Orphan Therapeutics Inc.,National Institute on Aging (NIA),ALL,"ADULT, OLDER_ADULT",PHASE1,24,INDUSTRY,INTERVENTIONAL,Allocation: RANDOMIZED | Intervention Model: SINGLE_GROUP | Masking: NONE | Primary Purpose: BASIC_SCIENCE,Protocol 202016|R44AG067907-01A1,2021-01-21,2021-02-28,2021-05-31,2020-12-16,2022-08-12,2022-08-12,"inVentiv Health Clinical Research Services LLC, a Syneos Health company ("" Syneos Health ""), Miami, Florida, 33136, United States","Study Protocol, https://cdn.clinicaltrials.gov/large-docs/74/NCT04668274/Prot_003.pdf|Statistical Analysis Plan, https://cdn.clinicaltrials.gov/large-docs/74/NCT04668274/SAP_004.pdf|Informed Consent Form, https://cdn.clinicaltrials.gov/large-docs/74/NCT04668274/ICF_002.pdf"
NCT07634302,Effects of Resveratrol Supplementation Combined With a Low-Calorie Diet in Postmenopausal Women With Obesity and Knee Osteoarthritis,https://clinicaltrials.gov/study/NCT07634302,ERSOKO,COMPLETED,"Obesity is a major modifiable risk factor for knee osteoarthritis and is associated with chronic low-grade inflammation, pain, functional impairment, and cartilage degradation. Weight reduction is recommended as a core component of osteoarthritis management, while resveratrol has demonstrated anti-inflammatory and chondroprotective properties in experimental and clinical studies. However, the potential additional benefit of resveratrol supplementation when combined with dietary intervention remains uncertain.

This randomized controlled trial evaluated the effects of 150 mg/day trans-resveratrol supplementation as an adjunct to a low-calorie diet in postmenopausal women with obesity and knee osteoarthritis. Ninety-seven participants were randomized to receive either a low-calorie diet alone or the same diet combined with resveratrol for 10 days. Outcomes included pain intensity, functional status, urinary C-terminal telopeptide of type II collagen (CTX-II), anthropometric parameters, body composition, metabolic markers, lipid profile, and inflammatory biomarkers.",NO,Obesity (Disorder)|Knee Osteoarthritis (Knee OA),DIETARY_SUPPLEMENT: Trans-resveratrol extract from Polygonum Cuspidatum|BEHAVIORAL: Low-Calorie Diet,"Urinary CTX-II, Change in urinary C-terminal telopeptide of type II collagen concentration corrected for urinary creatinine., Baseline and Day 10|WOMAC Score, Change in Western Ontario and McMaster Universities Osteoarthritis Index total score., Baseline and Day 10|Pain Intensity (VAS), Change in pain intensity measured by Visual Analog Scale., Baseline and Day 10|hsCRP, high-sensitivity C-reactive protein; measured in mg/L, Baseline and Day 10","Body weight, Change from baseline in body weight (kg), Baseline and Day 10|BMI, Body Mass Index; calculated as weight in kg divided by height in meters squared, Baseline and Day 10|Fat mass, measured in kg or % of total body mass; bioelectrical impedance analysis, Baseline and Day 10|HOMA-IR, Homeostatic Model Assessment for Insulin Resistance; calculated as fasting insulin (μU/mL) × fasting glucose (mmol/L) / 22.5, Baseline and Day 10|Total cholesterol, Total cholesterol (measured in mg/dL or mmol/L), Baseline and Day 10|LDL-C, LDL-C (low-density lipoprotein cholesterol; measured in mg/dL or mmol/L), Baseline and Day 10|HDL-C, HDL-C (high-density lipoprotein cholesterol; measured in mg/dL or mmol/L), Baseline and Day 10|Triglycerides, Triglycerides (measured in mg/dL or mmol/L), Baseline and Day 10",,Federal State Budgetary Scientific Institution,,FEMALE,"ADULT, OLDER_ADULT",NA,97,OTHER_GOV,INTERVENTIONAL,Allocation: RANDOMIZED | Intervention Model: PARALLEL | Masking: NONE | Primary Purpose: TREATMENT,03022017N1,2017-03-20,2018-07-13,2018-09-10,2026-06-08,,2026-06-08,"Department of Cardiovascular Pathology and Diet Therapy, Moscow, 115446, Russia",
NCT00743743,Pilot Study of the Effects of Resveratrol Supplement in Mild-to-moderate Alzheimer's Disease,https://clinicaltrials.gov/study/NCT00743743,,WITHDRAWN,"Objective: To determine the effects of resveratrol extract given in a 215 mg dose in a daily supplement currently available over the counter, on cognitive and global functioning in patients with mild to moderate AD on standard therapy.",NO,Alzheimer Disease,DIETARY_SUPPLEMENT: Longevinex brand resveratrol supplement|DIETARY_SUPPLEMENT: placebo,"cognition, 52 weeks","function, 52 weeks|behavior, 52 weeks",,Medical College of Wisconsin,,ALL,"ADULT, OLDER_ADULT",PHASE3,0,OTHER,INTERVENTIONAL,"Allocation: RANDOMIZED | Intervention Model: PARALLEL | Masking: QUADRUPLE (PARTICIPANT, CARE_PROVIDER, INVESTIGATOR, OUTCOMES_ASSESSOR) | Primary Purpose: TREATMENT",Resveratrol2008,2008-09,2010-06,2010-12,2008-08-29,,2015-08-24,,
NCT06882564,Efficacy of Resveratrol Containing Mouthwash in Reducing Halitosis Related Porphyrymonas Gingivalis.,https://clinicaltrials.gov/study/NCT06882564,,RECRUITING,"The aim of the study:

To assess the efficacy of antioxidant (resveratrol) mouthwash in reducing the level of p. gingivitis and oral malodor over 7 day period among undergraduate dental student patients from Mustansiriyah University/College of Dentistry and Wasit University /College of Dentistry.

Objectives:

* To assess the efficacy of anti-oxidant and anti-inflammatory resveratrol mouthwash in reducing halitosis in undergraduate students with plaque-induced gingivitis patients.
* To assess the efficacy of resveratrol mouthwash in reducing p. gingivalis in undergraduate students' patients with oral malodor.
* To determine the relation between p.gingivalis and clinical periodontal parameters (plaque index, gingival index, bleeding on probing) among undergraduate students with plaque-induced gingivitis and halitosis.",NO,Halitosis|Mouth Disease|Plaque Induced Gingival Disease|Bleeding Gum|Peridontal Disease,DRUG: resveratrol mouthwash|DRUG: Chlorhexidine mouthwash (0.2%)|DRUG: Placebo,"change in oral halitosis (oral malodor), change in volatile sulfur compounds(VSCs) levels measured by organoleptic method and portable monitor( Halimeter), change in p.gingivalis count using real-time PCR.

the participants will be subjected to organoleptic measurement to detect the patient with halitosis according to organoleptic categories. A portable sulfide monitor will be use to confirm the result of organoleptic method, a, Baseline (Day 0) and after 7 days|change in clinical periodontal parameters ( gingival index), GI will be measured by using Löe and Silness index, each of the four gingival areas of the tooth is given a score from 0 to 3 as follows:

0 Normal gingiva,

1. Mild inflammation slight change in color, slight oedema
2. Moderate inflammation-redness, oedema and glazing.
3. Severe inflammation marked redness and oedema. Ulceration. Tendency to spontaneous bleeding s, Baseline (Day 0) and after 7 days|change in clinical periodontal parameters (plaque index), The plaque index will be measured by using the O'Leary plaque index. By recording the presence of plaque on (mesial, distal, facial, lingual) surfaces, A disclosing solution will painted on all exposed tooth surfaces at the initial appointment. The examiner will use an explorer or probe tip to examine all the stained surface for dental biofilm. After all teeth were examined and scored, the mean was calculated by dividing the number of plaque surfaces by the total number of available surfaces multiplied by 100%. (O'Leary et al., 1972)., Baseline (Day 0) and after 7 days|change in clinical periodontal parameters (bleeding on probing), Bleeding on Probing will be measured by gently inserting the periodontal probe at the six surfaces of all teeth to the depth of the gingival sulcus then removed coronally and waited for 30 seconds to observe the presence or absence of bleeding (0=no bleeding, 1=presence of bleeding). (Newman MG., 2011), Baseline (Day 0) and after 7 days|change in p.gingivalis level, DNA extraction and purification of p. gingivalis from plaque sample will be performed by using Real-time PCR amplification for each sample using primers specific for p. gingivalis . Bacterial ribosomal RNA (rRNA) primers Will be used to quantify total bacteria both before and after intervention., Baseline (Day 0) and after 7 days",,,Al-Mustansiriyah University,,ALL,ADULT,PHASE3,54,OTHER,INTERVENTIONAL,"Allocation: RANDOMIZED | Intervention Model: PARALLEL | Masking: DOUBLE (PARTICIPANT, INVESTIGATOR) | Primary Purpose: TREATMENT",MUOSU-202124,2025-01-05,2025-04-01,2025-11-01,2025-03-18,,2025-03-18,"Mustansiriyah University, Baghdad, Bab Al-Moadham, 10047, Iraq",
NCT06470061,RQC for the Prevention of Alzheimer's Disease and Retinal Amyloid-β,https://clinicaltrials.gov/study/NCT06470061,,NOT_YET_RECRUITING,"The goal of this clinical trial is to evaluate whether oral resveratrol, quercetin, and curcumin (RQC) can prevent the accumulation of retinal amyloid-β and/or cognitive decline over 24 months in adults aged 50-90 with Stage 1 or 2 Alzheimer's disease as described in FDA-2013-D-0077. The trial will also evaluate the safety and tolerability of RQC. Curcumin, which binds to amyloid-β, will act as a fluorescent label to identify retinal amyloid-β in vivo using optical coherence tomography (OCT)-autofluorescence imaging. The investigators will longitudinally evaluate the effect of RQC on retinal amyloid-β load cognitive outcomes including the Clinical Dementia Rating Scale Sum of Boxes (CDR-SB) and the Mini Mental State Examination (MMSE), and potential microvascular biomarkers. The investigators will also evaluate associations between retinal amyloid-β and progression to early Alzheimer's disease (mild cognitive impairment). The investigators will compare RQC, taken daily for 24 months, with curcumin alone, taken only during the 7 days preceding each of the six study visits to see if RQC can prevent (or reduce) amyloid-β and prevent the onset of mild cognitive impairment.",NO,Alzheimer Disease|Mild Cognitive Impairment|Cognitive Decline,"DRUG: Resveratrol, Quercetin, and Curcumin (RQC)|DRUG: Curcumin","Change in Retinal Amyloid-β, Retinal amyloid-β is identified using optical coherence tomography (OCT)-autofluorescence imaging and measured using a composite score called the retinal amyloid index (RAI), a continuous variable incorporating number, total area, and total fluorescence intensity of retinal Aβ spots. The change in RAI scores will be compared between RQC and control groups using linear mixed-effects models for repeated measures., Baseline to 12 Months, Baseline to 24 Months","Change in Clinical Dementia Rating Scale Sum of Boxes (CDR-SB) Score, The Clinical Dementia Rating Scale Sum of Boxes (CDR-SB) is used to differentiate stages of cognitive impairment. It assesses six cognitive and functional domains including memory, orientation, judgement, community affairs, home hobbies, and personal care. Each of the six CDR domains is scored 0 to 3, with the Sum of Boxes (SB) being the sum of the six domains on a 0-18 numerical scale. The CDR-SB is scored by trained physicians after interviewing both participants and their informants. Change in CDR-SB scores will be compared between RQC and control groups using linear mixed-effects models for repeated measures., Baseline to 12 Months, Baseline to 24 Months|Change in Mini Mental State Examination (MMSE) Score, The Mini Mental State Examination (MMSE) is an instrument used to screen for cognitive impairment. The test consists of 11-questions that evaluate five areas of cognitive function: orientation, registration, attention and calculation, recall, and language. The MMSE is scored on a numerical 0-30 scale by trained physicians after interviewing participants. Change in MMSE scores will be compared between RQC and control groups using linear mixed-effects models for repeated measures., Baseline to 12 Months, Baseline to 24 Months|Change in Superactivated Platelet (SAP) Percentage, Superactivated platelets (SAPs) are a procoagulant sub-type of activated platelet that are increased in mild cognitive impairment (MCI) and Alzheimer's disease and are associated with disease progression \[Pfahler, 2018; Prodan, 2011\]. SAPs are prepared from whole blood samples and induced in vitro by dual platelet agonists thrombin and convulxin (collagen substitute). SAPs are identified by inactivated integrin αIIbβ3 and high levels of surface fibrinogen binding and measured using flow cytometry as the percentage of total platelets positive for SAP markers. Change in the percentage of SAPs will be compared between RQC and control groups using linear mixed-effects models for repeated measures., Baseline to 12 Months, Baseline to 24 Months|Correlation Between Change in Retinal Amyloid-β and Change in Clinical Dementia Rating Scale Sum of Boxes (CDR-SB) Score, The Pearson correlation coefficient (r) between change in retinal amyloid-β as measured using the retinal amyloid index (RAI) score and change in CDR-SB scores as measured using the 0-18 numerical scale equating to the sum of the six CDR domains, each of which is scored 0 to 3. The retinal amyloid-β RAI score is a continuous variable that incorporates number, total area, and total fluorescence intensity of retinal Aβ spots. For example, a subject may have a RAI score of 20.4 and a CDR-SB score of 1., Baseline to 12 Months, Baseline to 24 Months|Correlation Between Change in Retinal Amyloid-β and Change in Mini Mental State Examination (MMSE) Score, The Pearson correlation coefficient (r) between change in retinal amyloid-β as measured using the retinal amyloid index (RAI) score and change in MMSE scores as measured using the 0-30 numerical MMSE scale. The retinal amyloid-β RAI score is a continuous variable that incorporates number, total area, and total fluorescence intensity of retinal Aβ spots. For example, a subject may have a RAI score of 20.4 and a MMSE score of 26., Baseline to 12 Months, Baseline to 24 Months|Progression to Clinically Relevant Cognitive Decline (MMSE), The effect of RQC on clinically significant cognitive decline (defined as a decrease of 4 or more points from baseline on MMSE) will be evaluated using Cox proportional hazards models., Baseline to 12 Months, Baseline to 24 Months|Progression to Clinically Relevant Cognitive Decline (CDR-SB), The effect of RQC on clinically significant cognitive decline (defined as an increase of 0.5 or more points from baseline on CDR-SB) will be evaluated using Cox proportional hazards models., Baseline to 12 Months, Baseline to 24 Months|Adverse Events (AEs) and Serious Adverse Events (SAEs), Adverse events (AEs) and serious adverse events (SAEs) will be identified and graded according to the CTCAE v5.0 after interviewing participants and reviewing study records., Baseline, 12 Months, 24 Months",,Zaparackas and Knepper LTD,Northwestern University,ALL,"ADULT, OLDER_ADULT",PHASE2,200,OTHER,INTERVENTIONAL,"Allocation: RANDOMIZED | Intervention Model: PARALLEL | Masking: DOUBLE (INVESTIGATOR, OUTCOMES_ASSESSOR) | Primary Purpose: PREVENTION",ZK-01-2024,2024-07,2027-07,2027-07,2024-06-24,,2024-06-26,"Zaparackas & Knepper Ltd., Chicago, Illinois, 60611, United States",
NCT05761327,Investigation of the Effects of Curcumin and Resveratrol Supplements Added to the Mediterranean Diet on Disease Severity and Inflammatory Biomarkers in Patients With Ulcerative Colitis,https://clinicaltrials.gov/study/NCT05761327,,COMPLETED,"The aim of the study was to examine and compare the effects of Mediterranean diet, curcumin supplementation with Mediterranean diet in individuals with ulcerative colitis, and resveratrol supplementation with Mediterranean diet in individuals with ulcerative colitis, on disease symptoms, quality of life, and inflammatory biomarkers.",NO,Ulcerative Colitis,OTHER: Mediterranean Diet|DIETARY_SUPPLEMENT: Curcumin Supplementation|DIETARY_SUPPLEMENT: Resveratrol Supplementation,"Inflammatory Bowel Disease Questionnaire (IBDQ), The questionnaire consists of 32 questions and 4 subsections. These sections are; systemic symptoms (5 questions), emotional function (12 questions), social function (5 questions) and intestinal symptoms (10 questions). The questionnaire consists of a 7-point Likert scale system. For each question, 1 point indicates the highest level of exposure, and 7 indicates that there is no problem. Scores range from 32 to 224, with a higher score associated with higher quality of life. Turkish version of IBDQ will be used to assess patients' quality of life., Change from baseline Inflammatory Bowel Disease Questionnaire total score at 8 weeks|Mediterranean Diet Assessment Tool (14-MEDAS), The Mediterranean Diet Assessment Tool will be used to measure the adherence of the participants to the Mediterranean diet. In the 14-question scale, 1 or 0 points are taken for each question asked according to the amount of consumption and these points are added. Scores are evaluated as ≤5 (low ), 6-9 (moderate), and ≥10 (high agreement)., Change from baseline Mediterranean Diet Assessment Tool total score at 8 weeks","36-Item Short Form Survey (SF-36), It is the most frequently used quality of life scale in the medical field and consists of 8 sub-parameters with a total of 36 items that evaluate physical and mental health. These sub-parameters are physical function, physical role limitation, pain, general health, vitality, social function, emotional role limitation, and mental health. The scores range from 0-100, with 100 points indicating the best health condition and 0 points the worst health condition., Change from baseline physical function, physical role limitation, pain, general health, vitality, social function, emotional role limitation, and mental health scores at 8 weeks|Truelove-Witts Severity Index, Truelove-Witts Severity Index is a clinical classification categorizes the disease as mild, moderate, and severe, based on a combination of clinical and laboratory parameters, including bowel movements, rectal bleeding, fever, tachycardia, anemia, and increased sedimentation. The Truelove-Witts classification, using clinical symptoms, is applicable to patients with ulcerative colitis,and it is easy and reliable to use in the clinic., Change from baseline Truelove-Witts Severity Index score at 8 weeks|Body Mass Index, Body weight measurements and height of the volunteers will be taken with height meter and scale. All measurements will be taken in light clothing and without shoes, according to International Standards for Anthropometric Assessment (ISAK) guidelines. Body mass index (BMI) will be calculated with weight (kg) / height (m)\^2 formula. Results will be interpreted as kg/m\^2., Change from baseline BMI at 8 weeks|Waist Hip Circumference Ratio, Non-stretchable tape measure will be used for waist and hip circumference. All measurements will be taken in light clothing and without shoes, according to International Standards for Anthropometric Assessment (ISAK) guidelines. Waist hip circumference ratio will be calculated with waist circumference (cm) / hip circumference (cm)., Change from baseline Waist hip circumference ratio at 8 weeks|Daily energy intake, Food frequency will be evaluated by The Turkish Ministry of Health version of Food Frequency Questionnaire (FFQ). FFQ is a limited check list of foods and beverages with a frequency response section for subjects to report how often each item was consumed over the last three months. Food Record (FR) will be evaluated dietary recall. The patient will be asked to note down the foods she consumes for last 3 days. The obtained data from FFQ and FR will be entered into the BeBiS 7.1 software (BeBiS Comp., Istanbul, Turkey) and the daily energy intake(kcal) will be calculated., Change from baseline from the daily energy intake at 8 weeks|Daily protein, fat, carbohydrate and fiber intake, Food frequency will be evaluated by The Turkish Ministry of Health version of Food Frequency Questionnaire (FFQ). FFQ is a limited check list of foods and beverages with a frequency response section for subjects to report how often each item was consumed over the last three months. Food Record (FR) will be evaluated dietary recall. The patient will be asked to note down the foods she consumes for last 3 days. The obtained data from FFQ and FR will be entered into the BeBiS 7.1 software (BeBiS Comp., Istanbul, Turkey) and the daily protein, fat, carbohydrate, fiber (gram) intake will be calculated., Change from baseline from the daily protein, fat, carbohydrate and fiber intake at 8 weeks|Daily vitamin and mineral intake (mg), Food frequency will be evaluated by The Turkish Ministry of Health version of Food Frequency Questionnaire (FFQ). FFQ is a limited check list of foods and beverages with a frequency response section for subjects to report how often each item was consumed over the last three months. Food Record (FR) will be evaluated dietary recall. The patient will be asked to note down the foods she consumes for last 3 days. The obtained data from FFQ and FR will be entered into the BeBiS 7.1 software (BeBiS Comp., Istanbul, Turkey) and the daily vitamin (E, B1, B2, niacin, C) and mineral (sodium, potassium, magnesium, phosphorus, iron, zinc) (mg) intake will be calculated., Change from baseline from the daily vitamin and mineral intake (mg) at 8 weeks|Daily vitamin and mineral intake (mcg), Food frequency will be evaluated by The Turkish Ministry of Health version of Food Frequency Questionnaire (FFQ). FFQ is a limited check list of foods and beverages with a frequency response section for subjects to report how often each item was consumed over the last three months. Food Record (FR) will be evaluated dietary recall. The patient will be asked to note down the foods she consumes for last 3 days. The obtained data from FFQ and FR will be entered into the BeBiS 7.1 software (BeBiS Comp., Istanbul, Turkey) and the daily vitamin (A, D, K, Folate, B12) and mineral (iodine) (mcg) intake will be calculated., Change from baseline from the daily vitamin and mineral intake (mcg) at 8 weeks|24 Hour Recall Physical Activity Record, Individuals who will participate in the research will be asked to record the physical activities they have done within 24 hours, in minutes, and to bring them to the week in which nutritional counseling will begin. Thus, after anthropometric measurements are made on the individuals, the resting metabolic rate (RMH) will be calculated with the Harris Benedict equation and the total energy requirements will be determined together with the physical activity coefficient found by using the 24-hour physical activity record., Pre-intervention: Beginning of the study|C-Reactive Protein, The blood tests were performed during routine controls. The C-Reactive Protein (mg/dL) biomarkers parameters to be examined., Change from baseline C-Reactive Protein (mg/dL) at 8 weeks.|Hemoglobin, The blood tests were performed during routine controls. The Hemoglobin (g/dL) to be examined., Change from baseline hemoglobin (g/dL) at 8 weeks.|Mean Corpuscular Hemoglobin, The blood tests were performed during routine controls. The Mean Corpuscular Hemoglobin (pg) parameter to be examined., Change from baseline Mean Corpuscular Hemoglobin (pg) at 8 weeks.|Mean Platelet Volume and Platelet Distribution Width (fL), The blood tests were performed during routine controls. The blood biomarkers parameters to be examined are as follows:

Mean Platelet Volume (fL) Platelet Distribution Width (fL) All blood biomarkers will be interpret separately., Change from baseline Mean Platelet Volume and Platelet Distribution Width (fL) at 8 weeks.|Erythrocyte Sedimentation Rate (mm/hour), The blood tests were performed during routine controls. The blood biomarkers parameters to be examined are as follows:

Erythrocyte Sedimentation Rate (mm/hour), Change from baseline Erythrocyte Sedimentation Rate (mm/hour) at 8 weeks.|White blood cell and Thrombocyte (10^3/uL), The blood tests were performed during routine controls. The blood biomarkers parameters to be examined are as follows:

White blood cell (10\^3/uL) Thrombocyte (10\^3/uL) All blood biomarkers will be interpret separately., Change from baseline White blood cell and Thrombocyte (10^3/uL) at 8 weeks.|Blood biomarkers (%), The blood tests were performed during routine controls. The blood biomarkers parameters to be examined are as follows:

Hematocrit (%) Pro-calcitonin (%) Lymphocyte (%) Monocyte (%) Neutrophil (%) Eosinophil (%) Basophil (%) Immune Globulin G (%) Platelet-Large cell ratio (%) Red Cell Distribution Width (%), Change from baseline blood parameters (%) at 8 weeks.",,Ardahan University,,ALL,"ADULT, OLDER_ADULT",NA,48,OTHER,INTERVENTIONAL,Allocation: RANDOMIZED | Intervention Model: PARALLEL | Masking: NONE | Primary Purpose: TREATMENT,2021/24,2022-06-03,2023-02-18,2024-03-22,2023-03-09,,2024-03-25,"Inonu University Turgut Ozal Medical Center, Malatya, 44200, Turkey (Türkiye)|Malatya Training and Research Hospital, Malatya, 44200, Turkey (Türkiye)",
NCT06914934,Study of High-Dose Resveratrol in Patients With Stable Ischemic Heart Disease,https://clinicaltrials.gov/study/NCT06914934,,COMPLETED,"This 6-month, randomized, double-blind, placebo-controlled pilot study investigates whether high-dose resveratrol (500 mg/day), when added to standard therapy, can improve endothelial function and reduce inflammation in patients with stable ischemic heart disease. While preclinical data and small trials have shown promising effects on vascular health and inflammation, larger studies have lacked consistent results. This study aims to provide more robust clinical evidence by assessing flow-mediated dilation (FMD) and high-sensitivity C-reactive protein (hs-CRP) as primary outcomes in a well-defined patient group.",NO,Ischaemic Heart Desease,DIETARY_SUPPLEMENT: High-dose resveratrol 500 mg/day|OTHER: Placebo,"Change in endothelial function, Change in endothelial function: measured by brachial artery flow-mediated dilation from baseline to 6 months, 6 months|Change in systemic inflammation, Change in systemic inflammation: measured by hs-CRP from baseline to 6 months, 6 months","Inflammatory cytokines change IL-6, 6 months|Inflammatory cytokines TNF-α, 6 months|Total cholesterol change, 6 months|LDL change, 6 months|Triglycerides change mg/dl, 6 months|Arterial stiffness change, measured by pulse wave velocity, 6 months|Quality of life Seattle Angina Questionnaire change, 6 months|Exercise tolerance 6-minute walk test change, 6 months",,S.LAB (SOLOWAYS),"Center for New Medical Technologies, Novosibirsk, Russia",ALL,"ADULT, OLDER_ADULT",NA,70,OTHER,INTERVENTIONAL,"Allocation: RANDOMIZED | Intervention Model: PARALLEL | Masking: TRIPLE (PARTICIPANT, CARE_PROVIDER, OUTCOMES_ASSESSOR) | Primary Purpose: TREATMENT",SW028,2024-02-01,2025-01-20,2025-02-10,2025-04-07,,2025-04-23,"Center for New Medical Technologies, Novosibirsk, 630090, Russia",
NCT03509688,"The Curative Effect of Entecavir Combined Resveratrol on HBV patients-a Multi-center, Random, Open Clinical Trial",https://clinicaltrials.gov/study/NCT03509688,,COMPLETED,"The purpose of this study is to use entecavir combined with other drug such as resveratrol and thymosin to treat patients with hepatitis B, which may provide a novel therapy target hepatitis B.",NO,Hepatitis,DRUG: entecavir+resveratrol|DRUG: Entecavir|DRUG: entecavir+thymosin α1,"HBeAg seroconversion rate, HBeAg seroconversion rate, 48 weeks","HBsAg loss rate, decline and seroconversion rate, HBsAg loss rate, decline and seroconversion rate, 48 weeks|HBeAg seroconversion rate and loss rate, HBeAg seroconversion rate and loss rate, 72 weeks|cccDNA decline level, cccDNA decline level, 48 weeks",,The First Hospital of Jilin University,Chinese Academy of Sciences,ALL,"ADULT, OLDER_ADULT",NA,312,OTHER,INTERVENTIONAL,Allocation: RANDOMIZED | Intervention Model: PARALLEL | Masking: NONE | Primary Purpose: TREATMENT,3W014Q193428,2014-11,2017-12,2017-12,2018-04-26,,2018-04-26,,
NCT03349619,Nebulized Resveratrol Plus Carboxymethyl-β-Glucan for Reducing IL-5 in Children With Allergic Rhinitis,https://clinicaltrials.gov/study/NCT03349619,RENIM,COMPLETED,"Single-center, randomized, placebo-controlled study to:

* characterize the subjects at baseline and discriminate groups of children based on IL-5, IL-17, IL-23 and INF-γ;
* investigate the effect of Resveratrol plus Carboxymethyl-β-Glucan, two sprays (100µL/spray) for nostril three times/day for 4 weeks, in comparison with placebo, in reducing nasal interleukin-5 (IL-5) in children with Allergic Rhinitis (AR).

Secondary objectives are to examine the effect of resveratrol plus carboxymethyl-β-glucan, in comparison with placebo, on subjective parameters, i.e. symptom scores, visual analogue scales for rhinitis, quality of life and quality of sleep, and the effect on objective parameters, i.e. nasal nitric oxide (nNO) levels, nasal cytology and acoustic rhinometry.",NO,Allergic Rhinitis,DRUG: Resveratrol plus Carboxymethyl-β-Glucan|DRUG: Placebo,"Nasal Interleukin-17 (IL-17), IL-17 level at baseline, Baseline|Nasal Interleukin-23 (IL-23), IL-23 level at baseline, Baseline|Nasal Interferon-γ (INF-γ), INF-γ level at baseline, Baseline|Nasal PH, Nasal PH at baseline, Baseline|Nasal Interleukin-5 (IL-5), Mean change in IL-5 level from baseline to the end of treatment., Baseline and 28 days","Total 5 Symptom Score (T5SS), Mean change in T5SS score from baseline to the end of treatment., Baseline and 28 days|Visual Analogue Scale for Rhinitis (VAS), Mean change in VAS score from baseline to the end of treatment., Baseline and 28 days|Paediatric Rhinoconjunctivitis Quality of Life Questionnaire (PRQLQ), Mean change in PRQLQ score from baseline to the end of treatment., Baseline and 28 days|Pittsburgh Sleep Quality Index (PSQI), Mean change in PSQI score from baseline to the end of treatment., Baseline and 28 days|Nasal Exhaled Nitric Oxide (nNO), Mean change of nNO from baseline to the end of treatment., Baseline and 28 days|Nasal Cytology, Mean change in nasal cytology counts from baseline to the end of treatment., Baseline and 28 days|Acoustic Rhinometry: Minimal Cross-sectional Area (MCA), Mean change of MCA from baseline to the end of treatment., Baseline and 28 days|Acoustic Rhinometry: Nasal Volume from the first 5 cm from the nostril (V.0-5), Mean change of V.0-5 from baseline to the end of treatment., Baseline and 28 days",,Istituto per la Ricerca e l'Innovazione Biomedica,,ALL,CHILD,PHASE4,88,OTHER,INTERVENTIONAL,Allocation: RANDOMIZED | Intervention Model: PARALLEL | Masking: NONE | Primary Purpose: TREATMENT,10/2017,2018-03-05,2018-07-31,2018-07-31,2017-11-21,,2019-12-05,"Institute of Biomedicine and Molecular Immunology (IBIM) - National Research Council of Palermo, Palermo, 90146, Italy",
NCT00433576,Resveratrol in Treating Patients With Colorectal Cancer That Can Be Removed By Surgery,https://clinicaltrials.gov/study/NCT00433576,,COMPLETED,This phase I trial is studying the side effects and best dose of resveratrol in treating patients with colorectal cancer that can be removed by surgery. Resveratrol may stop the growth of tumor cells by blocking some of the enzymes needed for cell growth.,NO,Adenocarcinoma of the Colon|Adenocarcinoma of the Rectum|Stage I Colon Cancer|Stage I Rectal Cancer|Stage II Colon Cancer|Stage II Rectal Cancer|Stage III Colon Cancer|Stage III Rectal Cancer,DRUG: resveratrol|OTHER: pharmacological study|OTHER: laboratory biomarker analysis,"Pharmacodynamics of resveratrol, Up to 8 days|Concentrations of biomarkers, Up to day 9",,,National Cancer Institute (NCI),,ALL,"ADULT, OLDER_ADULT",PHASE1,20,NIH,INTERVENTIONAL,Allocation: NON_RANDOMIZED | Intervention Model: SINGLE_GROUP | Masking: NONE | Primary Purpose: TREATMENT,NCI-2009-00864|NCI-2009-00864|CDR0000528296|LRI-6930|N01-CN-25025|CCUM-TASK2B|N01-CN-25025-4|P30CA046592,2006-12,2008-11,2009-03,2007-02-12,,2014-09-15,"University of Michigan, Ann Arbor, Michigan, 48109, United States",
NCT00721877,Resveratrol in Healthy Adult Participants,https://clinicaltrials.gov/study/NCT00721877,,COMPLETED,Resveratrol may prevent cancer in healthy people. Studying samples of blood and urine in the laboratory from participants who are taking resveratrol may help doctors learn more about how this drug is used by the body. This phase I trial is studying the side effects of resveratrol and to see how it works in healthy adult participants.,NO,"Healthy, no Evidence of Disease",DRUG: resveratrol|OTHER: pharmacological study|OTHER: laboratory biomarker analysis,"Modulation of CYP enzyme activities, Will be assessed by a comparison of CYP enzyme activities from baseline to end of resveratrol intervention. CYP1A2, 2D6, 2C9, and 3A4 activity will be assessed by plasma paraxanthine/caffeine ratio, urinary dextromethorphan/dextrophan ratio, urinary losartan/losartan metabolite ratio, and area under the plasma buspirone concentration-time curve, respectively. The primary analysis will consist of paired t-tests of differences in log values from baseline to end of intervention (equivalent to log of the ratio)., From baseline to end of resveratrol intervention","Changes in Phase II enzyme activity, GST activity and GST-pi level in blood lymphocytes and serum bilirubin levels will be used to assess Phase II enzyme activity. Paired t-tests of differences in values from baseline to end of intervention will be used, with a 2-sided significance level of 0.0167 for the three tests., From baseline to end of resveratrol intervention|Safety evaluation using the National Cancer Institute (NCI) Common Terminology Criteria for Adverse Events (CTCAE) version 3.0, Any adverse events will be presented descriptively., Up to 6 weeks",,National Cancer Institute (NCI),,ALL,"ADULT, OLDER_ADULT",PHASE1,42,NIH,INTERVENTIONAL,Allocation: NA | Intervention Model: SINGLE_GROUP | Masking: NONE | Primary Purpose: PREVENTION,NCI-2009-00895|NCI-2009-00895|07-0376-04|BIO07-054|CDR0000656389|07-0376-04|UAZ06-8-01|P30CA023074|N01CN35158,2008-08,2009-07,2009-07,2008-07-25,,2014-10-08,"Arizona Cancer Center - Tucson, Tucson, Arizona, 85724-5024, United States",
NCT02502253,BDPP Treatment for Mild Cognitive Impairment (MCI) and Prediabetes or Type 2 Diabetes Mellitus (T2DM),https://clinicaltrials.gov/study/NCT02502253,BDPP,COMPLETED,"Mild Cognitive Impairment (MCI) represents a group of persons who are at risk of incident dementia in the near-term. Persons with MCI who have deficits in short-term recall (amnestic MCI) are at significant risk of incident Alzheimer's disease (AD) (termed prodromal AD), and thus represent a worthy target for secondary prevention interventions.

There is increasing evidence that risk factors for metabolic syndrome (such as prediabetes and type 2 diabetes) increase risk of incident cognitive impairment and possibly AD, and evidence that the neurons of the AD brain are in fact insulin resistant with diminished glucose uptake under physiological conditions. Thus, persons with MCI and prediabetes or type 2 diabetes may be at particular risk of incident cognitive impairment and AD.

A large clinical trial (ACCORD)1 demonstrated that tight control of peripheral blood glucose does not improve cognitive (or other health) outcomes in older persons with peripheral insulin resistance. Thus, there is a need to target cognitive outcomes in persons with MCI and metabolic risk factors, and a drug targeting insulin resistance with good blood-brain-barrier (BBB) penetrance can potentially accomplish these objectives. While there is a phase III study of intranasal insulin targeting this strategy, nutraceuticals offer a low-tech solution that would be more suitable to future secondary prevention trials in MCI.

Bioactive Dietary Polyphenol Preparation (BDPP) is a combination of two nutraceutical preparations grape seed polyphenolic extract (GSE), and resveratrol that contain abundant concentrations of polyphenols. The investigators have found that oral BDPP administration was associated with improved cognition and brain plasticity long-term potentiation (LTP) in mouse models of metabolic syndrome and AD, as well as lowering brain amyloid and tau burden in an AD mouse model2-4. The investigators have demonstrated excellent absorption of oral BDPP in a small study in humans and similarly excellent CSF penetration of oral BDPP in rats, but it is crucial to demonstrate safety and CSF penetration of oral BDPP in humans to assess its potential as a treatment for MCI and prediabetes or type 2 diabetes.",NO,Mild Cognitive Impairment|Alzheimer's Disease,"DRUG: grape seed polyphenolic extract, resveratrol","Assessment of Adverse Events (AEs) and Serious Adverse Events (SAEs), 4 months|Confirm brain penetrance of BDPP by measuring levels of BDPP constituents in cerebrospinal fluid (CSF)., 4 months|Evaluate BDPP effect on mood with Neuropsychiatric Inventory and Cornell Scale for Depression in Dementia., 4 months|Evaluate BDPP effect on cognition with measures of memory, executive function, and attention measures (composite), 4 months",,,Johns Hopkins University,Icahn School of Medicine at Mount Sinai,ALL,"ADULT, OLDER_ADULT",PHASE1,14,OTHER,INTERVENTIONAL,"Allocation: RANDOMIZED | Intervention Model: PARALLEL | Masking: QUADRUPLE (PARTICIPANT, CARE_PROVIDER, INVESTIGATOR, OUTCOMES_ASSESSOR) | Primary Purpose: PREVENTION",IRB00062802,2015-06,2022-06-01,2022-06-01,2015-07-20,,2022-07-22,"Johns Hopkins University, Baltimore, Maryland, 21224, United States",
NCT02415114,An Open Label Study Evaluating the Effectiveness of Omega Q Plus® Resveratrol at Increasing Blood Levels of CoQ10,https://clinicaltrials.gov/study/NCT02415114,,COMPLETED,"The primary objective of this study is to assess the blood levels of Coenzyme Q10 in healthy subjects when administered Omega Q Plus® Resveratrol for 28 days.The secondary objective of the study is to determine if statin use has an impact on the blood levels of Coenzyme Q10 when administered Omega Q Plus® Resveratrol for 28 days. The safety objectives will include assessment of safety evaluations as determined by:

* laboratory tests - CBC, electrolytes (Na, K, Cl), glucose, creatinine, AST, ALT, GGT, and bilirubin
* vital signs - heart rate and blood pressure
* adverse events",NO,CoQ10 Blood Levels|CoQ10 Blood Levels With Statin Use,DIETARY_SUPPLEMENT: Omega Q Plus Resveratrol (with 50mg CoQ10),"To assess the blood levels of Coenzyme Q10 in healthy subjects when administered Omega Q Plus® Resveratrol for 28 days., 28 days","Change from Baseline in blood levels of Coenzyme Q10 at 28 days, 28 days","Change from,14 days prior to Baseline, in safety blood chemistry parameters (glucose, creatinine, AST, ALT, GGT, bilirubin) at 28 days, 42 days|Change from,14 days prior to Baseline, in vital signs at 28 days, 42 days|Number of Participants with Adverse Events, 42 days|Change from,14 days prior to Baseline, in hematology parameters (CBC, electrolytes) to 28 days, 42 days",KGK Science Inc.,"Healthy Directions, LLC",ALL,"ADULT, OLDER_ADULT",PHASE1,50,INDUSTRY,INTERVENTIONAL,Allocation: RANDOMIZED | Intervention Model: PARALLEL | Masking: NONE | Primary Purpose: BASIC_SCIENCE,15COHH,2015-03,2015-06,2015-06,2015-04-14,,2015-09-23,"KGK Synergize Inc., London, Ontario, N6A 5R8, Canada",
NCT00678431,Randomized Trial of a Nutritional Supplement in Alzheimer's Disease,https://clinicaltrials.gov/study/NCT00678431,,COMPLETED,"Alzheimer's disease (AD), one of the leading causes of morbidity and mortality in the elderly is characterized by progressive cognitive decline and certain neuropathological features.

Currently, there is great interest in the well-documented mitochondrial (oxidative) lesion in AD. Disturbed oxidative metabolism is a well described abnormality in AD. Several observational studies have shown that moderate consumption of wine is associated with a lower incidence of Alzheimer's disease (Truelsen et al., 2002; Luchsinger et al., 2004). Wine is enriched in antioxidant compounds with potential neuroprotective activities. In the early 1990s the presence of Resveratrol in red wine was detected where it is suspected to afford antioxidant and neuroprotective properties (Miller and Rice-Evans, 1995).

Blass and Gordon (2004) have demonstrated positive effects in AD with an oral preparation of glucose, malate and resveratrol. Glucose is the physiological precursor of the substrates of oxidative metabolism in the brain, malate is a primer of the energy-providing Krebs-cycle. Glucose and malate therefore can provide reducing equivalents (electrons) to regenerate the reduced form of resveratrol, and do so under the normal regulation of brain cell metabolism. All three ingredients are classified by the FDA as Generally Recognized As Safe.",NO,Alzheimer's Disease,"DIETARY_SUPPLEMENT: Resveratrol with Glucose, and Malate|DIETARY_SUPPLEMENT: Placebo","Alzheimer Disease Assessment Scale (ADAScog), one year","CGIC, one year",,US Department of Veterans Affairs,Alzheimer's Association|Icahn School of Medicine at Mount Sinai,ALL,"ADULT, OLDER_ADULT",PHASE3,27,FED,INTERVENTIONAL,"Allocation: RANDOMIZED | Intervention Model: PARALLEL | Masking: QUADRUPLE (PARTICIPANT, CARE_PROVIDER, INVESTIGATOR, OUTCOMES_ASSESSOR) | Primary Purpose: TREATMENT",0553-06-071,2008-01,2010-12,2011-06,2008-05-15,,2012-11-15,"James J. Peters VA Medical Center, Bronx, NY, The Bronx, New York, 10468, United States",
NCT03683108,Efficacy and Safety of Resveratrol and Carbossimetyl Beta Glucan in Treatment of Upper Airways Disease in Infancy,https://clinicaltrials.gov/study/NCT03683108,VIRNEO,COMPLETED,"outpatient infants (0-6 months of life), affected by symptoms of upper airways disease will be randomly assigned to two type of intervention:

A: treatment group, receiving resveratrol and carbossimetyl beta glucan; B: control group, receiving saline solution.

Each subject underwent clinical history, objective examination and detection of rinovirus in the nasal secretions at enrollment, after 48 hours and after 7 and 30 days.",NO,Common Cold,DRUG: Resveratrol and Carbossimetyl Beta Glucan|OTHER: Saline Solution,"Canadian Acute Respiratory Illness and Flu Scale (CARIFS), The CARIFS score consisted of 18 items each answered on a 4-point scale (no problem = 0, minor problem = 1, moderate problem = 2, major problem = 3).

Some CARIFS items such as ""headache"", ""sore-throat"", ""muscle aches or pains"" were not applicable to infants. The mean of the point of all applicable items was considered as a measure of child's overall illness level., enrollment, after 48 hours and after 7 and 30 days","Detection of Rinovirus in the nasal secretions, Difference in Human Rhinovirus replication will by the use of nasal swab analysis., after 48 hours and 7 days|30-day relapses, Number of relapses, 30-day after treatment",,Policlinico Hospital,,ALL,CHILD,PHASE3,100,OTHER,INTERVENTIONAL,"Allocation: RANDOMIZED | Intervention Model: PARALLEL | Masking: QUADRUPLE (PARTICIPANT, CARE_PROVIDER, INVESTIGATOR, OUTCOMES_ASSESSOR) | Primary Purpose: TREATMENT",VIRNEO1,2015-12,2018-03,2018-03,2018-09-25,,2019-03-20,"Dept Of Obstetrics and Neonatology - Section of Neonatology University of Bari Policlinico Hospital, Bari, 70124, Italy",
NCT03095092,Effect of Food on BIA 6-512 (Trans-resveratrol),https://clinicaltrials.gov/study/NCT03095092,,COMPLETED,The purpose of the study was to investigate the effect of food on the pharmacokinetics of a single 400 mg dose of BIA 6-512 (trans-resveratrol) in healthy volunteers,NO,Parkinson Disease,DRUG: BIA 6-512 400 mg,"Cmax - the maximum plasma concentration;, Pharmacokinetic parameters of BIA 6-512 following a single-dose of 400 mg BIA 6-512 administered orally in fasting conditions and after a standard meal, pre-dose and ¼, ½, ¾, 1, 1½, 2, 3, 4, 6, 8, 12, 16 and 24 hours post-dose|tmax - the time of occurrence of Cmax, Pharmacokinetic parameters of BIA 6-512 following a single-dose of 400 mg BIA 6-512 administered orally in fasting conditions and after a standard meal, pre-dose and ¼, ½, ¾, 1, 1½, 2, 3, 4, 6, 8, 12, 16 and 24 hours post-dose|AUC0-t - the area under the plasma concentration-time curve from time zero to the last sampling time at which concentrations are at or above the limit of quantification, calculated by the linear trapezoidal rule, Pharmacokinetic parameters of BIA 6-512 following a single-dose of 400 mg BIA 6-512 administered orally in fasting conditions and after a standard meal, pre-dose and ¼, ½, ¾, 1, 1½, 2, 3, 4, 6, 8, 12, 16 and 24 hours post-dose",,,Bial - Portela C S.A.,,ALL,ADULT,PHASE1,24,INDUSTRY,INTERVENTIONAL,Allocation: RANDOMIZED | Intervention Model: CROSSOVER | Masking: NONE | Primary Purpose: TREATMENT,BIA-6512-104,2005-05-23,2005-07-07,2005-07-07,2017-03-29,,2017-03-29,"Human Pharmacology Unit (UFH) - BIAL - Portela & Cª, SA, S. Mamede Do Coronado, 4745-457, Portugal",
NCT07148752,Evaluation of Resveratrol and Its Loaded Nanoparticles on Acanthamoeba,https://clinicaltrials.gov/study/NCT07148752,,NOT_YET_RECRUITING,"Acanthamoeba is a free-living amoeba responsible for severe human infections. There are at least twenty-two different genotypes of Acanthamoeba (T1-T22). T4 is the most common virulent genotype, mainly Acanthamoeba castellani and Acanthamoeba polyphaga.

Proper treatment still represents a challenge for healthcare professionals.So, we need novel therapeutic strategies, including newer drugs and/or drug delivery systems that can overcome the developing drug resistance as well as have minimal toxicity to human cells.

There is a new approach in the treatment of parasitic disease by using nanotechnology and natural compounds as plant extracts.

The current study aims to evaluate the therapeutic potential of resveratrol, both in its free form and when loaded on nanoparticles, against clinically isolated Acanthamoeba strains obtained from patients with persistent AK or corneal ulcers.",NO,Corneal Ulcer Caused by Acanthamoeba,,"Invitro evaluation of amoebicidal efficacy of resveratrol and resveratrol loaded nanoparticles against the isolated Acanthamoeba pathogenic strains from corneal ulcers patients in comparison to the reference drug through experimental study., In-vitro experimental study:

A-Drug susceptibility testing :The Acanthamoeba isolates will be tested for their susceptibility to various drug groups serial dilutions. The number of cysts/trophozoites will be counted using a hemocytometer.

B-Viability measurements: Using trypan blue viability stain. C-Scanning electron microscopy (SEM).

D-Host cells cytotoxicity evaluation using MTT assay on HeLa cell line:

-Percentage of cell cytotoxicity will be calculated, and the acceptable limit of cytotoxicity will be taken as the viability cutoff of 60%; thus, a cytotoxicity of \>40% is considered unacceptable., 2025-2028|Invivo evaluation of amoebicidal efficacy of resveratrol and resveratrol loaded nanoparticles against the isolated Acanthamoeba pathogenic strains from corneal ulcers patients in comparison to the reference drug through experimental study., II- In-vivo experimental study:

* The sample size is calculated to be 35 tested animals (5 in each group).
* Procedure:

Induction of keratitis and confirmation of the infection Application of the tested drug (7 groups as previously discussed).

-Evaluation of treatment by: Clinical evaluation (examination and scoring of the tested animal's eyes).

Histopathological evaluation of corneal tissue:

Parasitological evaluation., 2025-2028",,,Assiut University,,ALL,"CHILD, ADULT, OLDER_ADULT",,50,OTHER,OBSERVATIONAL,Observational Model: OTHER | Time Perspective: PROSPECTIVE,Acanthamoeba new treatment,2025-10-15,2028-10-30,2028-11-01,2025-08-29,,2025-08-29,,
NCT07100613,Mucoadhesive Modified-Release Formulations for the Topical Treatment of Symptomatic Oral Lichen Planus,https://clinicaltrials.gov/study/NCT07100613,EMPATIA,RECRUITING,"The goal of this clinical trial is to learn if a mucoadhesive patch containing clobetasol alone or in combination with resveratrol can reduce symptoms and improve quality of life in adults with Oral Lichen Planus (OLP). The main questions it aims to answer are:

Does the patch reduce oral pain and burning sensations? Does it improve the appearance of oral lesions and patients' daily well-being?

Researchers will compare:

A patch containing clobetasol A patch containing clobetasol and resveratrol A standard clobetasol 0.05% ointment in an adhesive base

Participants will:

Apply their assigned treatment to the oral lesion daily for 30 days Attend three clinical visits for evaluations and imaging Complete questionnaires about pain, symptoms, and treatment experience",NO,Oral Lichen Planus|Oral Lichen Planus Related Stress|Oral Mucosal Disease|Oral Pain,DRUG: Clobetasol Patch|DRUG: Clobetasol + Resveratrol Patch|DRUG: Clobetasol in Orabase,"Change in Symptom Intensity (Pain/Burning), Patient-reported pain and burning intensity will be measured using the 10-point Visual Analog Scale (VAS), ranging from 0 (no pain) to 10 (worst imaginable pain). Higher scores indicate worse symptoms., Baseline and Day 30|Change in Clinical Severity of Lesions, Clinical improvement will be assessed using the Thongprasom clinical scoring system (score range 0-5, where 0 = no lesion and 5 = severe erosive lesion). Higher scores indicate worse lesion severity. The outcome will measure the change from baseline to day 30., Baseline and Day 30","Change in Oral Health-Related Quality of Life, Evaluated using the Oral Health Impact Profile-14 (OHIP-14) questionnaire (range 0-56, with higher scores indicating worse quality of life)., Baseline and Day 30|Compliance with Treatment, Adherence to the patch protocol, measured as the number of daily applications recorded in participant diaries., Day 15 and Day 30|Epithelial Structural Improvement (OCT Imaging), Changes in mucosal architecture will be assessed using Optical Coherence Tomography (OCT). Improvement is defined as reduction in epithelial discontinuities and inflammatory patterns., Baseline and Day 30",,University of Palermo,,ALL,"ADULT, OLDER_ADULT",PHASE2,45,OTHER,INTERVENTIONAL,"Allocation: RANDOMIZED | Intervention Model: PARALLEL | Masking: TRIPLE (CARE_PROVIDER, INVESTIGATOR, OUTCOMES_ASSESSOR) | Primary Purpose: TREATMENT",EMPATIA,2024-09-04,2027-10-01,2027-10-01,2025-08-03,,2025-08-03,"University of Palermo, Palermo, Italy, Italy",
NCT05500742,Anti-age Dietary Supplements in Healthy Older Adults: the proBNPage Reduction Trial,https://clinicaltrials.gov/study/NCT05500742,PBAR,UNKNOWN,"Background - The research on the possibilities to extend longevity in humans is presently based on large and long randomized longitudinal studies designed to compare all-cause mortality between treated and control groups. The availability of a simple and reliable marker of biological age might allow an acceleration of the research in this field, demonstrating in small samples and after limited periods of time, the ability of a given treatment to slow down, arrest or even revert the progression of biological age. Our previous studies suggest that this marker of biological age might be the N-terminal of B-type natriuretic peptide precursor (NT-proBNP), from which proBNPage, namely a biological age surrogate in years, can easily be calculated.

Objectives of the study - 1) To fine-tune the method of proBNPage assessment, i.e., to establish the minimum time required to detect a significant increase in proBNPage in a small group of subjects. This will be the duration of next studies to test possible ""anti-age"" treatments. 2) To assess the ability of 4 ""anti-age"" treatments, which provided promising results in previous experimental and human studies, to modify proBNPage progression.

Study design - Double-blind randomized clinical trial on a sample of healthy older adults stratified for age and sex.

Study description - One hundred and twenty healthy subjects (in particular, without previous or current cardiovascular diseases) aged 65-80 years of both sexes will be randomized into 3 groups: A) Coenzyme Q10 100 mg bid + Selenium 100 mcg; B) Resveratrol 350 mg bid + TA-65 MD 100 U; C) Placebo-1 bid + Placebo-2. All these subjects will be followed for 2 years and checked 8 times, to assess both proBNPage progression and the safety of the treatments. Handgrip strength, aerobic capacity at the step test and quality of life will also be assessed.

Statistical analysis - In the placebo group, the minimum time required to obtain a significant increase in proBNPage will be established by paired t tests. In the treated groups, possible differences in proBNPage progression with the curve obtained in the placebo group will be sought, both according to intention to treat and in the subjects that will complete the study, by repeated measures ANOVA.",NO,Aging,DIETARY_SUPPLEMENT: Coenzyme Q10|DIETARY_SUPPLEMENT: Selenium|DIETARY_SUPPLEMENT: Resveratrol|DIETARY_SUPPLEMENT: TA-65 MD|OTHER: Placebo-1|OTHER: Placebo-2,"Change from baseline ProBNPage at 6 months, Change of surrogate, in years, of biological age, derived from mathematical transformation of NT-proBNP blood concentration with separate formulas for the two sexes, 6 months|Change from baseline ProBNPage at 12 months, Change of surrogate, in years, of biological age, derived from mathematical transformation of NT-proBNP blood concentration with separate formulas for the two sexes, 12 months|Change from baseline ProBNPage at 18 months, Change of surrogate, in years, of biological age, derived from mathematical transformation of NT-proBNP blood concentration with separate formulas for the two sexes, 18 months|Change from baseline ProBNPage at 24 months, Change of surrogate, in years, of biological age, derived from mathematical transformation of NT-proBNP blood concentration with separate formulas for the two sexes, 24 months","Handgrip strength change, Strength of handgrip measured in Kg with dynamometer, Baseline, 6 months, 12 months, 18 months, 24 months|Step test change, Time in seconds to ascend and descend 2 steps 20 times, inversely proportional to aerobic capacity, Baseline, 6 months, 12 months, 18 months, 24 months|Euro QoL 5 dimension questionnaire change, Questionnaire including 5 questions on quality of life generating a synthetic score (EQ-5D Index) ranging from 0 (worst possible health status) to 1 (best possible health status), Baseline, 6 months, 12 months, 18 months, 24 months|Euro QoL 5 dimension Visual Analog Scale change, Visual Analog Scale (VAS) ranging from 0 (worst possible health status) to 100 (best possible health status), Baseline, 6 months, 12 months, 18 months, 24 months",,IRCCS Azienda Ospedaliero-Universitaria di Bologna,University of Bologna|Azienda Usl di Bologna,ALL,OLDER_ADULT,NA,120,OTHER,INTERVENTIONAL,"Allocation: RANDOMIZED | Intervention Model: PARALLEL | Masking: DOUBLE (PARTICIPANT, INVESTIGATOR) | Primary Purpose: PREVENTION",PBAR-2022,2022-07-22,2024-11,2024-11,2022-08-15,,2023-02-02,"S. Orsola Hospital, Bologna, 40138, Italy",
NCT06521333,Resveratrol-Based Gel Application in a Palatal Wound Following Free Gingival Graft Surgery,https://clinicaltrials.gov/study/NCT06521333,,COMPLETED,Aim of the study to compare the effect of Resveratrol- Based gel versus 0.2% Hyaluronic acid gel applied to the palatal donor site and acrylic resin stent only in post-operative pain reduction after free gingival graft harvesting.,NO,Mucogingival Defects,DRUG: Resveratrol-Based gel|DRUG: Hyaluronic acid gel 0.2%|DEVICE: Stent,"Postoperative Pain, direct measure by using Visual Analog Scale (VAS) pain scores (ranging from 0 to 10, where 0 indicates no pain 1: minimal pain and 10 signifies severe pain) will be recorded daily for one week as the pain is expected to reach its maximum level during the initial healing phase (0-3 days), at (0--7 days)","Indirect Postoperative Pain by analgesic consumption consumption Postoperative, Pain Indirect measurement by analgesic consumption Postoperative for 7 days postoperatively, at (0-7) days|Wound size, measure by using UNC-15 periodontal probe., at surgery day, day 3, day 7, day 14 and day 21|patient satisfaction with the healing process, measure by using Visual analogue scale.

a Visual Analog Scale (VAS) specifically designed for measuring patient satisfaction with medical care. This type of scale allows patients to express their level of satisfaction by marking a point along a continuous line, which is typically 10 cm long, representing a range from complete dissatisfaction (0) to full satisfaction (10)., completed 1 week after the surgery|Color match.., measure by using Visual analogue scale. Colour match (CM) of the donor site was also assessment by using VAS scores (between 0 and 10. 0: no CM, 10: excellent CM) in comparison with adjacent and contra-lateral palatal mucosa., on day 3, day 7, day 14, day 21, and day 42",,Cairo University,,ALL,"ADULT, OLDER_ADULT",NA,30,OTHER,INTERVENTIONAL,"Allocation: RANDOMIZED | Intervention Model: PARALLEL | Masking: TRIPLE (PARTICIPANT, CARE_PROVIDER, OUTCOMES_ASSESSOR) | Primary Purpose: TREATMENT",19424,2024-05-14,2025-12-30,2026-01-01,2024-07-25,,2026-03-17,"Faculty of dentistry, Cairo University, Cairo, Egypt",
NCT05874882,Evaluating the Efficacy of Resveratrol Containing Mouthwash as Adjunct Treatment Periodontitis:,https://clinicaltrials.gov/study/NCT05874882,resveratrol,UNKNOWN,To evaluate the effectiveness of resveratrol mouthwash as adjunct to NSP treatment of periodontitis,NO,Periodontitis,OTHER: resveratrol mouthwash as adjunct to scaling and root planing in periodontitis patients|OTHER: chlorhexidine mouthwash as adjunct to scaling and root planing in periodontitis patients|OTHER: placebo mouthwash as adjunct to scaling and root planing in periodontitis patients,"bleeding on probing, bleeding on probing, at1 month from the baseline",,,University of Baghdad,,ALL,"ADULT, OLDER_ADULT",EARLY_PHASE1,40,OTHER,INTERVENTIONAL,"Allocation: RANDOMIZED | Intervention Model: PARALLEL | Masking: QUADRUPLE (PARTICIPANT, CARE_PROVIDER, INVESTIGATOR, OUTCOMES_ASSESSOR) | Primary Purpose: SUPPORTIVE_CARE",744622,2022-12-12,2023-09,2023-12,2023-05-25,,2023-05-25,"College of Dentistry, Baghdad, None Selected, Iraq",
NCT02944097,Bioavailability of Resveratrol From Vineatrol30 Extract Incorporated Into Micelles,https://clinicaltrials.gov/study/NCT02944097,,COMPLETED,"To enhance the oral bioavailability of the antioxidants trans-resveratrol and trans-ε-viniferin from Vineatrol30 grapevine-shoot extract, the native powder was incorporated into micelles. A single dose, single blind, two arms crossover trial was conducted. Plasma and urine samples were collected at intervals up to 24 h after oral intake of native or micellar Vineatrol30 (500 mg), and resveratrol content was quantified and compared between formulations. Tolerability of the dose was also controlled by safety parameters in plasma.",NO,Safety After Oral Intake|Pharmacokinetics After Oral Intake,DIETARY_SUPPLEMENT: Vineatrol 30 native powder|DIETARY_SUPPLEMENT: Vineatrol 30 micelles,"Mean area under the curve (AUC) of plasma concentration vs. time of total trans-resveratrol [nmol/L*h], Total trans-resveratrol after deconjugation with beta-glucuronidase/sulphatase, 0, 0.5, 1, 2, 4, 6, 8 and 24 h post dose|Mean area under the curve (AUC) of plasma concentration vs. time of total trans-epsilon-viniferin [nmol/L*h], Total trans-epsilon-viniferin after deconjugation with beta-glucuronidase/sulphatase, 0, 0.5, 1, 2, 4, 6, 8 and 24 h post dose|Mean maximum plasma concentration (Cmax) of total trans-resveratrol [nmol/L], Total trans-resveratrol after deconjugation with beta-glucuronidase/sulphatase, 0, 0.5, 1, 2, 4, 6, 8 and 24 h post dose|Mean maximum plasma concentration (Cmax) of total trans-epsilon-viniferin [nmol/L], Total trans-epsilon-viniferin after deconjugation with beta-glucuronidase/sulphatase, 0, 0.5, 1, 2, 4, 6, 8 and 24 h post dose|Time to reach maximum plasma concentration (Tmax) of total trans-resveratrol [h], Total trans-resveratrol after deconjugation with beta-glucuronidase/sulphatase, 0, 0.5, 1, 2, 4, 6, 8 and 24 h post dose|Time to reach maximum plasma concentration (Tmax) of total trans-epsilon-viniferin [h], Total trans-epsilon-viniferin after deconjugation with beta-glucuronidase/sulphatase, 0, 0.5, 1, 2, 4, 6, 8 and 24 h post dose|Cumulative urinary excretion of total trans-resveratrol [nmol/g creatinine], Total trans-resveratrol after deconjugation with beta-glucuronidase/sulphatase, 0, 0.5, 1, 2, 4, 6, 8 and 24 h post dose|Cumulative urinary excretion of total trans-epsilon-viniferin [nmol/g creatinine], Total trans-epsilon-viniferin after deconjugation with beta-glucuronidase/sulphatase, 0, 0.5, 1, 2, 4, 6, 8 and 24 h post dose","Serum aspartate transaminase activity [U/L], 0, 4, 24h post-dose|Serum alanine transaminase activity [U/L], 0, 4, 24h post-dose|Serum gamma-glutamyl transferase activity [U/L], 0, 4, 24h post-dose|Serum alkaline phosphatase activity [U/L], 0, 4, 24h post-dose|Serum bilirubin, 0, 4, 24h post-dose|Serum uric acid [mg/dL], 0, 4, 24h post-dose|Serum creatinine [mg/dL], 0, 4, 24h post-dose|Serum total cholesterol [mg/dL], 0, 4, 24h post-dose|Serum HDL cholesterol [mg/dL], 0, 4, 24h post-dose|Serum LDL cholesterol [mg/dL], 0, 4, 24h post-dose|Serum triacylglycerols [mg/dL], 0, 4, 24h post-dose|LDL/HDL cholesterol ratio, 0, 4, 24h post-dose|Serum cystatin C [mg/mL], 0, 4, 24h post-dose|Glomerular filtration rate [mL/min], 0, 4, 24h post-dose|Serum glucose [mg/dL], 0, 24h post-dose",,University of Hohenheim,,ALL,ADULT,EARLY_PHASE1,12,OTHER,INTERVENTIONAL,Allocation: RANDOMIZED | Intervention Model: CROSSOVER | Masking: SINGLE (PARTICIPANT) | Primary Purpose: BASIC_SCIENCE,HS-VM-2015,2015-03,2015-05,2017-02,2016-10-25,,2017-05-03,"University of Hohenheim, Stuttgart, Baden-Wurttemberg, 70599, Germany",
NCT06723119,Effect of Resveratrol Supplementation on Exercise Performance and Recovery,https://clinicaltrials.gov/study/NCT06723119,,RECRUITING,"To examine the effects of once daily supplementation with 500mg VeriSperse® resveratrol (VRES) for 17 days on muscle function, delayed onset muscle soreness, systemic concentrations of muscular damage markers and markers of oxidative stress in resistance trained young adult males following a damaging isoinertial squat protocol (ISP).",NO,Effect of Resveratrol on Performance and Recovery,OTHER: Resveratrol (VRES) 500 mg oral once daily.|OTHER: Placebo 500 mg oral once daily.,"Venous Blood Sample Collection - Creatine Kinase, Blood samples will be obtained at V2, PRE-, IP, 24H, 48H, and 72H using a 21-gauge vacutainer or 23-gauge butterfly needle from a superficial forearm vein. Up to 2 unsuccessful attempts in one arm, and with permission, a third attempt in the opposite arm, will be made. Three failed attempts will terminate the draw. Issues with blood collection devices will not remove participants from the study. All draws will follow aseptic conditions, with skin disinfected before insertion and the puncture site bandaged afterward. A total of 8mL of blood (slightly less than 2 tsp) will be collected at each time point (V2 \& V6-V13) in one 4mL BD Vacutainer™ SST. Serum tubes will be inverted, clotted at room temperature for 30 minutes, centrifuged for 10 minutes at 4000rpm, aliquoted, and frozen at -80°C within one hour. Serum will be used to determine creatine kinase (CK) concentrations, presented as U/L., Visit 2 & visits 6-13 approx=8 weeks|Venous Blood Sample Collection - C-Reactive protein, Blood samples at V2, PRE-, IP, 24H, 48H, and 72H will be obtained using a 21-gauge vacutainer or 23-gauge butterfly needle from a superficial forearm vein. A maximum of 2 unsuccessful attempts per arm will be allowed, with a third attempt permitted in the opposite arm if agreed upon. Three failed attempts will terminate the draw. Issues with blood collection devices will not disqualify participants from the study. All blood draws will follow aseptic conditions, with the skin disinfected before insertion and the puncture site covered with a bandage. A total of 8mL of blood (slightly less than 2 tsp) will be collected at each time point (V2 \& V6-V13) in one 4mL BD Vacutainer™ SST. Serum tubes will be inverted, clotted at room temperature for 30 minutes, centrifuged for 10 minutes at 4000rpm, aliquoted, and frozen at -80°C within one hour of collection. Serum will be used to determine C-reactive protein (CRP) concentrations. and presented at U/L., Visit 2 & visits 6-13 approx=8 weeks|Venous Blood Sample Collection - CBC, Blood samples at V2, PRE-, IP, 24H, 48H, and 72H will be obtained using a 21-gauge vacutainer needle or 23-gauge butterfly needle from a superficial forearm vein. A maximum of two unsuccessful attempts per arm will be allowed, with a third attempt in the opposite arm if agreed upon. Three failed attempts will terminate the blood draw. Issues with blood collection devices will not disqualify participants from continuing the study. All blood draws will follow aseptic procedures, with the skin disinfected before insertion and the puncture site covered with a bandage. A total of 8mL of blood (slightly less than 2 tsp) will be collected at each time point (V2 \& V6-V13) in one 4mL K2EDTA plasma tube (EDTA). EDTA samples will be analyzed same day using a Sysmex XN-450 Automated Hematology Analyzer, and used to measure hematocrit, hemoglobin, MCV, MCH, MCHC, total and differential blood cell counts, and platelets in-house at the Cellular Exercise Physiology Laboratory., Visit 2 & visits 6-13 approx=8 weeks|Flow Mediated Dilation (FMD), Subjects will rest in a quiet, dimly lit laboratory in a semi-recumbent position for 15 minutes before testing. Automated sphygmomanometry will measure resting systolic blood pressure (SBP), diastolic blood pressure (DBP), and heart rate (HR) on the left arm, with mean arterial pressure (MAP) calculated. Brachial artery diameter and blood velocity will be assessed using duplex Doppler ultrasound (GE Logiq P9) with a 5-MHz transducer. A tourniquet cuff will be placed around the right forearm to induce reactive hyperemia. Baseline measurements will be recorded for 2 minutes, followed by 5 minutes of arterial occlusion at 240 mmHg, and 3 minutes post-deflation. Ultrasound settings will remain consistent, with scans performed by the same technician and saved via video capture software (Snagit). Offline analysis will use FMD Studio, with parameters calculated via custom macros in Microsoft Excel. FMD will be assessed at V2, and PRE., Visit 2 & visits 6-13 approx=8 weeks|Ultrasound Measurement (MT and EI), Rectus femoris (RF), vastus medialis (VM), and vastus lateralis (VL) muscle thickness (MT) and echo intensity (EI) will be assessed on the right leg using B-mode ultrasound (GE Logiq, General Electric Medical Systems, Milwaukee, WI, USA) with a linear array probe (L4-12t, 4.2-13.0 MHz). Measurements will be performed at 12 MHz, gain of 50 dB, depth of 5 cm, and dynamic range of 72. A water-soluble gel will enhance acoustic coupling. Three images of each muscle will be captured in the sagittal plane. RF images will be taken midway between the superior patella and inguinal fold, VM images 3 inches proximal to the medial femoral epicondyle, and VL images midway between the greater trochanter and superior patella. Images will be analyzed using ImageJ software (v1.53v, NIH, Bethesda, MD) following Girts et al. (41). MT and EI will be assessed at PRE, IP, 24H, 48H, and 72H for each experimental trial., Visit 2 & visits 6-13 approx=8 weeks|Active Range of Motion (AROM), AROM will be assessed following the standardized warm-up while participants are in a prone position on a padded testing table with their legs fully supported. A handheld goniometer will be used to assess AROM of the right knee. The goniometer will be anchored at the lateral epicondyle of the femur with the stationary arm in line with the greater trochanter of the femur and the movement arm aligned with the lateral malleolus of the ankle. Participants will be instructed to move the knee from maximal full extension throughout the range of motion to maximum full flexion holding each end point for two seconds. The average of two consecutive measurements will be used to determine AROM. AROM will be assessed at PRE, IP, 24H, 48H, and 72H during each experimental trial., Visit 2 & visits 6-13 approx=8 weeks|Pain Pressure Threshold, PPT will be assessed immediately following the AROM assessment while the participants sat on the end of padded table with their upper legs supported and their lower legs hanging freely. Using a handheld 15kg dolorimeter with a 1 cm rubber tip, pressure will be applied to the RF, VM, and VL at locations identical to that of the ultrasound assessments increasing at a rate of 1 kg/s until participants first report feeling pain, at which point the algometer will be removed from the skin. PPT will be assessed once at each sight before a second measure of PPT at each location is acquired. The algometer value at the onset of pain will be recorded and the average of two measures with will be used to denote PPT. PPT will be assessed at PRE, IP, 24H, 48H, and 72H during each experimental trial., Visit 2 & visits 6-13 approx=8 weeks|Perceived Recovery Scale (PRS), PRS will be assessed as a total feeling of recovery in the lower extremities (waist down) and be performed while the participant is standing at a knee angle of 140 degrees immediately prior to MS testing. Participants will be asked to rank their level of recovery on a 100mm VAS ranging from 0 to 100, with 0 being not at all recovered and 100 being very well recovered. PRS will be assessed at PRE, IP, 24H, 48H, and 72H during each experimental trial., Visit 2 & visits 6-13 approx=8 weeks|Muscle Soreness (MS), MS will be assessed as a total feeling of soreness in the lower extremities (waist down) and be performed while the participant is standing at a knee angle of 140 degrees immediately prior to MVIC testing. Participants will be asked to rank their level of MS of their entire lower extremities on a 100mm VAS ranging from 0 to 100, with 0 being no pain at all and 100 being the most pain imaginable. MS will be assessed at PRE, IP, 24H, 48H, and 72H during each experimental trial., Visit 2 & visits 6-13 approx=8 weeks|Maximal Voluntary Isometric Contraction (MVIC) and Rate of Force development (RFD), MVIC assessments will be conducted using a specialized isometric squat rack with an immovable bar. Bar height, set during V2 and standardized for all subsequent assessments, will align participants to a knee angle of 140 degrees. Each MVIC session will include 3 x 5s maximal isometric contractions, where participants will drive upward against the bar by extending their knees and hips, mimicking a high bar back squat. Contractions will be initiated by a verbal prompt, with consistent encouragement provided throughout. One minute of rest will be given between contractions. The highest peak force recorded will represent the participant's MVIC, from which rate of force development (RFD) will be determined at 0-250ms from contraction onset. MVIC and RFD will be assessed at PRE, IP, 24H, 48H, and 72H during each trial., Visit 2 & visits 6-13 approx=8 weeks|Vertical Jump Protocol (VJ), Vertical countermovement jumps will be assessed on the same force plates utilized for the MVIC. Participants will undergo 3 vertical jump trials with 1 minute rest between. Participants will be instructed to jump as high as possible with their hands on their hips. The highest value achieved in the three trials will be used to denote the participant's maximal vertical jump height. VJ will be assessed at PRE, IP, 24H, 48H, and 72H during each experimental trial., Visit 2 & visits 6-13 approx=8 weeks|Isoinertial Squat Protocol (ISP), The ISP will be conducted using the Desmotec isoinertial training device (D11 evo, Desmotec, Biella, Italy) with force and power output measured via underfoot force plates. Participants will stand in a position mimicking a traditional back squat, arms crossed to opposite shoulders, and maintain this posture throughout. They will be strapped into the device with cable tension set to 15kg using a handheld scale (ROMECH, Paisley, UK) for consistency. Cable length will be recorded during V2 and standardized for subsequent assessments. The ISP consists of 6 sets of 10 maximal repetitions at .067kg/mm² isoinertial resistance, preceded by two low-effort ""free repetitions"" to establish rhythm. Participants will give maximal effort during the concentric phase, reaching full extension, and delay braking during the eccentric phase until the last moment, using a horizontal rope as a depth marker (\~90° knee angle). Concentric and eccentric force and power will be averaged per set., Visit 2 & visits 6-13 approx=8 weeks","Hydration Status, Upon arriving to the lab, participants will be given a sample cup to take to the restroom and provide a urine sample, so that hydration may be assessed. After providing a urine sample, a member of the research team will measure urine specific gravity (USG) using a refractometer to ensure participants are euhydrated (1.002-1.025). If dehydrated (\>1.025), they will be asked to consume 16 oz of water and be retested after waiting 15 minutes post ingestion. If hyperhydrated (\<1.002) their visits will be rescheduled. Hydration status will be checked immediately upon arrival to the laboratory for V2 and each experimental trial (V6-V13). Urine samples will be disposed of according to UCF policy., Visit 2 & visits 6-13 approx=8 weeks|Sleep Quality Questionnaire, Participants will be asked to fill out a brief 7 question sleep questionnaire consisting of questions pertaining to their sleep and sleep quality within the last 24 hours. Participants will complete the SQQ immediately upon arriving for each experimental trial (V6-V13), Visit 2 & visits 6-13 approx=8 weeks|Diet and Dietary Log, Participants will be asked to maintain two separate 5-day dietary logs using the ""MyFitnessPal"" application on their own cellular or computer device. Participants will be asked to begin each 5-day log 24 hours before ET1 and ET2 and to maintain the log by tracking all food and beverage consumption to the best of their ability for the 5 days until the completion of the 72H follow up visits (visits 9 \& 13, respectively). Additionally, participants will be asked to keep their food and beverage consumption during the two 5-day periods as consistent as possible and to match macronutrient (fats, carbohydrates, and proteins) consumption between the two periods to the best of their ability. Participants refusing to voluntarily report food and beverage consumption will be withdrawn from the study., Visit 2 & visits 6-13 approx=8 weeks|Anthropometric Assessments:, During V2, participants will complete anthropometric assessments of height, weight, and body composition. Height and weight will be assessed using a stadiometer and scale (Health-o-meter Professional Patient Weighing Scale, Model 500 KL, Pelstar, Alsip, IL, USA). Body composition will be assessed using bioelectrical impedance analysis (BIA; InBody 770, Biospace Co, Ltd. Seoul, Korea) or bioelectrical impedance spectroscopy analyzer (Sozo; Carlsbad, CA, USA). Participants will be asked to void their bladder, and remove shoes, socks, and all jewelry for this assessment. They will also be asked to be eight hours fasted and well-hydrated as determined by USG analysis. There are no risks or discomforts associated with the BIA analysis., Visit 2",,University of Central Florida,Gencor Pacific Group,MALE,ADULT,NA,20,OTHER,INTERVENTIONAL,"Allocation: RANDOMIZED | Intervention Model: CROSSOVER | Masking: TRIPLE (PARTICIPANT, INVESTIGATOR, OUTCOMES_ASSESSOR) | Primary Purpose: BASIC_SCIENCE",STUDY00006703,2024-10-01,2025-04-01,2025-04-01,2024-12-09,,2024-12-09,"University of Central Florida EPIC Lab, Orlando, Florida, 32816, United States",
NCT07393802,Evaluation of the Anti-Plaque Effect of a Resveratrol-Based Mouthwash Using a 24-Hour Plaque Re-Growth,https://clinicaltrials.gov/study/NCT07393802,,NOT_YET_RECRUITING,"Dental plaque is a biofilm that accumulates on tooth surfaces and is a primary factor in the development of gingival inflammation. While toothbrushing remains the main method for plaque control, the effectiveness of mechanical oral hygiene depends largely on individual compliance and technique. As a result, mouthwashes are commonly used as adjunctive chemical plaque control agents.

Chlorhexidine gluconate is an effective anti-plaque mouthwash, but its use is associated with undesirable effects that may limit patient acceptance. Resveratrol is a naturally derived compound with reported antimicrobial and anti-biofilm properties, suggesting its potential use as an alternative chemical plaque control agent.

This randomized, double-blind, placebo-controlled, three-period crossover clinical trial aims to evaluate the short-term anti-plaque effect of a resveratrol-based mouthwash by measuring supragingival plaque regrowth over a 24-hour period in periodontally healthy individuals. The effects of the resveratrol-based mouthwash will be compared with 0.12% chlorhexidine (CHX) and a placebo mouthwash under standardized conditions without mechanical oral hygiene",NO,Mouthwash|Chlorhexidine|Biofilm Formation|Periodontal Health,DRUG: Resveratrol-Based Mouthwash|DRUG: Chlorhexidine Gluconate 0.12 % Mouthwash|DRUG: Placebo mouthwash,"Supragingival Plaque Accumulation Assessed by the Modified Quigley-Hein Plaque Index (MQHPI), Supragingival plaque accumulation will be assessed after 24 hours using the MQHPI. Plaque scores will be recorded for each participant and used to compare plaque accumulation between the different mouthwash interventions., 24 hours","Percentage of Plaque-Covered Tooth Surface Assessed by Digital Plaque Image Analysis (DPIA), Plaque coverage will be assessed after 24 hours using the DPIA. Fluorescein-disclosed plaque images will be obtained, and the percentage of plaque-covered tooth surface will be calculated by dividing the number of pixels classified as plaque on teeth by the total number of pixels representing plaque and tooth surfaces, multiplied by 100. The resulting percentage values will be used for comparison between the different mouthwash interventions, 24 hours|Number of Participants With Oral Adverse Effects Related to Mouthwash Use, The number of participants experiencing treatment-related oral adverse effects, including oral irritation, burning sensation, mucosal changes, or discomfort, will be assessed during and after each 24-hour intervention period based on clinical examination and participant report., 24 hours|Participant-Reported Taste Acceptability of the Tested Mouthwashes, Taste acceptability of each mouthwash will be assessed after each 24-hour intervention period using participant self-report., 24 hours",,University of Baghdad,,ALL,ADULT,PHASE3,20,OTHER,INTERVENTIONAL,"Allocation: RANDOMIZED | Intervention Model: CROSSOVER | Masking: DOUBLE (PARTICIPANT, INVESTIGATOR) | Primary Purpose: PREVENTION",07731873348,2026-03,2026-04,2026-05,2026-02-06,,2026-02-06,"Ahmed Hashim, Karbala, Iraq",
NCT03090997,Effect of Resveratrol and Vitamin C on Insulin Resistance Among Postmenopausal Women,https://clinicaltrials.gov/study/NCT03090997,,UNKNOWN,"Hormonal and metabolic changes because of postmenopause increase body weight, central abdominal fat, alter lipid profile and insulin resistance, those factors increase the risk up to 60% to develop metabolic syndrome, diabetes and cardiovascular diseases. Because there is no efficient antioxidant therapy in postmenopausal women, this study proposes a therapy with resveratrol and vitamin C to increase the total antioxidant capacity; as well as to decrease insulin resistance and in consequence decreased the risk of diabetes, metabolic syndrome and cardiovascular disease",NO,Postmenopausal|Insulin Resistance,DIETARY_SUPPLEMENT: vitamin C (500 mg / day) + placebo|DIETARY_SUPPLEMENT: resveratrol (500 mg / day) + placebo|DIETARY_SUPPLEMENT: vitamin C (500 mg / day) and resveratrol (500 mg / day),"Insulin resistance, Insulin resistance measured by HOMA (Homeostatic Model Assessment), HOMA at 3 months after starting the intervention in each group","Superoxide dismutase activity, Enzymatic activity measured by spectrophotometry, three months after starting the intervention|Catalase activity, Enzymatic activity measured by spectrophotometry, three months after starting the intervention|Glutathione peroxidase activity, Enzymatic activity measured by spectrophotometry, three months after starting the intervention|Glutathione reductase activity, Enzymatic activity measured by spectrophotometry, three months after starting the intervention|Malondialdehyde, Enzymatic activity measured by spectrophotometry, three months after starting the intervention|Carbonylation of proteins, Marker of oxidative stress measured by spectrophotometry, three months after starting the intervention",,Instituto Nacional de Perinatologia Isidro Espinosa de los Reyes,,FEMALE,ADULT,NA,45,OTHER_GOV,INTERVENTIONAL,"Allocation: RANDOMIZED | Intervention Model: PARALLEL | Masking: QUADRUPLE (PARTICIPANT, CARE_PROVIDER, INVESTIGATOR, OUTCOMES_ASSESSOR) | Primary Purpose: TREATMENT",3210-10209-01-574-17,2018-02-15,2022-01-30,2022-02-28,2017-03-27,,2021-12-28,"Instituto Nacional de Perinatología Isidro Espinosa de los Reyes, Mexico City, 11000, Mexico",
NCT01766180,Cerebrovascular and Cognitive Improvement by Resveratrol (resVida) and Fruitflow-II (CCIRF-II),https://clinicaltrials.gov/study/NCT01766180,CCIRF-II,UNKNOWN,"The purpose of this study is to determine whether Fruitflow-II, Resveratrol (resVida), alone or in combination, are effective in the treatment of memory problems in adult patients with memory impairment. We also evaluate effects of these medications on blood flow to the brain and fitness, to find whether the possible improvement in memory is associated with the alterations in these parameters.",NO,Memory Impairment,DRUG: Fruitflow-II|DRUG: resVida,"Evidence of improvement in memory after treatment with Fruitflow-II, resVida (Resveratrol), alone or in combination, The following tests will be used for evaluating cognitive function:

1. Cambridge Neuropsychological Test Automated Battery (CANTAB). We use 5 tests which are mostly related to memory functioning including following:

   * Visual memory tests incuding (A) Paired Associates Learning (PAL) and (B) Pattern Recognition Memory (PRM)
   * Executive function, working memory and planning tests including (A) Stockings of Cambridge (SOC) and (B) Spatial Working Memory (SWM)
   * Semantic/verbal memory tests including (A) Verbal Recognition Memory (VRM)
2. Trail-Making Test (TMT)
3. Verbal Fluency Test, 3 months","Maximal VO2 (VO2 max), Aerobic fitness (VO2 max) will be assessed by graded maximal exercise testing on a stationary bicycle. Oxygen uptake (VO2) will be measured from expired air samples to be taken at 30-s intervals until a maximal VO2 (VO2 max) is attained or to the point of test termination secondary to symptom limitation and/or volitional exhaustion. VO2 max will be defined as the highest recorded VO2 value when two of three criteria are satisfied: (1) a plateau in VO2 peak between two or more workloads; (2) a respiratory exchange ratio \>1.00; and (3) a heart rate equivalent to their age-predicted maximum., 3 months|Blood Flow to the Brain, Cerebral blood flow velocity will be measured in the middle cerebral artery (MCA) and basilar artery (BA) using Transcranial Doppler ultrasonography., 3 months",,Neurolgy Institute for Brain Health and Fitness,dsm-firmenich Switzerland AG,ALL,"ADULT, OLDER_ADULT",NA,80,OTHER,INTERVENTIONAL,"Allocation: RANDOMIZED | Intervention Model: FACTORIAL | Masking: QUADRUPLE (PARTICIPANT, CARE_PROVIDER, INVESTIGATOR, OUTCOMES_ASSESSOR) | Primary Purpose: TREATMENT",2012-1048,2013-01,2016-01,2016-02,2013-01-11,,2015-04-21,"Memosyn Neurology Institute, 1205 York Road, Suite 11, Lutherville, Maryland, 21093, United States",
NCT04654689,Impact of the Combined Treatment of Liposomed Polyphenols With G04CB02 on the ALS Patients,https://clinicaltrials.gov/study/NCT04654689,,COMPLETED,"Amyotrophic lateral sclerosis (ALS) is a disease of an inflammatory nature, which causes progressive muscle weakness associated with cognitive and behavioural disorders. Pathogenically, it is characterised by loss of oxidative control, excitotoxicity due to excess glutamate and intestinal dysbiosis. In the absence of curative treatment, the aim of the study is to assess the impact at a clinical level of the combination of liposomed polyphenols to improve their effectiveness, with the drug G04CB02 which shows great anti-ALS properties by Molecular Topology methodology. A prospective, longitudinal, mixed, analytical, experimental and double-blind study is proposed, with a population sample of 60 patients distributed randomly in 30 patients in the intervention group who will receive treatment for 2 months, and 30 patients in the control group who will receive a placebo for the same period. The assessment will be at time 0, and at 2 months and 4 months after treatment, with functional, cognitive and behavioural tests, and of the state of inflammation and oxidation; and at time 0 and 2 months, of the intestinal microbiota.",NO,Amyotrophic Lateral Sclerosis,DIETARY_SUPPLEMENT: Liposomed polyphenols resveratrol and curcumin|OTHER: Placebo for liposomed resveratrol and curcumin|DIETARY_SUPPLEMENT: Isocaloric Diet|DRUG: G04CB02|OTHER: Placebo microcrystalline methylcellulose,"Revised Amyotrophic Lateral Sclerosis Functional Rating Scale associated with ALS, Maximum value: 48 points; Means better outcome motor variables Minimum value: 0 points, Time 0|Revised Amyotrophic Lateral Sclerosis Functional Rating Scale associated with ALS, Maximum value: 48 points; Means better outcome motor variables Minimum value: 0 points, 2 months|Revised Amyotrophic Lateral Sclerosis Functional Rating Scale associated with ALS, Maximum value: 48 points; Means better outcome motor variables Minimum value: 0 points, 4 months|Electromyography, Motor Variables, Time 0|Electromyography, Motor Variables, 2 months|Electromyography, Motor Variables, 4 months|Measurement of forced vital capacity, Motor Variables, Time 0|Measurement of forced vital capacity, Motor Variables, 2 months|Measurement of forced vital capacity, Motor Variables, 4 months","Quantitative measurement of plasma IL-6 and TNF-alpha., Variables related to inflammation and oxidation, Time 0|Quantitative measurement of plasma IL-6 and TNF-alpha., Variables related to inflammation and oxidation, 2 months|Quantitative measurement of plasma IL-6 and TNF-alpha., Variables related to inflammation and oxidation, 4 months|Quantitative measurement of plasma PCR., Variables related to inflammation and oxidation, Time 0|Quantitative measurement of plasma PCR., Variables related to inflammation and oxidation, 2 months|Quantitative measurement of plasma PCR., Variables related to inflammation and oxidation, 4 months|Quantitative measurement of plasma haptoglobin., Variables related to inflammation and oxidation, Time 0|Quantitative measurement of plasma haptoglobin., Variables related to inflammation and oxidation, 2 months|Quantitative measurement of plasma haptoglobin., Variables related to inflammation and oxidation, 4 months|Quantitative measurement of TEAC (oxidation)., Variables related to inflammation and oxidation, Time 0|Quantitative measurement of TEAC (oxidation)., Variables related to inflammation and oxidation, 2 months|Quantitative measurement of TEAC (oxidation)., Variables related to inflammation and oxidation, 4 months|Quantitative measurement of plasma 8-oxoG., Variables related to inflammation and oxidation, Time 0|Quantitative measurement of plasma 8-oxoG., Variables related to inflammation and oxidation, 2 months|Quantitative measurement of plasma 8-oxoG., Variables related to inflammation and oxidation, 4 months|Quantitative measurement of plasma MDA., Variables related to inflammation and oxidation, Time 0|Quantitative measurement of plasma MDA., Variables related to inflammation and oxidation, 2 months|Quantitative measurement of plasma MDA., Variables related to inflammation and oxidation, 4 months|Edinburgh Cognitive and Behavioral ALS Screen, Variable for cognitive and behavioural assesment

Maximum value: 136 points; Means better outcome Minimum value: 0 points

Includes a behavioural test to interview the care provider, Time 0|Edinburgh Cognitive and Behavioral ALS Screen, Variable for cognitive and behavioural assesment

Maximum value: 136 points; Means better outcome Minimum value: 0 points

Includes a behavioural test to interview the care provider, 2 months|Edinburgh Cognitive and Behavioral ALS Screen, Variable for cognitive and behavioural assesment

Maximum value: 136 points; Means better outcome Minimum value: 0 points

Includes a behavioural test to interview the care provider, 4 months|Frontal Assessment Battery, Variable for cognitive and behavioural assesment

Maximum value: 18 points; Means better outcome 16-15 points means frontosubcortical deficit 13-12 points means frontosubcortical dementia Minimum value: 0 points

Includes a behavioural test to interview the care provider, Time 0|Frontal Assessment Battery, Variable for cognitive and behavioural assesment

Maximum value: 18 points; Means better outcome 16-15 points means frontosubcortical deficit 13-12 points means frontosubcortical dementia Minimum value: 0 points

Includes a behavioural test to interview the care provider, 2 months|Frontal Assessment Battery, Variable for cognitive and behavioural assesment

Maximum value: 18 points; Means better outcome 16-15 points means frontosubcortical deficit 13-12 points means frontosubcortical dementia Minimum value: 0 points

Includes a behavioural test to interview the care provider, 4 months","Variables related to the microbiota, A Clinical Intestinal Microbiome will be performed, which is an analysis of the bacterial microbiota present in the intestine, from a stool sample., Time 0|Variables related to the microbiota, A Clinical Intestinal Microbiome will be performed, which is an analysis of the bacterial microbiota present in the intestine, from a stool sample., 4 months",Fundación Universidad Católica de Valencia San Vicente Mártir,,ALL,"ADULT, OLDER_ADULT",PHASE2,90,OTHER,INTERVENTIONAL,"Allocation: RANDOMIZED | Intervention Model: PARALLEL | Masking: TRIPLE (PARTICIPANT, CARE_PROVIDER, INVESTIGATOR) | Primary Purpose: SUPPORTIVE_CARE",UCV/2020-2021/018|2020-005143-23,2021-11-20,2022-11-12,2023-02-04,2020-12-04,,2025-10-08,"José Enrique de la Rubia Ortí, Valencia, Valencia, 46007, Spain",
NCT07487623,Evaluation of the Hepatoprotective Effects of a Nutritional Supplement in Patients With Liver Disease Secondary to Chronic Hepatitis C Virus Infection (RESQUETI Study).,https://clinicaltrials.gov/study/NCT07487623,RESQUETI,RECRUITING,"The purpose of this clinical trial is to evaluate whether a nutritional supplement containing resveratrol, quercetin, taurine, inulin, and whey protein improves biochemical and molecular markers, as well as clinical outcomes, in patients with liver disease related to chronic hepatitis C infection.

The study will compare the investigational supplement with an active control (whey protein alone) to determine whether the combination formulation provides additional benefits on liver-related biomarkers and clinical assessment.

Participants will:

Take the investigational supplement or active control daily for 12 weeks.

Attend clinic visits every 4 weeks for laboratory testing and clinical evaluations.",NO,Liver Disease Chronic|HEPATITIS C VIRUS CHRONIC INFECTION,"DIETARY_SUPPLEMENT: resveratrol, quercetin, taurine, whey protein, and inulin|DIETARY_SUPPLEMENT: whey protein","Liver function measurements, Serum concentrations of alanine aminotransferase (ALT) and aspartate aminotransferase (AST), From enrollment to the end of treatment at 12 weeks|Quality of life (CLDQ), Quality of life was assessed using the Chronic Liver Disease Questionnaire (CLDQ), which evaluates domains such as fatigue, worry, systemic symptoms, abdominal symptoms, activity, and overall assessment. The maximum score is 7, indicating better quality of life., From enrollment to the end of treatment at 12 weeks|Frailty, Physical frailty assessed using the Liver Frailty Index (LFI), The LFI includes grip strength, timed chair stands, and balance testing. Frailty classifications were determined using previously established LFI cutoffs: robust (LFI < 3.2), prefrail (LFI 3.2-4.4), and frail (LFI ≥ 4.5).","Pro-inflammatory cytokines, Serum concentrations of pro-inflammatory cytokines (IL-1β, TNF-α, TGF-β), From enrollment to the end of treatment at 12 weeks|Antioxidant activity, Serum concentrations of antioxidant enzymes superoxide dismutase (SOD) and catalase (CAT), From enrollment to the end of treatment at 12 weeks",,University of Guadalajara,"Hospital Civil de Guadalajara|Centro Universitario de Ciencias de la Salud, Mexico",ALL,"ADULT, OLDER_ADULT",NA,26,OTHER,INTERVENTIONAL,"Allocation: RANDOMIZED | Intervention Model: PARALLEL | Masking: TRIPLE (PARTICIPANT, CARE_PROVIDER, INVESTIGATOR) | Primary Purpose: SUPPORTIVE_CARE",CEI 183/23,2025-10-11,2026-03-31,2026-05-15,2026-03-23,,2026-03-23,"Hospital Civil de Guadalajara Fray Antonio Alcalde, Guadalajara, Jalisco, 44280, Mexico|Hospital Civil de Guadalajara Fray Antonio Alcalde, Guadalajara, Jalisco, Mexico",
NCT07395921,Resveratrol Effects on Inflammatory Biomarkers and Cardiometabolic Parameters.,https://clinicaltrials.gov/study/NCT07395921,RESINCA,NOT_YET_RECRUITING,This study aims to evaluate the effect of the supplementation of grape pomace bars enriched in resveratrol on inflammatory biomarkers and cardiometabolic parameters in community-dwelling adults,NO,"Inflammation Biomarkers|Cardiometabolic Health Indicators|Antioxidant Status, Inflammation|Antioxidant Capabilities|Inflammaging",DIETARY_SUPPLEMENT: RES 120|DIETARY_SUPPLEMENT: RES 250|DIETARY_SUPPLEMENT: RES 500,"Inflammatory biomarkers: Total plasma antioxidant capacity (µmol/L)., The total plasma antioxidant capacity by Ferric Reducing Antioxidant Power will assess with a blood sample pre and post intervention to evaluate the effect of the supplementation of grape pomace bars enriched in resveratrol on inflammatory biomarkers in community-dwelling adults., From enrollment to the end of treatment at 8 weeks|Inflammatory Biomarkers: Ultra-sensitivity CRP (mg/L)., The ultra-sensitivity CRP by Elisa test will assess with a blood sample pre and post intervention to evaluate the effect of the supplementation of grape pomace bars enriched in resveratrol on inflammatory biomarkers in community-dwelling adults., From enrollment to the end of treatment at 8 weeks|Inflammatory Biomarkers: IL-6 (pg/mL)., The IL-6 by Elisa test will assess with a blood sample pre and post intervention to evaluate the effect of the supplementation of grape pomace bars enriched in resveratrol on inflammatory biomarkers in community-dwelling adults., From enrollment to the end of treatment at 8 weeks|Inflammatory Biomarkers: Plasma malondialdehyde (µmol/L)., The plasma malondialdehyde by TBARS/HPLC method will assess with a blood sample pre and post intervention to evaluate the effect of the supplementation of grape pomace bars enriched in resveratrol on inflammatory biomarkers in community-dwelling adults., From enrollment to the end of treatment at 8 weeks|Inflammatory Biomarkers: TNF-alfa (pg/mL)., The TNF-alfa by Elisa test will assess with a blood sample pre and post intervention to evaluate the effect of the supplementation of grape pomace bars enriched in resveratrol on inflammatory biomarkers in community-dwelling adults., From enrollment to the end of treatment at 8 weeks|Inflammatory Biomarkers: Advanced glycation end-products (AGEs) in 1 to 5 units., The AGEs will assess with non-invasive fluorescence pre and post intervention to evaluate the effect of the supplementation of grape pomace bars enriched in resveratrol on inflammatory biomarkers in community-dwelling adults., From enrollment to the end of treatment at 8 weeks","Cardiometabolic Parameters: Body weight (kg)., Body weight will assess with electrical bioimpedance pre and post intervention to evaluate the effect of the supplementation of grape pomace bars enriched in resveratrol on cardiometabolic parameters in community-dwelling adults., From enrollment to the end of treatment at 8 weeks|Cardiometabolic Parameters: Body mass index-BMI (kg/m2)., The BMI will assess with electrical bioimpedance pre and post intervention to evaluate the effect of the supplementation of grape pomace bars enriched in resveratrol on cardiometabolic parameters in community-dwelling adults., From enrollment to the end of treatment at 8 weeks|Cardiometabolic Parameters: Basal metabolic rate (kcal)., The basal metabolic rate will assess with electrical bioimpedance pre and post intervention to evaluate the effect of the supplementation of grape pomace bars enriched in resveratrol on cardiometabolic parameters in community-dwelling adults., From enrollment to the end of treatment at 8 weeks|Cardiometabolic Parameters: Fat mass (kg, %)., The fat mass will assess with electrical bioimpedance pre and post intervention to evaluate the effect of the supplementation of grape pomace bars enriched in resveratrol on cardiometabolic parameters in community-dwelling adults., From enrollment to the end of treatment at 8 weeks|Cardiometabolic Parameters: Skeletal muscle mass (kg)., The skeletal muscle mass will assess with electrical bioimpedance pre and post intervention to evaluate the effect of the supplementation of grape pomace bars enriched in resveratrol on cardiometabolic parameters in community-dwelling adults., From enrollment to the end of treatment at 8 weeks|Cardiometabolic Parameters: Waist-to-hip ratio., The waist-to-hip ratio will assess with electrical bioimpedance pre and post intervention to evaluate the effect of the supplementation of grape pomace bars enriched in resveratrol on cardiometabolic parameters in community-dwelling adults., From enrollment to the end of treatment at 8 weeks|Cardiometabolic Parameters: Handgrip strength (kg)., The handgrip strength will assess with dynamometry pre and post intervention to evaluate the effect of the supplementation of grape pomace bars enriched in resveratrol on cardiometabolic parameters in community-dwelling adults., From enrollment to the end of treatment at 8 weeks|Cardiometabolic Parameters: 30-second sit-to-stand test (n° of repetitions achieved)., The 30-second sit-to-stand test will assess with a 43 cm height chair pre and post intervention to evaluate the effect of the supplementation of grape pomace bars enriched in resveratrol on cardiometabolic parameters in community-dwelling adults., From enrollment to the end of treatment at 8 weeks|Cardiometabolic parameters: HRV, RMSSD and SDNN in (ms)., The heart rate variability will assess in 10 minutes with continuous recording of the resting electrocardiographic tracing pre and post intervention to evaluate the effect of the supplementation of grape pomace bars enriched in resveratrol on cardiometabolic parameters in community-dwelling adults., From enrollment to the end of treatment at 8 weeks|Cardiometabolic parameters: PNN50 (%)., The heart rate variability will assess in 10 minutes with continuous recording of the resting electrocardiographic tracing pre and post intervention to evaluate the effect of the supplementation of grape pomace bars enriched in resveratrol on cardiometabolic parameters in community-dwelling adults., From enrollment to the end of treatment at 8 weeks|Cardiometabolic parameters: Insuline (µIU/mL)., The fasting insulin by immunoassay will assess by a blood sample pre and post intervention to evaluate the effect of the supplementation of grape pomace bars enriched in resveratrol on cardiometabolic parameters in community-dwelling adults., From enrollment to the end of treatment at 8 weeks|Cardiometabolic parameters: Glucose (mg/dL)., The fasting glucose by enzymatic method will assess by a blood sample pre and post intervention to evaluate the effect of the supplementation of grape pomace bars enriched in resveratrol on cardiometabolic parameters in community-dwelling adults., From enrollment to the end of treatment at 8 weeks|Cardiometabolic parameters: HOMA-IR (index)., The HOMA-IR (calculated by fasting glucose x fasting insulin/405) will assess by a blood sample pre and post intervention to evaluate the effect of the supplementation of grape pomace bars enriched in resveratrol on cardiometabolic parameters in community-dwelling adults., From enrollment to the end of treatment at 8 weeks|Cardiometabolic parameters: Lipid profile (mg/dL)., The lipid profile: total cholesterol, LDL, HDL and Triglycerides by enzymatic method will assess with a blood sample pre and post intervention to evaluate the effect of the supplementation of grape pomace bars enriched in resveratrol on cardiometabolic parameters in community-dwelling adults., From enrollment to the end of treatment at 8 weeks|Cardiometabolic parameters: Liver profile (U/L)., The liver profile: ALS, AST, GGT: by enzymatic method will assess with a blood sample pre and post intervention to evaluate the effect of the supplementation of grape pomace bars enriched in resveratrol on cardiometabolic parameters in community-dwelling adults., From enrollment to the end of treatment at 8 weeks|Cardiometabolic parameters: Blood pressure (mmHg), The systolic and diastolic blood pressure will assess with a sphygmomanometer pre and post intervention to evaluate the effect of the supplementation of grape pomace bars enriched in resveratrol on cardiometabolic parameters in community-dwelling adults., From enrollment to the end of treatment at 8 weeks",,Center for Research and Innovation Viña Concha y Toro,Universidad Católica del Maule,ALL,"ADULT, OLDER_ADULT",NA,75,INDUSTRY,INTERVENTIONAL,"Allocation: RANDOMIZED | Intervention Model: PARALLEL | Masking: DOUBLE (PARTICIPANT, OUTCOMES_ASSESSOR) | Primary Purpose: PREVENTION",ECA Resveratrol - FIC,2026-06-01,2026-11-30,2026-12-01,2026-02-09,,2026-05-19,"Universidad Católica del Maule, Talca, Maule Region, Chile",
NCT02909699,Cardiovascular Health of Older Adults and Resveratrol (CORE),https://clinicaltrials.gov/study/NCT02909699,CORE,COMPLETED,"This study will investigate how resveratrol (phenol present in red grapes, wine and peanuts) can improve heart muscle function and ability of arteries to dilate in response to an increase in blood flow in adults 65 years of age and older. Additionally, investigators will look at how resveratrol can improve functioning of cells (cellular house-keeping) which can be related to cardiovascular function.",NO,Aging,OTHER: Observation,"Speckle tracking analyses, Speckle tracking analyses will be performed using advanced quantification software version. Short axis and long axis images will be automatically divided into six segments. Automated tracking of myocardial speckles will be reviewed and manually adjusted as minimally as possible. The tracking quality of each segment will be visually evaluated and if tracking is felt to be inaccurate, strain analysis of that segment will not be included. Speckle tracking analysis provides peak and time to peak measures of circumferential, radial and longitudinal strain and strain rate in 18 left ventricle (LV) segments., Change from Baseline and 3 months","Flow-mediated dilation, A duplex ultrasound image of the brachial artery (i.e., 2-D image and spectral Doppler waveforms) will be obtained ∼7 cm proximal to the antecubital fossa., Change from baseline and 3 months|Autophagy measured by Enzyme-linked immunosorbent assay (ELISA), Autophagy will be measured using Enzyme-linked immunosorbent assay (ELISA), a test that uses antibodies and color change to identify a substance., Baseline and 3 months|Endothelin-1 protein expression will be measured by Western Blot, Endothelin-1 protein expression will be measured using Western Blot which is used to identify specific amino-acid sequences in proteins., Change from baseline and 3 months|Endothelial function endothelial nitric oxide synthase (eNOS) will be measured by Western Blot, Endothelial function endothelial nitric oxide synthase will be measured using Western Blot which is used to identify specific amino-acid sequences in proteins., Change from baseline and 3 months|Endothelin-1 protein expression will be measured by Enzyme-linked immunosorbent assay (ELISA), Endothelin-1 protein expression will be measured using Enzyme-linked immunosorbent assay (ELISA), a test that uses antibodies and color change to identify a substance., Change from baseline and 3 months|Endothelial function endothelial nitric oxide synthase (eNOS) will be measured by Enzyme-linked immunosorbent assay (ELISA), Endothelial function endothelial nitric oxide synthase will be measured using Enzyme-linked immunosorbent assay (ELISA), a test that uses antibodies and color change to identify a substance., Change from baseline and 3 months|Autophagy measured by Western Blot, Autophagy will be measured using Western Blot which is used to identify specific amino-acid sequences in proteins., Change from Baseline and 3 months",,University of Florida,,ALL,OLDER_ADULT,,27,OTHER,OBSERVATIONAL,Observational Model: OTHER | Time Perspective: PROSPECTIVE,IRB201601756,2016-11,2018-03-31,2018-03-31,2016-09-21,,2018-11-29,"University of Florida, Gainesville, Florida, 32610, United States",
NCT04421079,Metabolism of Bioactive Dietary Polyphenol Preparation (BDPP),https://clinicaltrials.gov/study/NCT04421079,,COMPLETED,"This study will characterize the clinical pharmacology of a select bioactive polyphenol-rich preparation (Bioactive Dietary Polyphenol Preparation, BDPP) comprised of a select Concord grape juice (CGJ), a select grape seed polyphenol extract (GSPE) and trans-resveratrol (RSV).",NO,Healthy Control,DIETARY_SUPPLEMENT: Trans-resveratrol|DIETARY_SUPPLEMENT: Concord grape juice|DIETARY_SUPPLEMENT: Grape seed polyphenol extract|DRUG: Placebo,"DHCA level, Bioavailability assessed to show a dose-dependent increase in key BDPP metabolites, including DHCA., up to Week 5","IL-6 levels, Inflammatory marker IL-6 Levels, up to Week 5",,Icahn School of Medicine at Mount Sinai,National Center for Complementary and Integrative Health (NCCIH),ALL,ADULT,PHASE1,84,OTHER,INTERVENTIONAL,"Allocation: RANDOMIZED | Intervention Model: PARALLEL | Masking: QUADRUPLE (PARTICIPANT, CARE_PROVIDER, INVESTIGATOR, OUTCOMES_ASSESSOR) | Primary Purpose: BASIC_SCIENCE",GCO 19-0848|1U19AT010835-01,2021-01-19,2024-12-02,2024-12-02,2020-06-09,,2025-03-03,"Icahn School of Medicine at Mount Sinai, New York, New York, 10029, United States","Informed Consent Form, https://cdn.clinicaltrials.gov/large-docs/79/NCT04421079/ICF_000.pdf"
NCT00996229,Effects of Dietary Interventions on the Aging Brain,https://clinicaltrials.gov/study/NCT00996229,,UNKNOWN,The researchers will investigate whether caloric restriction or dietary supplementation could provide positive effects on general brain functions in healthy elderly people.,NO,Healthy,BEHAVIORAL: Caloric restriction|DIETARY_SUPPLEMENT: Omega-3 (fish oil capsules)|DIETARY_SUPPLEMENT: Placebo|DIETARY_SUPPLEMENT: Resveratrol,"Auditory verbal Learning Task, Baseline (timepoint 0), after 6 months (timepoint 6 months)","Functional/Structural brain changes, Baseline (timepoint 0), after 6 months (timepoint 6 months)|Plasma biomarkers, Baseline (timepoint 0), after 6 months (timepoint 6 months)f intervention",,University Hospital Muenster,"Charite University, Berlin, Germany",ALL,"ADULT, OLDER_ADULT",PHASE3,300,OTHER,INTERVENTIONAL,Allocation: RANDOMIZED | Intervention Model: PARALLEL | Masking: SINGLE (INVESTIGATOR) | Primary Purpose: PREVENTION,Ernaehrung-Neuromod 02,2009-11,2013-12,2014-02,2009-10-16,,2013-04-19,"Department of Neurology, Charité Universitätsmedizin Berlin, Berlin, State of Berlin, 10117, Germany",
NCT05653895,Independent and Additive Effects Of Micronutrients With Metformin In Patients With PCOS,https://clinicaltrials.gov/study/NCT05653895,,COMPLETED,"The investigators aim to conduct a double blind randomized clinical trial to study the independent and additive effects of micronutrients (Resveratrol, Acetyl-L Carnitine, L Arginine and COQ10 ) with Metformin in patients with PCOS .Women diagnosed with PCOS according to National Institute of Health( NIH) 2012 extension of European Society of Human Reproduction and Embryology /American Society of Reproductive Medicine ESHRE /ASRM 2003 criteria will be included according to a specific phenotype including Hyperandrogenism, Ovulatory dysfunction and Polycystic Ovarian Morphology. The investigators propose that by using combination therapy with micro supplements like Resveratrol, Acetyl-L Carnitine, L Arginine and COQ10 will produce greater improvement better than or at least comparable to Metformin in metabolic and endocrine profile of patients with PCOS.",NO,PCOS,"DIETARY_SUPPLEMENT: Resveratrol|DRUG: Metformin|COMBINATION_PRODUCT: Acetyl-L-Carnitin, L Arginine, Co-Q10","Insulin Resistance, PCOS associated insulin resistance and hyperinsulinemia by HOMA-IR, 6 months|Menstural Irregularities, Oligo/Anovulation, Questionnaire based history taking of each participant, 6 months|Anti mullerian Hormone, Measurement of Anti mullerian hormone by ELISA, 6 months|Dehydroepiandrosterone, Measurement of Dehydroepiandrosterone using ELISA, 6 months","Antioxidant Assays, Measuring Total AntiOxidant Capacity by FRAP ASSAY, 6 months|Anti oxidant Assays, Measuring MDA (Malondialdehyde) by TBARS, 6 months|Mental health questionnaire, Will be assessed by using Polycystic Ovarian Syndrome Quality Of Life Tool, 6 months|Molecular characterisation, SNP genotyping of THADA and DENNDIA, 6 months|perceived stress response (PSS-14) questionnaire, Stress response, 6 months|profile of mood stress (POMS) by structured questionnaire, Stress response, 6 months",,Khyber Medical University Peshawar,,FEMALE,"CHILD, ADULT",NA,120,OTHER,INTERVENTIONAL,"Allocation: RANDOMIZED | Intervention Model: PARALLEL | Masking: TRIPLE (PARTICIPANT, CARE_PROVIDER, OUTCOMES_ASSESSOR) | Primary Purpose: SUPPORTIVE_CARE",KhyberMU,2022-12-07,2023-12-30,2024-02-07,2022-12-16,,2024-02-23,"Bacha Khan Medical Complex Swabi, Swabi, Khyber Pukhtunkhwa, 23340, Pakistan",
NCT01449110,Resveratrol-enriched Grape Extract (Stilvid) in Primary and Secondary Prevention of Cardiovascular Disease,https://clinicaltrials.gov/study/NCT01449110,FUNGRAPE,COMPLETED,"Resveratrol can exhibit benefits against cardiovascular diseases (CVDs) although the cardioprotective role of resveratrol as part of the human diet is not yet clear.

The aim of this trial is to evaluate the safety and efficacy of a resveratrol-enriched grape extract (Stilvid) in 150 patients from both primary and secondary cardiovascular prevention.

All the patients are gold-standard medicated (statins and others). A number of cardiovascular risk and safety markers will be evaluated after consuming 1 cap/day for 6 months and 2 caps/day for 6 additional months (total 12 months).",NO,Cardiovascular Diseases,DIETARY_SUPPLEMENT: Placebo in primary cardiovascular prevention (PP)|DIETARY_SUPPLEMENT: Placebo in secondary prevention|DIETARY_SUPPLEMENT: Grape extract in primary prevention (PP)|DIETARY_SUPPLEMENT: Grape extract in SP|DIETARY_SUPPLEMENT: Resveratrol-enriched grape extract in PP|DIETARY_SUPPLEMENT: Resveratrol-enriched grape extract in SP,"Apolipoprotein-B, 6 months|oxidized LDL particles, 6 months|Plasminogen activator inhibitor type 1 (PAI-1), 6 months and 12 months|Adiponectin, 6 months and 12 months","C Reactive Protein, 6 months 12 months|Interleukin-6, 6 months and 12 months|Interleukin-10, 6 months and 12 months|Interleukin-18, 6 months and 12 months|sICAM-1, 6 months and 12 months|sVCAM-1, 6 months and 12 months|D-dimer, 6 months and 12 months|Fibrinogen, 6 months and 12 months|Glycated hemoglobin, 6 months and 12 months|Glucose, 6 months and 12 months|GGT, 6 months and 12 months|AST, 6 months and 12 months|Urate, 6 months and 12 months|ALT, 6 months and 12 months|LDH, 6 months and 12 months|TSH, 6 months and 12 months|Thyroxine, 6 months and 12 months|ALP, 6 months and 12 months|CPK, 6 months and 12 months|Bilirubin, 6 months and 12 months|Creatinin, 6 months and 12 months|Albumin, 6 months and 12 months|Total cholesterol, 6 months and 12 months|LDL-cholesterol, 6 months and 12 months|HDL-cholesterol, 6 months and 12 months|Triglycerides, 6 months and 12 months|Hematocrit, 6 months and 12 months|Hemoglobin, 6 months and 12 months|Mean corpuscular volume, 6 months and 12 months|Leucocytes, 6 months and 12 months|Neutrophils, 6 months and 12 months|Lymphocytes, 6 months and 12 months|Eosinophils, 6 months and 12 months|Platelets, 6 months and 12 months|Mean platelet volume, 6 months and 12 months|Sedimentation rate volume, 6 months and 12 months|Gene expression profile in peripheral blood mononuclear cells (PBMNCs), Transcriptomic study. Evaluation of the gene expression profile in PBMNCs in a diabetic sub-group from Secondary prevention., 6 months and 12 months|Total homocystein levels, Total homocystein levels in plasma evaluated with UPLC-MS-QqQ, 6 months and 12 months|Measurement of atheroma plaque and carotid intim thickness, 12 months",,"National Research Council, Spain",Hospital General Universitario Morales Meseguer,ALL,"ADULT, OLDER_ADULT",PHASE2,150,OTHER_GOV,INTERVENTIONAL,"Allocation: RANDOMIZED | Intervention Model: PARALLEL | Masking: QUADRUPLE (PARTICIPANT, CARE_PROVIDER, INVESTIGATOR, OUTCOMES_ASSESSOR) | Primary Purpose: PREVENTION",CEBAS-CSIC-1,2009-04,2010-10,2011-03,2011-10-07,,2011-11-16,"University Hospital Morales Meseguer, Murcia, 30008, Spain",
NCT03097211,Effect of BIA 6-512 at Steady-state on the Levodopa Pharmacokinetics With a Single-dose of Levodopa/Benserazide 200/50 mg or With a Single-dose of Levodopa/Benserazide 200/50 mg Plus a Single-dose of Nebicapone 150 mg,https://clinicaltrials.gov/study/NCT03097211,,COMPLETED,"The purpose of this study was to determine whether the administration of BIA 6-512 (25 mg, 50 mg, 75 mg and 100 mg) at steady-state affects the pharmacokinetics of levodopa when administered in combination with a single-dose of immediate release levodopa/benserazide 200/50 mg or with a single-dose of immediate release levodopa/benserazide 200/50 mg plus a single-dose of nebicapone 150 mg.",NO,Parkinson Disease,DRUG: Placebo|DRUG: BIA 6-512|DRUG: Madopar® 250|DRUG: Nebicapone,"Day 4 - Maximum observed plasma drug concentration (Cmax), Pharmacokinetic parameters of BIA 6-512, levodopa, and nebicapone on day 4, pre-dose, ¼, ½, ¾, 1, 1½, 2, 3, 4, 6, 8 and 16 hours post-dose.|Day 4 - Time of occurrence of Cmax (tmax), Pharmacokinetic parameters of BIA 6-512, levodopa, and nebicapone on day 4, pre-dose, ¼, ½, ¾, 1, 1½, 2, 3, 4, 6, 8 and 16 hours post-dose.|Day 4 - Area under the plasma concentration-time curve (AUC) from time zero to the last sampling time at which concentrations were at or above the limit of quantification (AUC0-t), Pharmacokinetic parameters of BIA 6-512, levodopa, and nebicapone on day 4, pre-dose, ¼, ½, ¾, 1, 1½, 2, 3, 4, 6, 8 and 16 hours post-dose.|Day 4 - AUC from time zero to 8 h post-dose (AUC0-τ), Pharmacokinetic parameters of BIA 6-512, levodopa, and nebicapone on day 4, pre-dose, ¼, ½, ¾, 1, 1½, 2, 3, 4, 6, 8 and 16 hours post-dose.|Day 4 - Area under the plasma concentration versus time curve from time zero to infinity (AUC0-∞), Pharmacokinetic parameters of BIA 6-512, levodopa, and nebicapone on day 4, pre-dose, ¼, ½, ¾, 1, 1½, 2, 3, 4, 6, 8 and 16 hours post-dose.|Day 4 - Apparent terminal elimination half-life, calculated from ln 2/λz (t1/2), Pharmacokinetic parameters of BIA 6-512, levodopa, and nebicapone on day 4, pre-dose, ¼, ½, ¾, 1, 1½, 2, 3, 4, 6, 8 and 16 hours post-dose.|Day 5 - Maximum observed plasma drug concentration (Cmax), Pharmacokinetic parameters of BIA 6-512, levodopa, and nebicapone on day 5, pre-dose, ¼, ½, ¾, 1, 1½, 2, 3, 4, 6, 8, 16 and 24 hours post-dose|Day 5 - Time of occurrence of Cmax (tmax), Pharmacokinetic parameters of BIA 6-512, levodopa, and nebicapone on day 5, pre-dose, ¼, ½, ¾, 1, 1½, 2, 3, 4, 6, 8, 16 and 24 hours post-dose|Day 5 - Area under the plasma concentration-time curve (AUC) from time zero to the last sampling time at which concentrations were at or above the limit of quantification (AUC0-t), Pharmacokinetic parameters of BIA 6-512, levodopa, and nebicapone on day 5, pre-dose, ¼, ½, ¾, 1, 1½, 2, 3, 4, 6, 8, 16 and 24 hours post-dose|Day 5 - AUC from time zero to 8 h post-dose (AUC0-τ), Pharmacokinetic parameters of BIA 6-512, levodopa, and nebicapone on day 5, pre-dose, ¼, ½, ¾, 1, 1½, 2, 3, 4, 6, 8, 16 and 24 hours post-dose|Day 5 - Area under the plasma concentration versus time curve from time zero to infinity (AUC0-∞), Pharmacokinetic parameters of BIA 6-512, levodopa, and nebicapone on day 5, pre-dose, ¼, ½, ¾, 1, 1½, 2, 3, 4, 6, 8, 16 and 24 hours post-dose|Day 5 - Apparent terminal elimination half-life, calculated from ln 2/λz (t1/2), Pharmacokinetic parameters of BIA 6-512, levodopa, and nebicapone on day 5, pre-dose, ¼, ½, ¾, 1, 1½, 2, 3, 4, 6, 8, 16 and 24 hours post-dose",,,Bial - Portela C S.A.,,ALL,ADULT,PHASE1,38,INDUSTRY,INTERVENTIONAL,"Allocation: RANDOMIZED | Intervention Model: SEQUENTIAL | Masking: DOUBLE (PARTICIPANT, INVESTIGATOR) | Primary Purpose: TREATMENT",BIA-6512-107,2006-07-17,2006-10-20,2006-10-20,2017-03-31,,2017-03-31,"Human Pharmacology Unit (UFH) - BIAL - Portela & Cª, SA, S. Mamede Do Coronado, 4745-457, Portugal",
NCT04867252,"Effects of Combined Resveratrol and Myo-inositol on Altered Metabolic, Endocrine Parameters and Perceived Stress in Patients With Polycystic Ovarian Syndrome",https://clinicaltrials.gov/study/NCT04867252,,COMPLETED,"The investigators aim is to conduct a double blind randomized clinical trial, to study the effects of combined Resveratrol and Myo-Inositol on altered metabolic, endocrine parameters and perceived stress response in patients with Polycystic Ovary Syndrome (PCOS). Women diagnosed with PCOS, using criteria proposed in November 2015, by the American Association of Clinical Endocrinologists (AACE), American College of Endocrinology (ACE), and Androgen Excess and PCOS Society (AES) for PCOS should include two of the following three criteria: chronic an ovulation, hyperandrogenism (clinical/biologic), and polycystic ovaries. The investigators propose that PCOS women may have altered metabolic, endocrine levels and increased perceived stress response and combination therapy may have beneficial influences on these parameters in women diagnosed with PCOS.",NO,PCOS,"DRUG: Resveratrol (1000mg twice a day), Myoinositol 1000mg (Twice a day)|DRUG: Metformin (500 mg Twice a day), Pioglitazone (15 mg Twice a day)","Insulin Resistance, PCOS associated insulin resistance and hyperinsulinemia through HOMA-IR, 3 months|Hypoadiponectinemia, PCOS associated Hypoadiponectinemia. Measurement of adiponectin levels through human adiponectin enzyme-linked immunosorbent assay (ELISA ) kit and the values of serum adiponectin reported in microgram/mL., 3 months|Ovary volume, Polycystic ovaries volume measurement by abdominopelvic ultrasound, 3 months|Stress response, Perceived stress response and profile of mood stress by structured questionnaire, 3 months","Body fat analysis, Body fats measurement through measurement scale, 3 months|Hirsutism, Hirsutism grading scale, Ferriman Gallwey Score is used to evaluate hirsutism. A score of 1 to 4 is given for nine areas of the bod including upper lip, chin, chest, upper abdomen, lower abdomen, arms, thighs, upper back and lower back. A total score less than 8 is considered normal, a score of 8 to 15 indicates mild hirsutism, and a score greater than 15 indicates moderate or severe hirsutism. A score of 0 indicates absence of terminal hair., 3 months|Abnormal menstruation patterns both oligomenorrhea or amenorrhea attributed to chronic anovulation, Oligomenorrhea evaluated by menstrual bleeding that has occurred at intervals of 35 days to 6 months, with \< 9 menstrual periods per year and secondary amenorrhea assessed by absence of menstruation for 6 months., 3 months",,Khyber Medical University Peshawar,,FEMALE,ADULT,PHASE2,88,OTHER,INTERVENTIONAL,"Allocation: RANDOMIZED | Intervention Model: PARALLEL | Masking: TRIPLE (PARTICIPANT, CARE_PROVIDER, OUTCOMES_ASSESSOR) | Primary Purpose: TREATMENT",ASRB001226/EC/IBMS,2021-05-03,2021-08-03,2021-08-03,2021-04-30,,2021-09-13,"Gynecology and Obstetric, Hayatabad Medical Complex, Peshawar, Khyber Pukhtunkhwa, 25000, Pakistan",
NCT03563365,The Functional and Emotional Benefits of Replenix Power of Three With Resveratrol,https://clinicaltrials.gov/study/NCT03563365,,TERMINATED,"A Randomized, Investigator Blinded, Single Site, Three Arm Clinical Study to Assess the Functional and Emotional Benefits of Replenix Power of Three Cream with Resveratrol , Replenix Power of Three Cream with Resveratrol with Adapalene and Benzoyl Peroxide Gel, 0.1%/2.5%, and Adapalene and Benzoyl Peroxide Gel, 0.1%/2.5%, utilized to treat subjects with Facial Acne Vulgaris",NO,Acne Vulgaris,"OTHER: Replenix Power of 3 Cream with resveratrol|DRUG: Adapalene and Benzoyl peroxide gel, 0.1%/2.5%","Investigator Global Assessment (IGA), To assess the change in Acne Vulgaris on a scale of 1 to 4, where 1 represents clear skin and 4 represents severe acne, at each scheduled visit with the use of Replenix Power of three with Resveratrol., Screening, Baseline, Week 2, Week 4, Week 8, Week 12|Subject Global Assessment (SGA), To assess the change in Acne Vulgaris on a scale of 1 to 5, where 1 represents a worsening of acne and 5 represents clearing of acne, at each scheduled visit as compared to baseline with the use of Replenix Power of three with Resveratrol., Screening, Baseline, Week 2, Week 4, Week 8, Week 12|Subject Overall Assessment of Tone and Texture (SOATT), To assess the change on skin tone and texture on a scale of 1 to 7, where 1 represents worse tone and texture and 7 represents better tone and texture, at each scheduled visit with use of Replenix Power of three with Resveratrol., Screening, Baseline, Week 2, Week 4, Week 8, Week 12|Investigator Overall Assessment of Tone and Texture (IOATT), To assess the change on skin tone and texture on a scale of 1 to 7, where 1 represents worse tone and texture and 7 represents better tone and texture, at each scheduled visit with use of Replenix Power of three with Resveratrol., Screening, Baseline, Week 2, Week 4, Week 8, Week 12|Subject Assessment of Skin Dysesthesia (SDA), To assess the change in Dysesthesia on a scale of 1 to 7, where 1 represents no dysesthesia and 7 represents severe dysesthesia, at each scheduled visit with use of Replenix Power of three with Resveratrol., Screening, Baseline, Week 2, Week 4, Week 8, Week 12|Subject Quality of Life (SQOL), To assess the change in Subject Quality of Life on a scale of 1 to 7, where 1 represents better quality of life and 7 represents worse quality of life, at Screening, Baseline and week 12 with use of Replenix Power of three with Resveratrol., Screening, Baseline, Week 12|Local Tolerability Assessment, To assess the change in Local Tolerability on a scale of 0 to 3, where 0 represents no tolerability issues and 3 represents severe tolerability issues, at each scheduled visit with use of Replenix Power of three with Resveratrol., Screening, Baseline, Week 2, Week 4, Week 8, Week 12",,,Yardley Dermatology Associates,"Topix Pharmaceuticals, Inc",ALL,"CHILD, ADULT",PHASE4,43,OTHER,INTERVENTIONAL,Allocation: RANDOMIZED | Intervention Model: FACTORIAL | Masking: SINGLE (INVESTIGATOR) | Primary Purpose: TREATMENT,TPX-PW3-2018-A,2018-06-04,2021-03-02,2021-03-02,2018-06-20,,2021-04-23,"Yardley Dermatology Associates, PC, Yardley, Pennsylvania, 19067, United States",
NCT05093244,Resveratrol Excipient Paclitaxel Coated Balloon for Coronary Treatment,https://clinicaltrials.gov/study/NCT05093244,RESPECT-ISR,WITHDRAWN,The objective of this study is to establish reasonable assurance of safety and effectiveness to support an FDA premarket approval (PMA) application for the SeQuent® Please ReX™ Drug Coated PTCA Balloon Catheter as indicated.,NO,In-stent Coronary Artery Restenosis|Coronary Artery Restenosis|In-stent Restenosis,DEVICE: SeQuent Please ReX|DEVICE: Plain old balloon angioplasty (POBA),"Freedom from target lesion failure (TLF), TLF is defined as the composite of any of the following events:

* Clinically-driven target lesion revascularization (TLR)
* Myocardial infarction (MI; not clearly attributable to a nontarget vessel)
* Cardiovascular death, 12 months post-procedure","Late lumen loss (LLL), Assessed on the first 100 subjects reaching 9-month follow-up (angiographic cohort). Minimum lumen diameter (MLD) assessed at follow-up angiography minus the MLD assessed immediately after the index procedure. MLDs are measured by qualitative comparative analysis., 9 months post-procedure|All death, Death of subject., 12 months post-procedure and annually thereafter to study completion|Cardiovascular death, Death resulting from cardiovascular causes., 12 months post-procedure and annually thereafter to study completion|Myocardial infarction (MI), Not clearly attributable to a nontarget vessel, 12 months post-procedure and annually thereafter to study completion|Major adverse cardiac events (MACE), Defined as the composite of all death, clinically-driven TLR, and MI, 12 months post-procedure and annually thereafter to study completion|Stent thrombosis, Early, late, or very late; ARC category of definite or probable, 12 months post-procedure and annually thereafter to study completion|Clinically-driven target lesion revascularization (TLR), Target lesion revascularization is defined as a repeat percutaneous intervention of the target lesion or bypass surgery of the target vessel performed for restenosis or other complication of the target lesion., 12 months post-procedure and annually thereafter to study completion|Clinically-driven target vessel revascularization (TVR), Target vessel revascularization is defined as any repeat percutaneous intervention or surgical bypass of any segment of the target vessel including the target lesion., 12 months post-procedure and annually thereafter to study completion|Device, lesion, and procedural success, Device success defined as achievement of a final residual stenosis of ≤30% (as determined by the angiographic core lab), using the SeQuent Please ReX or control balloon. Lesion success defined as achievement of a final residual stenosis of ≤0% (as determined by the angiographic core lab), using any device. Procedural success defined as lesion success without the occurrence of major adverse events during the procedure, where ""major adverse event"" is considered to be an event without the occurrence of in-hospital MI, TVR, or cardiac death., Post-procedure (device and lesion success) and at discharge (procedural success)",,B. Braun Medical Inc.,Bright Research Partners|Infraredx,ALL,"ADULT, OLDER_ADULT",NA,0,INDUSTRY,INTERVENTIONAL,Allocation: RANDOMIZED | Intervention Model: PARALLEL | Masking: NONE | Primary Purpose: TREATMENT,BIS-CL-5001,2023-02-10,2023-02-10,2023-02-10,2021-10-26,,2023-02-14,,
NCT02321189,The Effect of Resveratrol Based Nutritional Supplement on Choroidal Thickness,https://clinicaltrials.gov/study/NCT02321189,,UNKNOWN,Choroidal thickness represents blood-flowing of eyes. The investigators detect the choroidal thickness of the young participant using SD-OCT to see the effect of Resveratrol Based Nutritional Supplement on Choroidal Thickness.,NO,Eye Disease,DRUG: LONGEVINEX|DRUG: placebo,"Choroidal Thickness(micrometer), using Heidelberg Eye Explorer software to measure choroidal thickness of participants, baseline","Choroidal Thickness(micrometer), using Heidelberg Eye Explorer software to measure choroidal thickness of participants, 1 hour after baseline",,Huazhong University of Science and Technology,,ALL,ADULT,NA,34,OTHER,INTERVENTIONAL,Allocation: RANDOMIZED | Intervention Model: PARALLEL | Masking: SINGLE (PARTICIPANT),Sun3,2014-10,2015-05,2015-05,2014-12-22,,2015-04-03,"Tongji Medical College of HUST, Wuhan, Hubei, China",
NCT02095873,Healthy Aging Through Functional Food,https://clinicaltrials.gov/study/NCT02095873,HATFF,COMPLETED,The purpose of this study is to determine whether dietary inducers of glyoxalase 1 are effective in improving metabolic and vascular health.,YES,Glucose Intolerance|Aortic Stiffness|Vasodilation,DIETARY_SUPPLEMENT: Glyoxalase 1 (Glo1) inducer|DIETARY_SUPPLEMENT: Placebo,"Area Under the Curve for Oral Glucose Tolerance Test (oGGT), A standard 75 g glucose oGTT will be performed, as routinely used in clinical practice. Participants will be instructed to eat carbohydrate rich diet (\> 150 g/day) for at least three days before the test, followed by an overnight fast. Participants will be instructed to have comparable macronutrient composition of the dinner before the respective study days in the metabolic unit. During the oGTT both capillary and venous blood samples will be collected after 0, 15, 30, 60, 90 and 120 min. To minimize the inconvenience of repeated blood tests during the oGTT, a venous cannula will be inserted, under sterile conditions, prior to the test, for blood sampling., Week 0 and Week 8 (first intervention); Week 14 and Week 22 (second intervention)","Finger-fold Capillary Density by Capillaroscopy, After 20 min seated at rest, measurements are made with the subject seated and the left hand at heart level. Nail-fold capillaries in the dorsal skin of the third finger are visualized using a stereo microscope linked to a monochrome digital camera. Capillary density is defined as the number of capillaries per mm2 of nail-fold skin and is computed as the mean of 4 measurements., Week 0 and Week 8 (first intervention); Week 14 and Week 22 (second intervention)|Flow-mediated Dilatation (FMD), Brachial artery FMD will be assessed. Ultrasound imaging of the brachial artery will be performed. Percent FMD will be calculated using the averaged minimum mean brachial artery diameter at baseline compared to the largest mean values obtained after either release of the forearm occlusion., Week 0 and Week 8 (first intervention); Week 14 and Week 22 (second intervention)","Aortal Pulse Wave Velocity (aPWV), Aortal pulse wave velocity is measured by a non-invasive oscillometric device., Week 0 and Week 8 (first intervention); Week 14 and Week 22 (second intervention)",University of Warwick,"Technology Strategy Board, United Kingdom|Unilever R&D",ALL,"ADULT, OLDER_ADULT",PHASE1|PHASE2,32,OTHER,INTERVENTIONAL,"Allocation: RANDOMIZED | Intervention Model: CROSSOVER | Masking: QUADRUPLE (PARTICIPANT, CARE_PROVIDER, INVESTIGATOR, OUTCOMES_ASSESSOR) | Primary Purpose: TREATMENT",PJT_HATFF|TSB101129,2014-05,2015-02,2015-05,2014-03-26,2017-03-06,2017-03-06,"University Hospitals Coventry & Warwickshire NHS Trust (UHCW), Coventry, Warwickshire, CV22DX, United Kingdom",
NCT06481696,Possible Action of Resveratrol in Improving the Outcomes of IVF/ICSI in Couples With Unexplained Infertility,https://clinicaltrials.gov/study/NCT06481696,RECOS,UNKNOWN,"Based on available evidence and given the potential beneficial effects of resveratrol in folliculogenesis and in oocyte development, the investigators designed a randomized, controlled, double-blind, single-center trial, whose objective will be the comparison of biological and clinical outcomes of resveratrol supplement in women undergoing IVF/ICSI cycles for unexplained infertility.

To the knowledge of the investigators, no study has been published on the potential effect of resveratrol on IVF/ICSI outcomes considering couples with this infertility diagnosis, which may be the natural target of this integrative treatment because the process of folliculogenesis and oocyte maturation cannot be routinely investigated. An alteration of these biological mechanisms could be the unrecognized cause of part of the unexplained infertility and treatment with resveratrol could result in significant clinical improvement for the patients enrolled in the study.

In more details, the main objective of this randomized, placebo-controlled, double-blind, single-center trial will be the evaluation of the possible effect of resveratrol in determining a better follicle development in patients with unexplained infertility undergoing controlled ovarian stimulation (COS) for IVF/ICSI.

Infertile female patients with normal ovarian reserve will be treated according to clinical practice and the difference between expected (through AFC) and retrieved oocytes will be assessed in relation to use of resveratrol.",NO,Unexplained Infertility,"DIETARY_SUPPLEMENT: Resveratrol-based multivitamin supplement|DIETARY_SUPPLEMENT: Folic acid|PROCEDURE: IVF/ICSI|DRUG: Follitropin Alfa|DRUG: Ganirelix Acetate 0.5 MG/ML [Fyremadel]|DRUG: hCG 10.000 IU or triptorelin 0,3 mg, subcutaneously","FORT (Follicle Output Rate), It is defined as the ratio of pre-ovulatory follicle (≥ 16 mm in diameter) count (PFC) on the day of induction of oocyte maturation and the antral follicle count at baseline, multiplied by 100 (higher values indicate a better outcome)., The assessment will be performed at the end of stimulation (11°-15° day of a menstrual cycle of 28 days)|FOI (Follicle to Oocyte Index), It is defined by the ratio between the total number of oocytes collected at oocyte pick up and the number of antral follicles at baseline, multiplied by 100. FOI ≤ 50% is considered low (range 0-100%)., The assessment will be performed at the end of oocyte pick up (2 hours after the oocyte pick up)|The number of mature oocytes, The number of oocytes which have completed the metaphase-II division, The assessment will be performed after the oocyte pick up (2 hours after the oocyte pick up)|OSI (Ovarian Sensitivity Index), It is defined by the ratio between the number of retrieved oocytes and total dose of gonadotropins administered, multiplied by 1000., The assessment will be performed at the end of oocyte pick up (2 hours after the oocyte pick up)","Fertilization rate, The number of embryos obtained after the oocyte insemination., The assessment will be carried out the day after the insemination (one day after the oocyte pick up).|Cumulative Clinical Pregnancy Rate, It is defined by the ratio between the number of clinical pregnancies (gestational sacs with a fetal heartbeat detected at ultrasound at 7th week of amenorrhea) and the total number of embryo transfers (fresh + frozen) carried out per each patient., The assessment will be carried out at 7th week of amenorrhea.",,Andros Day Surgery Clinic,,FEMALE,ADULT,NA,90,OTHER,INTERVENTIONAL,"Allocation: RANDOMIZED | Intervention Model: PARALLEL | Masking: DOUBLE (PARTICIPANT, CARE_PROVIDER) | Primary Purpose: TREATMENT",ANDROS-01-24,2024-06-01,2025-12-31,2025-12-31,2024-07-01,,2024-07-01,"ANDROS Day Surgery Clinic, Palermo, 90144, Italy",
NCT02690064,Mechanisms for Vascular Dysfunction and Exercise Tolerance in CF,https://clinicaltrials.gov/study/NCT02690064,CF-AOX,ACTIVE_NOT_RECRUITING,"Cystic fibrosis has many health consequences. A reduction in the ability to perform exercise in patients with CF is related to greater death rates, steeper decline in lung function, and more frequent lung infections. However, the physiological mechanisms for this reduced exercise capacity are unknown. The investigators recently published the first evidence of systemic vascular dysfunction in patients with CF. Therefore, it is reasonable to suspect that the blood vessels are involved with exercise intolerance in CF. This study will look at how and if oxidative stress contributes to both artery dysfunction and exercise intolerance in CF.",NO,Cystic Fibrosis,DIETARY_SUPPLEMENT: Acute Antioxidant|DIETARY_SUPPLEMENT: Chronic Antioxidant|OTHER: Placebo,"Acute Change in Flow mediated dilation, Flow-Mediated Dilation will be determined at baseline and 2 hours following acute antioxidant treatment, Change from baseline (2 hours)|Chronic Change in Flow mediated dilation, Flow-Mediated Dilation will be determined at baseline, week 4, week 8 and week 12., Baseline, week 4, week 8, and week 12|Acute Change in exercise capacity (VO2 peak), Subjects will perform a baseline maximal exercise capacity test and on a separate visit perform a maximal exercise capacity test 2 hours following acute antioxidant treatment, Baseline and 2 hours following acute antioxidant treatment|Chronic Change in exercise capacity (VO2 peak), Subjects will perform a maximal exercise capacity test at baseline, week 4, week 8, and week 12., Baseline, week 4, week 8, and week 12",,,Augusta University,,ALL,"CHILD, ADULT, OLDER_ADULT",NA,13,OTHER,INTERVENTIONAL,"Allocation: RANDOMIZED | Intervention Model: CROSSOVER | Masking: DOUBLE (PARTICIPANT, INVESTIGATOR) | Primary Purpose: TREATMENT",CF-AOX,2015-04,2026-12,2027-01,2016-02-24,,2025-01-28,"Georgia Prevention Institute, Augusta, Georgia, 30912, United States",
NCT06601049,Effectiveness of ResArgin on Adult's Body Composition and Health,https://clinicaltrials.gov/study/NCT06601049,,UNKNOWN,"The goal of this clinical trial is to learn if the supplement ResArgin (a reservatrol-based supplement) works to slow down muscle loss during a period of fat loss. Other related health outcomes such as sleep, mood, and activity will be assessed. The main questions it aims to answer are:

Does ResArgin improve muscle loss? Does ResArgin improve sleep quality, activity, mood, and body satisfaction.

Researchers will compare ResArgin to a placebo (a look-alike substance that contains no active ingredients) to see if ResArgin works to improve muscle loss and related health outcomes.

Participants will:

Take ResArgin or the Placebo every day for 3 months

Assessment will occur at Baseline, Day 30, Day 60, and Day 90.

Participants will complete a daily diary of their mood and health.",NO,Weight Loss,DIETARY_SUPPLEMENT: ResArgin,"Body composition change from baseline in fat mass and fat free mass as assessed by a DEXA scan at 90 days, This will be assessed objectively by a trained health professional., From enrollment to the end of intervention at 90 days","Change from baseline in health-related quality of life, sleep quality, activity, and mood at 90 days, Health-related quality of life where zero is equivalent to high quality of life and 30 indicates the worst quality of life. Sleep quality as assessed by the Insomnia Severity Index where 0 indicates excellent sleep quality and 28 indicates worst sleep quality. Mood as assessed by the Profile of Mood States where 0 = Not at all and 4 = Extremely. Sleep quality and activity as assessed by the Oura Ring where 0 indicates poor sleep quality or activity and 100 indicates excellent sleep quality and activity. Bioelectrical impedance scale assessed percent body fat where a higher score indicates a higher percent body fat., Change from Baseline to Day 90",,Dr. Heather Hausenblaus,,ALL,ADULT,NA,60,OTHER,INTERVENTIONAL,"Allocation: RANDOMIZED | Intervention Model: PARALLEL | Masking: DOUBLE (PARTICIPANT, INVESTIGATOR) | Primary Purpose: TREATMENT",WDL022024,2024-08-15,2024-11-15,2025-02-15,2024-09-19,,2024-09-19,"Jacksonville University, Jacksonville, Florida, 32111, United States",
NCT06954649,"Evaluation of the Functionality of an Extract Rich in Phytosterols and Phytostanols on Parameters Related to the Lipid Profile of Individuals With Hypercholesterolemia, Mainly in the Levels of Total Cholesterol, LDL Cholesterol and Oxidized LDL",https://clinicaltrials.gov/study/NCT06954649,Hypolypox,COMPLETED,"The aim of this clinical trial is to evaluate the functionality of an extract rich in phytosterols and phytostanols on parameters related to the lipid profile of individuals with hypercholesterolemia, mainly on total cholesterol and LDL cholesterol levels",NO,Cholesterol Lowering|LDL Level,DIETARY_SUPPLEMENT: Plant based extract rich in phytosterols and phytostanols resveratrol and hydroxytyrosol.|OTHER: Placebo,"Total cholesterol, Change from baseline in total cholesterol levels measured at 28 and 56 days, From enrollment to the end of treatment at 56 days|Cholesterol LDL, Change from baseline in cholesterol LDL levels measured at 28 and 56 days, From enrollment to the end of treatment at 56 days|Cholesterol HDL, Change from baseline in cholesterol HDL levels measured at 28 and 56 days, From enrollment to the end of treatment at 56 days|Triglyceride, Change from baseline in triglyceride levels measured at 28 days and 56 days, From enrollment to the end of treatment at 56 days|Transaminase, Change from baseline in transaminase levels measured at 28 days and 56 days, From enrollment to the end of treatment at 56 days|Oxidized LDL, Change from baseline in oxidized LDL levels measured at 28 and 56 days, From enrollment to the end of treatment at 56 days",,,Centro de Edafología y Biología Aplicada del Segura,Universidad Católica San Antonio de Murcia,ALL,"CHILD, ADULT, OLDER_ADULT",NA,45,OTHER_GOV,INTERVENTIONAL,"Allocation: RANDOMIZED | Intervention Model: PARALLEL | Masking: DOUBLE (PARTICIPANT, INVESTIGATOR) | Primary Purpose: TREATMENT",CE102401|SNEO-20231059,2025-01-14,2025-02-24,2025-03-27,2025-05-01,,2025-05-01,"Centro de Edafología y Biología Aplicada del Segura (CEBAS-CSIC), Murcia, 30100, Spain|Universidad Católica San Antonio de Murcia (UCAM), Murcia, 30107, Spain",
NCT06078163,"Combined Rehabilitation With ALA, ALC, Resveratrol and Vitamin D in Discogenic Sciatica in Young People",https://clinicaltrials.gov/study/NCT06078163,,COMPLETED,"The objective of this Interventional case-control clinical study is to evaluate the effectiveness of physiotherapy combined with the administration of Alpha Lipoic Acid, L-acetylcarnitine, Resvelatrol, Vit D3 in the treatment of sciatica due to herniated disc in young patients.

The main questions we intend to answer are:

* Is this combined treatment more effective in reducing pain?
* Is the combined treatment useful for improving postural alterations, reducing the intake of painkillers and the number of days of absence from work and improving the quality of life?",NO,Sciatic Radiculopathy,OTHER: supplementation|OTHER: rehabilitation,"extent of pain., Numeric Rating Scale (0-10), at the time of recruitment (T0); after 30 days from the start of treatment (T1); and after 60 days from the end of treatment (T2)","degree of disability of low back pain, Oswestry Disability Questionnaire (ODQ) (0-50), at the time of recruitment (T0); after 30 days from the start of treatment (T1); and after 60 days from the end of treatment (T2)|quality of life in relation to low back pain, 36-item Short Form Health Survey (SF-36) (0-100), at the time of recruitment (T0); after 30 days from the start of treatment (T1); and after 60 days from the end of treatment (T2)",,University of Palermo,,ALL,ADULT,NA,130,OTHER,INTERVENTIONAL,Allocation: RANDOMIZED | Intervention Model: CROSSOVER | Masking: SINGLE (INVESTIGATOR) | Primary Purpose: TREATMENT,MFR0042023,2022-07-01,2023-03-04,2023-08-22,2023-10-11,,2023-10-11,"Functional Recovery and Rehabilitation Unit of the A.O.U.P. Paolo Giaccone, Palermo, 90127, Italy",
NCT02381145,Dietary Polyphenols and Insulin Sensitivity in Overweight and Obese Humans,https://clinicaltrials.gov/study/NCT02381145,,COMPLETED,"In this double-blind, randomized, placebo-controlled study, we aim to investigate the effects of a long-term supplementation on insulin sensitivity, mitochondrial function and substrate metabolism in healthy overweight men and women.

In each group, 21 subjects consume 100mg Resveratrol (RSV) and 150mg Epigallocatechin-gallate (EGCG), respectively Placebo capsules, twice daily over a period of 12 weeks. The subjects receive the capsules after the last pre-measurement and continue to take them throughout the post-measurements.

Before and after the supplementation period, we perform a hyperinsulinemic-euglycemic clamp with a glucose-tracer infusion to assess hepatic and systemic insulin sensitivity. Simultaneously, substrate oxidation is measured throughout the clamp by indirect calorimetry. Furthermore, we perform a high-fat mixed meal test, in which we collect blood and measure substrate oxidation during fasted and postprandial conditions. During the meal tests, extra plasma is collected at the start (t=-30) and the end (t=240), of which the supernatant is stored in light-protected tubes (EGCG is mixed 1:1 with an EGCG buffer) for analyzing polyphenol concentrations in the blood.

In the male subgroup (21 men), we additionally place each 2 microdialysis probes in the subcutaneous adipose tissue and the gastrocnemius in order to assess local lipolysis and blood flow by means of ethanol infusion.

Furthermore, a dexa-scan is performed to assess body composition and biopsies are taken under fasted conditions from the subcutaneous adipose tissue and the quadriceps femoralis muscle. These samples are stored at -80C. Part of the adipose tissue samples is collected to measure adipocyte size. Of the skeletal muscle biopsy, one part is directly buffered and used for the oxygraph to measure mitochondrial function.

At last, feces samples are collected before and after the intervention in order to assess energy content, microbial composition and short-chain fatty acid content.

Based on previous human studies in our and other departments, we hypothesize that after 12 weeks of the combined polyphenol supplementation, insulin sensitivity and mitochondrial function improve. Furthermore, based on results of a short-term study performed by our group, that demonstrated an increase in energy expenditure, a positive effect on the regulation of body composition might be expected.",NO,Healthy,DIETARY_SUPPLEMENT: EGCG+RSV-supplementation|DIETARY_SUPPLEMENT: Placebo,"Systemic insulin sensitivity, hyperinsulinemic euglycemic clamp with glucose-tracer, change from week 0 to week 12 after supplementation","skeletal muscle mitochondrial function, ex vivo skeletal muscle respiratory capacity, change from week 0 to week 12 after supplementation","lipid oxidation, fasting and 4-h postprandial (high-fat mixed-meal) by indirect calorimetry, change from week 0 to week 12 after supplementation|skeletal muscle and adipose tissue lipolysis, microdialysate sample fasting and postprandial (after high-fat mixed-meal), change from week 0 to week 12 after supplementation",Maastricht University Medical Center,,ALL,ADULT,NA,42,OTHER,INTERVENTIONAL,"Allocation: RANDOMIZED | Intervention Model: PARALLEL | Masking: DOUBLE (PARTICIPANT, INVESTIGATOR) | Primary Purpose: TREATMENT",NL31421.068.10,2012-08,2014-05,2014-09,2015-03-06,,2018-09-05,"Maastricht University, Maastricht, 6229 ER, Netherlands",
NCT06779214,Effect of Food-derived Active Components on Digestive Tract Health in Adults with Irritable Bowel Syndrome,https://clinicaltrials.gov/study/NCT06779214,,NOT_YET_RECRUITING,"The goal of this clinical trial is to learn if Bifidobacterium. animalis subsp.

Lactis A6 Strain or resveratrol to improve the symptoms of diarrhea-predominate irritable bowel syndromes (IBS-D). The main questions it aims to answer are:

1. Does Bifidobacterium animalis subsp.Lactis A6 Strain or resveratrol improve the symptoms of IBS-D.
2. What is the optimal intervention dose of Bifidobacterium. animalis subsp.Lactis A6 Strain or resveratrol to improve IBS-D

Researchers will compare Bifidobacterium. animalis subsp.Lactis A6 Strain or resveratrol interventions to placebo (one look-alike sunbstance that contains no interventions substance) to see if Bifidobacterium. animalis subsp.Lactis A6 Strain or resveratrol relief the symptoms of patients with IBS-D.

Participants will:

1. Take Bifidobacterium. animalis subsp.Lactis A6 Strain or resveratrol every day for 30 days.
2. Visit the clinic once every 15 days for checkups and tests.",NO,Irritable Bowel Syndrome - Diarrhoea,DIETARY_SUPPLEMENT: Prebiotic_L|DIETARY_SUPPLEMENT: resveratrol_L|DIETARY_SUPPLEMENT: Prebiotic_M|DIETARY_SUPPLEMENT: Prebiotic_H|DIETARY_SUPPLEMENT: resveratrol_H|OTHER: placebo_Bif|OTHER: placebo_resveratrol,"Irritable Bowel Syndrome Symptom Severity Scale, it is a scale to evaluate the severity of irritable bowel syndrome symptoms, and the scoring range is from 0 to 500 points. The higher the score, the more severe the symptoms., 30 days|IBS Quality of Life, A scoring system is designed to mark changes in quality of life of patients, which includes 34 items with the score range of 34 to 170 scores. The higher the score, the poorer the quality of life., 30 days","The levels of serum inflammatory cytokines, including interleukin-6 (IL-6), tumor necrosis factor-alpha (TNF-α), and interleukin-1β (IL-1β)., Using the ELISA method to detect inflammatory cytokines above mentioned in the serum of patients, higher levels of inflammatory cytokines suggest that the patient is in an inflammatory state., 30 days|Concentration of hydrogen in Hydrogen Breath Test, The hydrogen breath test is used to evaluate whether there is excessive overgrowth of small intestinal bacterial in patients. For subjects, the peak value of hydrogen exceeding 20ppm (parts per million) is considered positive, indicating the presence of small intestinal bacterial overgrowth., 30 days|the alpha diversity and composition of gut microbiome, 16s rDNA is used to test the diversity and composition of gut microbiome of participants. The alpha diversity is adopted to evaluate the number of species within a community (richness) as well as the distribution of each species (evenness). the higher the indicator, the healthier the gut. The composition of gut microbiome is used to describe the abundance of beneficial and harmful bacteria. The higher the abundance of beneficial bacteria and the lower the abundance of harmful bacteria, the healthier the gut is., 30 days",,Peking University,,ALL,ADULT,NA,180,OTHER,INTERVENTIONAL,"Allocation: RANDOMIZED | Intervention Model: PARALLEL | Masking: TRIPLE (PARTICIPANT, CARE_PROVIDER, INVESTIGATOR) | Primary Purpose: TREATMENT",Xuyajun197673-03,2025-02-28,2025-03-31,2025-12-31,2025-01-16,,2025-01-16,"Peking University, Beijing, Beijing Municipality, 100083, China",
NCT00578396,Phase I Biomarker Study of Dietary Grape-derived Low Dose Resveratrol for Colon Cancer Prevention,https://clinicaltrials.gov/study/NCT00578396,,WITHDRAWN,"This study is designed to investigate the dietary influence of grapes in colon cancer prevention. A natural compound found in the skin of grapes, resveratrol, may protect against cancer by acting as an antioxidant (a chemical compound or substance that helps reduce damages due to oxygen). This compound is known to block colon cancer cell lines from growing in the laboratory. The purpose of this study is to determine the minimum amount of resveratrol-rich fresh red grapes needed to exhibit such signs of prevention.",NO,Colon Cancer,DIETARY_SUPPLEMENT: grapes|DIETARY_SUPPLEMENT: grapes|DIETARY_SUPPLEMENT: grapes,"Expression and cellular localization of beta-catenin in intestinal mucosa: localization of β-catenin. Expression of Wnt pathway target genes in intestinal mucosa: Wnt target gene expression, 2 yrs","Define whether grape supplemented diet affects colonic mucosa cell proliferation. Ki67 staining method will be utilized on the pre- and post-resveratrol biopsy specimens., 2 yrs|Define any side-effects associated with the resveratrol-rich dietary program. Laboratory testing is performed at specified timepoints in this protocol, along with history & physical, for the purposes of toxicity monitoring., 2 yrs|Monitor resveratrol content of grapes throughout the course of the study. Grapes will be obtained from the same source as participants monthly throughout the study and the content of resveratrol will be measured., 2 yrs",,"University of California, Irvine",Gateway for Cancer Research,ALL,"ADULT, OLDER_ADULT",PHASE1,0,OTHER,INTERVENTIONAL,Allocation: RANDOMIZED | Intervention Model: PARALLEL | Masking: NONE | Primary Purpose: PREVENTION,OCRT07046,2007-12,2007-12,2007-12,2007-12-21,,2021-01-25,"University of California, Irvine Medical Center, Orange, California, 92868, United States",
NCT01321268,Safety and Efficacy of a Dietary Supplement in Females With Cellulite,https://clinicaltrials.gov/study/NCT01321268,,TERMINATED,"To investigate the safety and efficacy of a dietary supplement on cellulite alleviation, fat deposits and quality of life.",NO,Cellulite (Orange Peel Skin),"DIETARY_SUPPLEMENT: dietary supplement for cellulite (PUFA, resveratrol, lycopene, beta carotene, lutein)|DIETARY_SUPPLEMENT: Viatmin E","Clinical biochemistry (hematology, blood chemistry, blood coagulation), change in clinical biochemistry at 6 months vs baseline, 6 months|vital signs, change in clinical examination at 6 months vs baseline, 6 months|adverse events and tolerability, change in number of persons with adverse events at 6 months vs baseline, 6 months","cellulite severity, change in cellulite severity grading according to the cellulite severity scale (CSS)(visual morphological aspects) within repeated measurements, Day 1, 7, 30, 60, 90, 120, 150, 180|Thigh circumference, Change in thigh circumferences below gluteus fold within repeated measurements, Change in thigh circumferences above the upper part of the knee within repeated measurements, Day 1, 7, 30, 60, 90, 120, 150, 180|Digital photography, Change in digital photography Day 90 vs Day 1 Change in digital photography Dag 180 vs Day 1, Day 1, Day 90, Day 180|Ultrasound sonography, Change in ultrasound Day 180 vs Day 1, Change in ultrasound Day 90 vs Day 1, Day 1, Day 90 and Day 180|Magnetic resonance, change in adipose tissue Day 180 vs Day 1, Day 1 and Day 180|satisfaction questionnaire, Improvement in patient satisfaction, Day 1, Day 30, Day 60, Day 90, Day 120, Day 150, Day 180|dermatology life quality index, Improvements in the parameters of quality of life, day 1, 30, 60, 90, 120, 150, 180|celluquol questionnaire, each question in repeated measurements, day 1, 30, 60, 90, 120, 150, 180|cutometry, change in skin elasticity from day 180 to day 1, change in skin elasticity from day 90 to day 1, day 1, 90, 180|corneometry, change in skin hydration day 180 vs day 1, change in skin hydration day 90 vs day 1, day 1, 90, 180|skin profilometry, change in skin topography day 180 vs day 1, change in skin topography day 90 vs day 1, day 1, 90, 180|liquichip analysis, change in inflammatory markers day 180 vs day 1, day 1, day 180",,dsm-firmenich Switzerland AG,,FEMALE,ADULT,NA,8,INDUSTRY,INTERVENTIONAL,"Allocation: RANDOMIZED | Intervention Model: PARALLEL | Masking: TRIPLE (PARTICIPANT, INVESTIGATOR, OUTCOMES_ASSESSOR) | Primary Purpose: TREATMENT",2009-11-03-CEL,2011-05,2012-07,2012-07,2011-03-23,,2015-06-08,"CBED: Brazilian Center for Studies in dermatology, Porto Alegre, Rio Grande do Sul, Brazil",
NCT02909686,Effects of Botanical Microglia Modulators in Gulf War Illness,https://clinicaltrials.gov/study/NCT02909686,,COMPLETED,"The overall objective of this protocol is to test if Gulf War Illness (GWI) involves chronic inflammation that cannot be measured with typical techniques. The investigators will be observing the effects of nine different botanical compounds (supplements) that are known to suppress inflammation. If one of those supplements helps the symptoms of GWI, it will give the investigators information about what is wrong in people with GWI.",YES,Gulf War Illness,DIETARY_SUPPLEMENT: Boswellia Serrata|DIETARY_SUPPLEMENT: Curcumin|DIETARY_SUPPLEMENT: Epimedium|DIETARY_SUPPLEMENT: Fisetin|DIETARY_SUPPLEMENT: Luteolin|DIETARY_SUPPLEMENT: Nettle|DIETARY_SUPPLEMENT: Pycnogenol|DIETARY_SUPPLEMENT: Reishi Mushroom|DIETARY_SUPPLEMENT: Resveratrol|DIETARY_SUPPLEMENT: Placebo,"Change From Baseline in Overall Gulf War Illness Disease Severity, Self reported Gulf War Illness symptom severity evening reports were collected for the duration of the study. Scale= change from baseline in overall GWI Disease severity (-100 to +100, with positive numbers indicating how much the symptom improved)., Week 17","Change From Baseline in Pain Severity, Self reported pain symptom severity evening reports were collected for the duration of the study. Scale= change from baseline in overall GWI pain severity (-100 to +100, with positive numbers indicating how much the symptom improved)., Week 17|Change From Baseline in Fatigue Severity, Self reported fatigue symptom severity evening reports were collected for the duration of the study. Scale= change from baseline in overall GWI fatigue severity (-100 to +100, with positive numbers indicating how much the symptom improved)., Week 17|Change From Baseline in Cognitive Symptom Severity, Self reported Cognitive Symptom Severity evening reports were collected for the duration of the study. Scale= change from baseline in overall Cognitive Symptom Severity (-100 to +100, with positive numbers indicating how much the symptom improved)., Week 17|Change From Baseline in Mood Symptom Severity, Self reported Mood Symptom Severity evening reports were collected for the duration of the study. Scale= change from baseline in overall Mood Symptom Severity (-100 to +100, with positive numbers indicating how much the symptom improved)., Week 17|Change From Baseline in Dermatological Symptom Severity, Self reported Dermatological Symptom Severity evening reports were collected for the duration of the study. Scale= change from baseline in overall Dermatological Symptom Severity (-100 to +100, with positive numbers indicating how much the symptom improved)., Week 17|Change From Baseline in Respiratory Symptom Severity, Self reported Respiratory Symptom Severity evening reports were collected for the duration of the study. Scale= change from baseline in overall Respiratory Symptom Severity (-100 to +100, with positive numbers indicating how much the symptom improved)., Week 17|Change From Baseline in Gastrointestinal Symptom Severity, Self reported Gastrointestinal Symptom Severity evening reports were collected for the duration of the study. Scale= change from baseline in overall Gastrointestinal Symptom Severity (-100 to +100, with positive numbers indicating how much the symptom improved)., Week 17",,University of Alabama at Birmingham,Congressionally Directed Medical Research Programs,MALE,"ADULT, OLDER_ADULT",NA,36,OTHER,INTERVENTIONAL,"Allocation: RANDOMIZED | Intervention Model: CROSSOVER | Masking: QUADRUPLE (PARTICIPANT, CARE_PROVIDER, INVESTIGATOR, OUTCOMES_ASSESSOR) | Primary Purpose: OTHER",F150318011|CDMRP-GW130015,2016-07,2019-09,2022-09,2016-09-21,2025-01-24,2025-01-24,"University of Alabama at Birmingham, Birmingham, Alabama, 35294, United States","Study Protocol and Statistical Analysis Plan, https://cdn.clinicaltrials.gov/large-docs/86/NCT02909686/Prot_SAP_000.pdf"
NCT03864198,"To Evaluate the Effect of Reveratrol,Folic Acid, Vitamin D, Vitamin B12 and B6 in Male Infertility",https://clinicaltrials.gov/study/NCT03864198,,UNKNOWN,The objective of this study is to evaluate the impact of the Genante(TM) on the spermiogram parameters in infertile male patients,NO,Male Infertility,DIETARY_SUPPLEMENT: Genante,"Change from Baseline Semen volume at 1 month, semen volume in semen analysis, 1 month|Change from 1month Semen volume at 6 months, semen volume in semen analysis, 6 months|Change from baseline Total sperm number at 1 month, total sperm number in semen analysis, 1 month|Change from 1 month Total sperm number at 6 months, total sperm number in semen analysis, 6 months|Change from baseline Sperm concentration at 1 month, Sperm concentration in semen analysis, 1 month|Change from 1 month Sperm concentration at 6 months, Sperm concentration in semen analysis, 6 months|Change from baseline Total Motility at 1 month, total motility of spermatozoa in semen analysis, 1 month|Change from 1 month Total Motility at 6 months, total motility of spermatozoa in semen analysis, 6 months|Change from baseline Progressive motility at 1 month, Porgressive motility of spermatozoa in semen analysis, 1 month|Change from 1 month Progressive motility at 6 months, Progressive motility of spermatozoa in semen analysis, 6 months|Change from baseline Vitality at 1 month, live spermatozoa, 1 month|Change from 1 month Vitality at 6 months, live spermatozoa, 6 months|Change from baseline Sperm morphology at 1 month, normal forms of spermatozoa, 1 month|Change from 1 month Sperm morphology at 6 months, normal forms of spermatozoa, 6 months|Change from baseline FSH at 1 month, plasmatic evaluation of FSH, 1 month|Change from 1 month FSH at 6 months, plasmatic evaluation of FSH, 6 months|Change from baseline LH at 1 month, Plasmatic evaluation of LH, 1 month|Change from 1 month LH at 6 months, Plasmatic evaluation of LH, 6 months|Change from baseline Total testosterone at 1 month, plasmatic evaluation of total testosterone, 1 month|Change from 1 month Total testosterone at 6 months, plasmatic evaluation of total testosterone, 6 months|Change from baseline Prolactina at 1 month, plasmatic evaluation of prolactina, 1 month|Change from 1 month Prolactina at 6 months, plasmatic evaluation of prolactina, 6 months|Change from baseline 25-OH-Vitamin D3 at 1 month, plasmatic evaluation of 25-OH-Vitamin D3, 1 month|Change from 1 month 25-OH-Vitamin D3 at 6 months, plasmatic evaluation of 25-OH-Vitamin D3, 6 months|Change from baseline Scrotal ultrasound at 1 month, testis volume and vas deferens by ultrasound, 1 month|Change from 1 month Scrotal ultrasound at 6 months, testis volume and vas deferens by ultrasound, 6 months|Change from baseline Trans rectal Prostatic ultrasound at 1 month, prostate volume and morphology by ultrasound, 1 month|Change from 1 month Trans rectal Prostatic ultrasound at 6 months, prostate volume and morphology by ultrasound, 6 months|Change from baseline estradiol at 1 month, plasmatic evaluation of esatrdiol, 1 month|Change from 1 month estradiol at 6 months, plasmatic evaluation of esatrdiol, 6 months",,,University Of Perugia,"Ester Illiano, MD",MALE,ADULT,NA,20,OTHER,INTERVENTIONAL,Allocation: NA | Intervention Model: SINGLE_GROUP | Masking: NONE | Primary Purpose: TREATMENT,RESV1|3310,2019-01-20,2019-03-20,2019-04-30,2019-03-06,,2019-03-06,"Elisabetta Costantini, Terni, 05100, Italy",
NCT03091543,"Tolerability, Safety and Pharmacokinetics of Four Single-doses of BIA 6-512 (Trans-resveratrol) and Their Effect on the Levodopa Pharmacokinetics",https://clinicaltrials.gov/study/NCT03091543,,COMPLETED,"To investigate the effect of four single oral doses of BIA 6-512 (25 mg, 50 mg, 100 mg and 200 mg) on levodopa pharmacokinetics when administered in combination with a single-dose of controlled release levodopa/benserazide 100/25 mg and to assess the tolerability and safety of four single oral doses of BIA 6-512 (25 mg, 50 mg, 100 mg and 200 mg) when administered in combination with a single-dose of controlled release levodopa/benserazide 100/25 mg.",NO,Parkinson Disease,DRUG: Madopar® HBS 125|DRUG: Placebo|DRUG: BIA 6-512 25 mg dose|DRUG: BIA 6-512 50 mg dose|DRUG: BIA 6-512 100 mg dose|DRUG: BIA 6-512 200 mg dose,"Maximum observed plasma drug concentration (Cmax) post-dose - Levodopa, Pharmacokinetic parameters of Levodopa following oral administration of single-doses of Madopar® HBS 125 concomitantly with placebo or BIA 6-512 25 mg, 50 mg, 100 mg and 200 mg, pre-dose, ¼, ½, 1, 1½, 2, 3, 4, 6, 9, 12, 16 and 24 hours post-dose.|Time of occurrence of Cmax (tmax) - Levodopa, Pharmacokinetic parameters of Levodopa following oral administration of single-doses of Madopar® HBS 125 concomitantly with placebo or BIA 6-512 25 mg, 50 mg, 100 mg and 200 mg, pre-dose, ¼, ½, 1, 1½, 2, 3, 4, 6, 9, 12, 16 and 24 hours post-dose.|Area under the plasma concentration-time curve (AUC) from time zero to the last sampling time at which concentrations were at or above the limit of quantification (AUC0-t), calculated by the linear trapezoidal rule - Levodopa, Pharmacokinetic parameters of Levodopa following oral administration of single-doses of Madopar® HBS 125 concomitantly with placebo or BIA 6-512 25 mg, 50 mg, 100 mg and 200 mg, pre-dose, ¼, ½, 1, 1½, 2, 3, 4, 6, 9, 12, 16 and 24 hours post-dose.|Area under the plasma concentration versus time curve from time zero to infinity (AUC0-∞), calculated from AUC0-t + (Clast/λz), where Clast is the last quantifiable concentration and λz the apparent terminal rate constant - Levodopa, Pharmacokinetic parameters of Levodopa following oral administration of single-doses of Madopar® HBS 125 concomitantly with placebo or BIA 6-512 25 mg, 50 mg, 100 mg and 200 mg, pre-dose, ¼, ½, 1, 1½, 2, 3, 4, 6, 9, 12, 16 and 24 hours post-dose.|Apparent terminal half-life, calculated from ln 2/λz (t1/2) - Levodopa, Pharmacokinetic parameters of Levodopa following oral administration of single-doses of Madopar® HBS 125 concomitantly with placebo or BIA 6-512 25 mg, 50 mg, 100 mg and 200 mg, pre-dose, ¼, ½, 1, 1½, 2, 3, 4, 6, 9, 12, 16 and 24 hours post-dose.|Maximum observed plasma drug concentration (Cmax) post-dose - BIA 6-512, Pharmacokinetic parameters of BIA 6-512 following oral administration of single-doses of Madopar® HBS 125 concomitantly with placebo or BIA 6-512 25 mg, 50 mg, 100 mg and 200 mg, pre-dose, ¼, ½, 1, 1½, 2, 3, 4, 6, 9, 12, 16 and 24 hours post-dose.|Time of occurrence of Cmax (tmax) - BIA 6-512, Pharmacokinetic parameters of BIA 6-512 following oral administration of single-doses of Madopar® HBS 125 concomitantly with placebo or BIA 6-512 25 mg, 50 mg, 100 mg and 200 mg, pre-dose, ¼, ½, 1, 1½, 2, 3, 4, 6, 9, 12, 16 and 24 hours post-dose.|Area under the plasma concentration-time curve (AUC) from time zero to the last sampling time at which concentrations were at or above the limit of quantification (AUC0-t), calculated by the linear trapezoidal rule - BIA 6-512, Pharmacokinetic parameters of BIA 6-512 following oral administration of single-doses of Madopar® HBS 125 concomitantly with placebo or BIA 6-512 25 mg, 50 mg, 100 mg and 200 mg, pre-dose, ¼, ½, 1, 1½, 2, 3, 4, 6, 9, 12, 16 and 24 hours post-dose.|Area under the plasma concentration versus time curve from time zero to infinity (AUC0-∞), calculated from AUC0-t + (Clast/λz), where Clast is the last quantifiable concentration and λz the apparent terminal rate constant - BIA 6-512, Pharmacokinetic parameters of BIA 6-512 following oral administration of single-doses of Madopar® HBS 125 concomitantly with placebo or BIA 6-512 25 mg, 50 mg, 100 mg and 200 mg, pre-dose, ¼, ½, 1, 1½, 2, 3, 4, 6, 9, 12, 16 and 24 hours post-dose.|Apparent terminal half-life, calculated from ln 2/λz (t1/2) - BIA 6-512, Pharmacokinetic parameters of BIA 6-512 following oral administration of single-doses of Madopar® HBS 125 concomitantly with placebo or BIA 6-512 25 mg, 50 mg, 100 mg and 200 mg, pre-dose, ¼, ½, 1, 1½, 2, 3, 4, 6, 9, 12, 16 and 24 hours post-dose.","Maximum observed plasma drug concentration (Cmax) post-dose - 3-OMD, Pharmacokinetic parameters of 3-O-methyldopa (3-OMD) following oral administration of single-doses of Madopar® HBS 125 concomitantly with placebo or BIA 6-512 25 mg, 50 mg, 100 mg and 200 mg, pre-dose, ¼, ½, 1, 1½, 2, 3, 4, 6, 9, 12, 16 and 24 hours post-dose.|Time of occurrence of Cmax (tmax) - 3-OMD, Pharmacokinetic parameters of 3-O-methyldopa (3-OMD) following oral administration of single-doses of Madopar® HBS 125 concomitantly with placebo or BIA 6-512 25 mg, 50 mg, 100 mg and 200 mg, pre-dose, ¼, ½, 1, 1½, 2, 3, 4, 6, 9, 12, 16 and 24 hours post-dose.|Area under the plasma concentration-time curve (AUC) from time zero to the last sampling time at which concentrations were at or above the limit of quantification (AUC0-t), calculated by the linear trapezoidal rule - 3-OMD, Pharmacokinetic parameters of 3-O-methyldopa (3-OMD) following oral administration of single-doses of Madopar® HBS 125 concomitantly with placebo or BIA 6-512 25 mg, 50 mg, 100 mg and 200 mg, pre-dose, ¼, ½, 1, 1½, 2, 3, 4, 6, 9, 12, 16 and 24 hours post-dose.|Area under the plasma concentration versus time curve from time zero to infinity (AUC0-∞), calculated from AUC0-t + (Clast/λz), where Clast is the last quantifiable concentration and λz the apparent terminal rate constant - 3-OMD, Pharmacokinetic parameters of 3-O-methyldopa (3-OMD) following oral administration of single-doses of Madopar® HBS 125 concomitantly with placebo or BIA 6-512 25 mg, 50 mg, 100 mg and 200 mg, pre-dose, ¼, ½, 1, 1½, 2, 3, 4, 6, 9, 12, 16 and 24 hours post-dose.|Apparent terminal half-life, calculated from ln 2/λz (t1/2) - 3-OMD, Pharmacokinetic parameters of 3-O-methyldopa (3-OMD) following oral administration of single-doses of Madopar® HBS 125 concomitantly with placebo or BIA 6-512 25 mg, 50 mg, 100 mg and 200 mg, pre-dose, ¼, ½, 1, 1½, 2, 3, 4, 6, 9, 12, 16 and 24 hours post-dose.",,Bial - Portela C S.A.,,ALL,ADULT,PHASE1,20,INDUSTRY,INTERVENTIONAL,Allocation: RANDOMIZED | Intervention Model: CROSSOVER | Masking: SINGLE (INVESTIGATOR) | Primary Purpose: TREATMENT,BIA-6512-101,2004-05-04,2004-07-23,2004-07-23,2017-03-27,,2017-03-27,"Human Pharmacology Unit (UFH), S. Mamede Do Coronado, 4745-457, Portugal",
NCT07182370,Polyphenol Metabolism and Personalized Nutrition in Menopause (PolyPause).,https://clinicaltrials.gov/study/NCT07182370,PolyPause,ACTIVE_NOT_RECRUITING,The study aims to evaluate the role of the gut microbiome and phageome in explaining interindividual variability in the metabolic response to polyphenol-rich nutraceuticals among menopausal women. Insights from this research will support the development of personalized nutrition strategies to improve quality of life and reduce cardiovascular disease (CVD) risk during menopause.,NO,Menopause Related Conditions|Cardiovascular Risk,"DIETARY_SUPPLEMENT: Capsules containing plant extracts, including resveratrol, ellagic acid and isoflavones|DIETARY_SUPPLEMENT: Consumption of placebo","Oxidized LDL particles (LDLox), 15% change in serum oxidized LDL concentration (U/L) by ELISA, Change from baseline at 8 weeks compared to placebo","Gut microbiome, Change in gut microbiome composition, including taxonomic relative abundance and α- and β-diversity indices, by shotgun metagenomic sequencing, Change from baseline at 8 weeks compared to placebo|Gut phageome, Change in gut phageome composition, including taxonomic relative abundance and α- and β-diversity indices, by shotgun metagenomic sequencing, Change from baseline at 8 weeks compared to placebo|Blood lipids, Change in serum total cholesterol, LDLc and HDLc concentration (mg/dL) by autoanalyzer, Change from baseline at 8 weeks compared to placebo|Trimethylamine N-oxide (TMAO), Change in serum (µM) and urine (µM/mg creatinine) TMAO concentration by UPLC-QTOF-MS, Change from baseline at 8 weeks compared to placebo|Lipopolysaccharide binding protein (LBP), Change in serum LBP concentration (µg/ml) by ELISA, Change from baseline at 8 weeks compared to placebo|Quality of life (Cervantes Scale), Changes in the domains of the Cervantes Scale (validated questionnaires): Health, psychological, sexuality, and couple relationship., Change from baseline at 8 weeks compared to placebo|Short-chain fatty acids (SCFAs), Change in fecal SCFA concentration (µM/g) by GC-MS, Change from baseline at 8 weeks compared to placebo|Bile acids (BAs), Change in fecal BA concentration (µM/g) by UPLC-QTOF-MS, Change from baseline at 8 weeks compared to placebo|Change in serum neurotransmitters, Change in serum gamma-aminobutyric acid (GABA, µM), serotonin, melatonin, dopamine, epinephrine, and norepinephrine (nM) by UPLC-QTOF-MS, Change from baseline at 8 weeks compared to placebo|Untargeted metabolomics, Change in urinary metabolite concentrations (µg/mg creatinine) by UPLC-QTOF-MS, Change from baseline at 8 weeks compared to placebo|Gut microbiota metabotypes, Distribution of urolithin, equol, and resveratrol metabotypes in postmenopausal women by UPLC-QTOF-MS metabolite profiling, Identification at baseline and after 8 weeks consuming the polyphenol-rich plant extracts|Estrobolome activity, Change in fecal microbial glucuronidase and sulfatase activities (U/mg protein) by spectrophotometry, Change from baseline at 8 weeks compared to placebo",,"National Research Council, Spain",Hospital Universitario Virgen de la Arrixaca|IMDEA Food,FEMALE,ADULT,NA,90,OTHER_GOV,INTERVENTIONAL,"Allocation: RANDOMIZED | Intervention Model: CROSSOVER | Masking: TRIPLE (PARTICIPANT, CARE_PROVIDER, OUTCOMES_ASSESSOR) | Primary Purpose: TREATMENT",PID2022-136419OB-I00,2024-01-15,2025-07-01,2027-08-31,2025-09-19,,2025-09-19,"Centro de Edafología y Biología Aplicada del Segura (CEBAS-CSIC), Murcia, Murcia, 30100, Spain",
NCT01302639,Dietary Polyphenols and Lipid Oxidation,https://clinicaltrials.gov/study/NCT01302639,,COMPLETED,"There are strong indications that (combinations of) polyphenols may be attractive candidates in the prevention of the metabolic syndrome and diabetes through modulation of pathways of fatty acid metabolism and mitochondrial function. We hypothesize that the combination of specific polyphenols, with partly distinct mechanisms of action, may have physiologically significant effects on fat oxidation through additive or synergistic effects, thereby improving body composition, insulin sensitivity and preventing type 2 diabetes. The following objective will be addressed in the current study:

(1) to test short term (3 day) effects of combinations of polyphenols (supplements of EGCG either in combination with resveratrol or with resveratrol and genistein) to affect systemic lipolysis and fat oxidation during overnight fasted conditions and after ingestion of a high fat meal in overweight subjects",NO,"Obesity, Insulin Sensitivity, Type 2 Diabetes Mellitus",DIETARY_SUPPLEMENT: Comparison of different combinations of polyphenols with respect to effects on fat oxidation,"postprandial fat oxidation, 3 day supplementation of different combinations of polyphenols in a randomised crossover design in healthy overweight volunteers.

At the end of each supplementation period, postprandial fat oxidation is measured, 3 days",,,Maastricht University Medical Center,Alpro Foundation,ALL,"ADULT, OLDER_ADULT",NA,18,OTHER,INTERVENTIONAL,"Allocation: RANDOMIZED | Intervention Model: CROSSOVER | Masking: DOUBLE (PARTICIPANT, INVESTIGATOR) | Primary Purpose: BASIC_SCIENCE",MEC 10-03-032.7,2011-02,2013-10,2013-11,2011-02-24,,2014-09-09,"Maastricht University, Maastricht, 6200 MD, Netherlands",
NCT01185067,Physiological Effects of Grape Seed Extract in Diastolic Heart Failure,https://clinicaltrials.gov/study/NCT01185067,GRAPEVINE-HF,COMPLETED,"Diastolic heart failure (also known as ""heart failure with normal ejection fraction"" or ""heart failure with preserved ejection fraction"") occurs even though the heart muscle's pumping function is normal. In many cases diastolic heart failure is related to stiffening of the heart and blood vessels in people who have high blood pressure. Current guidelines suggest that patients should limit the salt content of their diet, as too much salty food can cause fluid retention and other problems in diastolic heart failure. Studies in animals with diastolic heart failure suggest that antioxidant chemicals found in grapes can block some of the harmful effects of salty diets. Because it is often difficult for patients with diastolic heart failure to maintain a low salt diet, the investigators are researching the effects of the antioxidant properties of grape seed extract, a natural supplement made from grape seeds. The investigators hypothesize that supplementing the diet with grape seed extract (GSE) can decrease the levels of harmful chemicals and improve heart and blood vessel function in patients with diastolic heart failure and a history of high blood pressure.

The University of Michigan research group plans to enroll 25 patients with a history of high blood pressure and diastolic heart failure in a research study. The study will assess the effects of GSE on hormones and other chemicals that can cause heart and blood vessel damage. The investigators will also study the effects of GSE on the ability of the blood vessels and heart muscles to relax at the proper time and speed. Finally, the investigators will observe how GSE affects participants' overall ability to exercise, quality of life, and blood pressure control. Study participants will be randomly assigned to take either GSE or placebo (looks like but does not contain GSE) capsules twice a day for six weeks. After a two-week break, all subjects will cross over to the opposite group of capsules for an additional six-week period. At the start of the study and at the end of each six-week time period study participants will have non-invasive heart and blood vessel testing, blood work and urine tests, and blood pressure monitoring.",NO,Diastolic Heart Failure|Hypertensive Heart Disease|Heart Failure With Preserved Ejection Fraction|Hypertension|Oxidative Stress,"DRUG: grape seed extract (MegaNatural BP, Polyphenolics, Inc.)","Brachial artery flow-mediated dilation (FMD), Ultrasound measure of conduit artery endothelial function, Pre-six weeks of investigational drug and placebo intervention|Brachial artery flow-mediated dilation (FMD), Ultrasound measure of conduit artery endothelial function, Post-six weeks of investigational drug and placebo intervention","24-hour blood pressure, Mean and diurnal variation, Pre-six weeks of investigational drug and placebo intervention|EndoPAT arterial endothelial function, Plethysmographic measure of resistance arterial endothelial function, Pre-six weeks of investigational drug and placebo intervention|Carotid-femoral pulse wave velocity, Pre-six weeks of investigational drug and placebo intervention|Maximal exercise capacity and oxygen consumption, Pre-six weeks of investigational drug and placebo intervention|Resting and post-exercise ventricular systolic and diastolic function, Standard and novel echocardiographic measures including strain/strain rate, Pre-six weeks of investigational drug and placebo intervention|Urinary 8-isoprostanes, Measure of oxidative stress, Pre-six weeks of investigational drug and placebo intervention|Heart failure related quality of life, Minnesota Living With Heart Failure Questionnaire, Pre-six weeks of investigational drug and placebo intervention|24-hour blood pressure, Mean and diurnal variation, Post-six weeks of investigational drug and placebo intervention|EndoPAT arterial endothelial function, Plethysmographic measure of resistance arterial endothelial function, Post-six weeks of investigational drug and placebo intervention|Carotid-femoral pulse wave velocity, Post-six weeks of investigational drug and placebo intervention|Maximal exercise capacity and oxygen consumption, Post-six weeks of investigational drug and placebo intervention|Resting and post-exercise ventricular systolic and diastolic function, Standard and novel echocardiographic measures including strain/strain rate, Post-six weeks of investigational drug and placebo intervention|Urinary 8-isoprostanes, Measure of oxidative stress, Post-six weeks of investigational drug and placebo intervention|Heart failure related quality of life, Minnesota Living With Heart Failure Questionnaire, Post-six weeks of investigational drug and placebo intervention",,University of Michigan,,ALL,"ADULT, OLDER_ADULT",PHASE1,15,OTHER,INTERVENTIONAL,"Allocation: RANDOMIZED | Intervention Model: CROSSOVER | Masking: QUADRUPLE (PARTICIPANT, CARE_PROVIDER, INVESTIGATOR, OUTCOMES_ASSESSOR) | Primary Purpose: TREATMENT",HUM00029626,2010-10,2013-11-04,2014-02-24,2010-08-19,,2017-06-06,"University of Michigan, Ann Arbor, Michigan, 48109, United States",
NCT07659834,Food Supplement for Longevity,https://clinicaltrials.gov/study/NCT07659834,,ACTIVE_NOT_RECRUITING,"As we age, the cells in our body gradually lose their ability to produce energy efficiently and repair damage. This process, known as cellular ageing, is linked to lower levels of a molecule called Nicotinamide Adenine Dinucleotide (NAD⁺), which is essential for energy production and maintaining healthy cell function. Other factors, such as reduced antioxidant capacity and mitochondrial decline, also contribute to ageing.

This study will explore whether a daily food supplement, taken for one month, can improve markers of cellular health in adults aged 35 and over. Thrive⁺ contains ingredients that may support energy metabolism and antioxidant defences, including compounds that boost NAD⁺ levels and Coenzyme Q10 (CoQ10), which helps cells produce energy. It also includes resveratrol, a plant compound thought to promote healthy ageing.

The research will take place at The Functional Gut Clinic in Manchester and will involve 15 healthy volunteers. Participants will attend two clinic visits: one at the start and one after 30 days of supplementation. At each visit, they will have blood tests, blood pressure and heart rhythm checks, a simple grip strength test, and complete short questionnaires on mood and wellbeing. Women of childbearing potential will also have a pregnancy test. The supplement will be taken as one capsule per day for 30 days.

The main question is whether the supplement increases NAD⁺ levels in the blood. We will also look at other markers, such as antioxidant status, inflammation, and physical measures like grip strength. The study aims to provide insight into whether supplementation can support healthy ageing in everyday life.",NO,Healthy Adult|Longevity,DIETARY_SUPPLEMENT: Longevity supplement,"Change in whole blood nicotinamide adenine dinucleotide (NAD+), Change in whole blood NAD+ measured using Liquid chromatography mass spectrometry. Changes measured from baseline (pre supplement) to end of study (30 days of supplementation). measured in micrograms per millilitre., 30 days","Change in plasma NAD+ metabolites, Changes in plasma NAD+ metabolites. These include changes in Nicotinamide (NAM) and 1-Methylnicotinamide. These are both measures in milligrams (mg) using Liquid chromatography mass spectrometry. Changes to be measured from baseline to end of study., 30 days|Change in total coenzyme Q10 (CoQ10), Changes in plasma coenzyme Q10. This is measured in micrograms (ug) using colourimetry. Changes to be measured from baseline to end of study., 30 days|Change in standard haematology and biochemistry blood panels, Changes in haematology and biochemistry blood panels. Changes till be assessed by a study doctor and assigned any clinical significance. Any clinical significant findings will be recorded as an adverse event. Changes will be measured from baseline to end of study., 30 days",,Sam Treadway,,ALL,"ADULT, OLDER_ADULT",NA,18,OTHER,INTERVENTIONAL,Allocation: NA | Intervention Model: SINGLE_GROUP | Masking: NONE | Primary Purpose: BASIC_SCIENCE,FGC-26-03,2026-03-06,2026-06-12,2026-08-01,2026-06-22,,2026-06-22,"The Functional Gut Clinic, Manchester, M3 4BG, United Kingdom",
NCT04994561,"VIAging Deceleration Trial Using Metformin, Dasatinib, Rapamycin and Nutritional Supplements",https://clinicaltrials.gov/study/NCT04994561,,WITHDRAWN,This study aims to assess the safety and efficacy of study drugs and supplements on clinical (structural and functional) signs of aging and to explore/identify other possible biological measures of aging.,NO,Aging,DRUG: Study Drugs and Nutritional Supplements,"Incidence of treatment-emergent adverse events as assessed by CTCAE v5.0, through study completion, up to post treatment phone (approx. Day 532)|Visceral adipose tissue fat tissue (volume (in^3)) physiological parameter value measured by DEXA scan, Change from baseline to Visit 20 (approx. Day 502)|Systolic blood pressure physiological parameter value measured with a blood pressure cuff, Change from baseline to Visit 20 (approx. Day 502)|Senescent cell-cycle arrest physiological parameter value measured by MMP-9 laboratory test, Change from baseline to Visit 20 (approx. Day 502)|Glucose control (insulin resistance) physiological parameter as measured by HOMA-IR (mg/dL) calculation value, insulin and glucose laboratory values are collected to computer the measurement used, Change from baseline to Visit 20 (approx. Day 502)|DNA Methylation physiological parameter as measured by 2019 GrimAge Clock laboratory test, Change from baseline to Visit 20 (approx. Day 502)",,,"Vitality in Aging Research Group, Inc.",,ALL,OLDER_ADULT,PHASE1,0,OTHER,INTERVENTIONAL,Allocation: NA | Intervention Model: SINGLE_GROUP | Masking: NONE | Primary Purpose: TREATMENT,VIA-004,2022-06,2023-12,2023-12,2021-08-06,,2022-06-07,,
NCT05734703,Skin Rejuvenation With Topical Extract and Other Nutraceuticals,https://clinicaltrials.gov/study/NCT05734703,,UNKNOWN,"Hemp extract has been shown in several pre-clinical and clinical studies to have anti-aging effects on the skin through anti-oxidant and anti-inflammatory effects, in addition resveratrol, thyme and caffeine have been shown to have anti-aging effects related to fibrillar collagen production and extracellular matrix production in the dermis.

A combination of these four ingredients will be used in a vehicle of fermented medium chain triglyceride oil and skin shave biopsies will be taken before and after 90 days use of the topical to look for objective evidence of anti-aging effects in the dermis and epidermis.",NO,Wrinkle|Spot Pigmented|Lines Skin,DRUG: Nutraceutical Topical,"dermal-epidermal juncton flattening, Histologic appearance of dermal-epidermal flattening on 'before' and 'after' skin biopsies., 90 days|elastic fiber attenuation, Histologic appearance of elastic fiber attenuation in the dermis on 'before' and 'after' skin biopsies., 90 days|denisty of collagen fiber network, Histologic appearance of the density of the collagen fibers on 'before' and 'after' skin biopsies., 90 days","Glogau System: Wrinkle Severity Ranking, Glogau System: Wrinkle Severity Ranking score from 1-4 on 'before' and 'after' dermatologist physical examination of treated area, 90 days|Modified Fitzpatrick Wrinkle Scale, Modified Fitzpatrick Wrinkle Scale from class 0-2.5 on 'before' and 'after' dermatologist physical examination of treated area, 90 days",,"Medical Life Care Planners, LLC",,ALL,"ADULT, OLDER_ADULT",EARLY_PHASE1,25,OTHER,INTERVENTIONAL,Allocation: NA | Intervention Model: SINGLE_GROUP | Masking: NONE | Primary Purpose: TREATMENT,Skin Antiaging Effects,2023-03-01,2023-06-01,2023-06-01,2023-02-21,,2023-02-21,"Laser Scalp and Hair Center, Clearwater, Florida, 33762, United States",
NCT01716637,Short Term Efficacy and Safety of Perispinal Administration of Etanercept in Mild to Moderate Alzheimer's Disease,https://clinicaltrials.gov/study/NCT01716637,,COMPLETED,"While the cause of AD is still unknown, evidence suggests it develops because of a complex series of events in the brain that occur over time. Two pathways possibly involved in development of AD are inflammation and oxidative stress. Scientists have linked chronic inflammatory events in the brain with the onset and progression of Alzheimer's Disease. Oxidative stress has also been implicated in the pathogenesis of a number of neurological disorders including Alzheimer's Disease.

Etanercept (Enbrel®) is an approved drug for the treatment of several forms of arthritis when administered by injection. Some research suggests that etanercept, when administered by injection into the tissues close to the spinal column (perispinally), may modulate certain aspects of the immune system and provide some beneficial effect for people with Alzheimer's disease. Studies suggest that supplementation with specific nutrients may also have a positive effect in support of cognitive function.

This study will be conducted at one research office with volunteers who have been diagnosed with mild to moderate Alzheimer's disease. Each qualifying participant will be randomly assigned to receive an etanercept injection plus nutritional supplements for 6 weeks followed by a crossover and a washout period of 4 weeks to then receiving nutritional supplements alone or vice versa for another 6 weeks.

Participants will undergo blood and urine safety assessments at the beginning and end of each 6 week treatment period. During 4 of the 6 weekly visits in the treatment period with the injections, you will complete the cognitive tests twice; once before and once 2 hours after the injection. During 4 of the 6 weekly visits in the treatment period without the injections, you will also complete the cognitive tests twice; once before and once 2 hours after being asked to lie down onto a table for 5 minutes. You will be allowed to continue your standard of care for Alzheimer's disease throughout your participation in the study.",NO,Alzheimer's Disease,"BIOLOGICAL: Etanercept|DIETARY_SUPPLEMENT: Curcum.Luteol.Theaflav.Lip.Acid,FishOil,Quercet.,Resveratr.","Difference in effects of treatment for 6 weeks with etanercept + nutritional supplements versus nutritional supplements alone on the Mini-Mental Status Examination (MMSE) score., 16 weeks","Difference in the effects of treatment for 6 weeks with etanercept + nutritional supplements versus nutritional supplements alone on the Alzheimer's Disease Assessment Scale-Cognitive Subscale (ADAS-cog) score., 16 weeks|Difference in the effects of treatment for 6 weeks with etanercept + nutritional supplements versus nutritional supplements alone on the Montreal Cognitive Assessment (MoCA) score., 16 weeks","Difference in the effects of treatment for 6 weeks as well as an additional 12 weeks following visit 15 with nutritional supplementation alone on the MMSE score., 28 weeks|Difference in short term effects of etanercept on the MMSE score before and two hours after perispinal administration of etanercept., 16 weeks|To determine the safety and tolerability of nutritional supplements with perispinal adminstration of etanercept, as measured by various laboratory markers, vital signs (blood pressure and heart rate), and adverse events., 16 weeks|Difference in the effects of treatment for 6 weeks as well as an additional 12 weeks following visit 15 with nutritional supplementation alone on the ADAS-cog score., 28 weeks|Difference in the effects of treatment for 6 weeks as well as an additional 12 weeks following visit 15 with nutritional supplementation alone on the MoCA score., 28 weeks|Difference in short term effects of etanercept on the ADAS-cog score before and two hours after perispinal administration of etanercept., 16 weeks|Difference in short term effects of etanercept on the MoCA score before and two hours after perispinal administration of etanercept., 16 weeks|To determine the safety and tolerability of nutritional supplements without perispinal adminstration of etanercept, as measured by various laboratory markers, vital signs (blood pressure and heart rate), and adverse events., 16 weeks",Life Extension Foundation Inc.,,ALL,"ADULT, OLDER_ADULT",PHASE1,12,OTHER,INTERVENTIONAL,Allocation: RANDOMIZED | Intervention Model: CROSSOVER | Masking: NONE | Primary Purpose: HEALTH_SERVICES_RESEARCH,CL025,2010-02,2015-10,2016-05,2012-10-30,,2016-05-12,"Paul H. Wand M.D., P.A., Coral Springs, Florida, 33065, United States|Brain Matters Research, Delray Beach, Florida, 33445, United States",
NCT07802548,Sirtuin Activators and Weight Loss,https://clinicaltrials.gov/study/NCT07802548,,COMPLETED,"Obesity is a chronic, multifactorial disease associated with a high burden of metabolic, cardiovascular, and psychosocial complications. Despite extensive research, the long-term effectiveness of lifestyle-based weight-management strategies remains limited, and there is a growing interest in molecular pathways that may enhance metabolic flexibility and improve treatment outcomes. Among these pathways, the sirtuin (SIRT) family-particularly SIRT1 and SIRT3-has emerged as a promising target due to its involvement in mitochondrial biogenesis, energy expenditure, oxidative metabolism, and the regulation of insulin sensitivity. Bioactive compounds that activate sirtuins, including nicotinamide riboside (NR), nicotinamide mononucleotide (NMN), resveratrol, and selected polyphenols, have shown metabolic benefits in preclinical models; however, high-quality human trials remain scarce and inconsistent.

This project aims to investigate the efficacy of a standardized sirtuin-activator supplement on body-weight reduction, metabolic health, and energy-balance regulation in adults with overweight and obesity. The trial will be a randomized, double-blind, placebo-controlled intervention lasting 24 days. Participants will be assigned to either the sirtuin-activator group or placebo, with both groups receiving standardized dietary plan to ensure consistent caloric intake. The primary outcome will be absolute and relative weight loss, while secondary outcomes will include changes in waist circumference, body-composition parameters, resting metabolic rate, glycemic markers, lipid profiles and physical functioning.

A key novelty of this project lies in testing a multi-ingredient formulation designed to synergistically enhance sirtuin signaling, addressing limitations observed in studies using single-compound approaches. By integrating nutritional guidance, rigorous clinical monitoring, and advanced biomarker profiling, this research aims to generate high-quality evidence on whether sirtuin activators can meaningfully augment weight-loss interventions in humans.",NO,Obesity & Overweight,DIETARY_SUPPLEMENT: SIRTUIN activators + weight loss diet|DIETARY_SUPPLEMENT: Placebo supplementation + weight loss diet,"Body weight, Body weight changes due to the intervention in kilograms measured with BodPod attached scale (Cosmed, Italy), Change from day 0 to day 25 and follow up (3-4 months)","Body composition, Fat mass (kg and %) and fat-free mass (kg) measurements changes due to intervention with air displacement plethysmography (Bod Pod, Cosmed, Italy), day 0 and day 25 and follow up (3-4 months)|Circumferences, Waist and hips circumferences (cm) change due to intervention measured with elastic strap, Day 0 and day 25|Blood pressure, Blood pressure changes due to the intervention (systolic and diastolic in mmHg) measured with an automated SpotArm i-Q142 device (Omron, Kyoto, Japan), day 0 and day 25|Physical capacity, changes in physical capacity in sit-to-stand (number of repetitions), hand grip (in N measured with a hydraulic hand dynamometer (Kern MAP 130K1 Series, KERN \& SOHN GmbH, Balingen, Germany)) and 6-minute walking test (total distance in m), day 0 and day 25|Lipid profile (total cholesterol, LDL-cholesterol, HDL-cholesterol, triacylglycerides), Changes in total cholesterol (mg/dL), LDL-cholesterol (mg/dL), HDL-cholesterol (mg/dL), triacylglycerides (mg/dL) measured using automated biochemical analyzer Konelab 20 biochemical analyzer (Thermo Fisher Scientific, Finland)., day 0 and day 25|Fasting glucose concentration, Fasting glucose concentration changes (mg/dL) measured using Konelab 20 biochemical analyzer (Thermo Fisher Scientific, Finland)., Day 0 and 25|Liver enzymes, Liver enzymes (ALAT, ASPAT, GGTP in U/I) changes due to intervention measured using Konelab 20 biochemical analyzer (Thermo Fisher Scientific, Finland)., Day 0 and 25",,Poznan University of Life Sciences,,ALL,"ADULT, OLDER_ADULT",NA,45,OTHER,INTERVENTIONAL,"Allocation: RANDOMIZED | Intervention Model: PARALLEL | Masking: TRIPLE (PARTICIPANT, INVESTIGATOR, OUTCOMES_ASSESSOR) | Primary Purpose: TREATMENT",SIRTWAY,2026-01-19,2026-07-30,2026-07-30,2026-09-03,,2026-09-03,"Poznan University of Life Sciences, Poznan, Wielkopolska, 60-637, Poland",
NCT04633551,Vascular Inflammation and Anti-inflammatory Supplements After Adverse Pregnancy Outcomes,https://clinicaltrials.gov/study/NCT04633551,VIA,COMPLETED,"Women who had an adverse pregnancy outcome (APO), such as preeclampsia, preterm birth, or gestational diabetes, have a higher risk for heart disease. Some of the extra risk for heart disease after APOs is thought to be caused by inflammation. Investigators will randomize women who had an APO in the past 3 years to receive an anti-inflammatory supplement or serve as a time control. Investigators will compare blood pressure, arterial stiffness, blood vessel reactivity, and blood markers of inflammation between women who did and did not receive the supplement. Investigators will determine women's attitudes about taking a dietary supplement and measure whether the participants who receive the supplement take all or most of the doses.",YES,Pre-Eclampsia|Pre-Term|Intrauterine Growth Restriction|Hypertension in Pregnancy,DIETARY_SUPPLEMENT: Anti-inflammatory supplement,"Blood Pressure (mmHg), Investigators will measure blood pressure in the arm and use applanation tonometry to estimate aortic blood pressure, 1 month|Arterial Stiffness (m/s), Arterial stiffness will be measured with pulse wave velocity using applanation tonometry and heart rate, 1 month|Augmentation Index (%), Applanation tonometry will be used to describe systolic blood pressure augmentation, a measure of arterial wave reflection intensity., 1 month|Endothelial Function (Reactive Hyperemia), Venous occlusion plethysmography will be used to mease the change in forearm blood flow after a 5-min occlusion, 1 month","Inflammatory Vascular Biomarkers (pg/dL), concentrations of circulating adhesion molecules ICAM and VCAM, 1 month|Acceptability of Intervention (Likert Scales From 1-5; Not Likely at All to Extremely Likely and Free Text Fields), Surveys regarding opinion and likelihood of taking supplements. Here we report the number of participants who thought supplements were somewhat or extremely useful (Likert score of 4-5) for improving health., 1 month|Perception of Intervention (15-20 Minute Interview), Interviews will be used to determine barriers and facilitators of adherence. We report number of participants who were happy with contact with study team for adherence reminders., 1 month",,University of South Carolina,,FEMALE,ADULT,NA,9,OTHER,INTERVENTIONAL,Allocation: RANDOMIZED | Intervention Model: PARALLEL | Masking: SINGLE (OUTCOMES_ASSESSOR) | Primary Purpose: TREATMENT,10010335,2020-10-01,2021-06-30,2022-05-30,2020-11-18,2023-09-21,2023-09-21,"Public Health Research Center, Columbia, South Carolina, 29208, United States","Study Protocol and Statistical Analysis Plan, https://cdn.clinicaltrials.gov/large-docs/51/NCT04633551/Prot_SAP_000.pdf"
NCT02001831,Multi-ingredient Nutrition Supplement in Older Adults,https://clinicaltrials.gov/study/NCT02001831,,UNKNOWN,"The aims of the present study are:

i. To conduct a population study of body composition, muscle function and ability to undertake activities of daily living in elderly Irish individuals

ii. To investigate the effect of a six month period of nutrition supplement support on lean tissue mass, and muscle and cognitive function in individuals aged 70 to 80 years.",NO,Physical Disability,DIETARY_SUPPLEMENT: Supplement|DIETARY_SUPPLEMENT: Placebo,"Total and appendicular muscle mass, By means of measurement of lean body mass using dual-energy X-ray absorptiometry (DXA), Change from Baseline at day 84 & day 168","Lower extremity physical function, By means of score ranging from 0 (worst performance) to 12 (best performance) achieved on the Short Performance Battery Test (Guralnik et al J Gerontol. 1994 49(2):M85-94), Change from Baseline at day 84 & day 168|Cognitive performance, By means of performances in the following battery: Timed Up and Go test, Trail Making Test (TMT) part A and B, Auditory Verbal Learning Test, Stroop Colour-Word Test, Verbal Fluency, Forward and Backward Digit Spans, and Cognitive Failures Questionnaire, Change from Baseline at day 84 & day 168",,University College Dublin,Smartfish AS,ALL,OLDER_ADULT,NA,50,OTHER,INTERVENTIONAL,"Allocation: RANDOMIZED | Intervention Model: PARALLEL | Masking: DOUBLE (PARTICIPANT, INVESTIGATOR) | Primary Purpose: PREVENTION",SMF-3000,2014-01,2014-08,2015-01,2013-12-05,,2013-12-05,"UCD Institute for Sport and Health, Dublin, Dublin 4, Ireland",
NCT07501377,Effects of a 6-months Fiber- and Polyphenol-rich Diet on Brain Inflammatory Processes in Perimenopausal Women Living With Overweight or Obesity,https://clinicaltrials.gov/study/NCT07501377,INFLAME,RECRUITING,"People living with obesity have a higher risk of late-life cognitive decline and developing dementia. In women, the risk of cognitive decline may further raise during the menopausal transition, a period of substantial hormonal and metabolic changes.

Recent studies suggest that a healthy diet could help to prevent neurocognitive disorders by reducing inflammatory processes in the body and brain. Emerging evidence further indicates that the gut-brain axis and the intestinal microbiome play a crucial role in mediating this effect, through metabolic, immune, neuronal and vascular routes. Modifying the gut microbiota may thus counteract the heightened systemic inflammation seen in obesity and during menopausal transition to eventually benefit brain health.

Specifically, plant-based nutirents, such as fibre and polyphenols, have microbiome-changing, anti-inflammatory and neuroprotective properties that may slow brain aging and neuro-inflammation. However, evidence from human interventional studies and knowledge on the underlying mechanisms remain scarce.

This randomized controlled trial will therefore test whether altering gut bacteria through six months of daily intake of a personalized ""polybiotic"" dietary formula, compared to placebo, improves markers of brain health in women during the perimenopausal transition that are living with overweight or obesity. We plan to enroll 120 women aged 35-60 with overweight/obesity and elevated inflammatory blood markers, randomized to: intervention (7.5 or 15 g inulin, plus 200 mg resveratrol and 320 mg quercetin per day in powder form with main meals) or control (isocaloric maltodextrin). Exclusions include type 1 diabetes, current psychiatric/gastrointestinal disorders, and magentic resonance imaging (MRI) contraindications.

Before and after 26 weeks, participants will undergo brain MRI to assess inflammation-related brain markers, neuropsychological testing, anthropometric measurements, they will fill in a set of questionnaires and donate stool and blood. Gut bacteria will be profiled by next-generation sequencing; metabolites will be measured in blood and stool. The primary outcome is a proxy of neuroinflammation in the white matter assessed using diffusion-weighted MRI. Secondary analyses will examine blood-brain-barrier permeability and other functional and structural MRI measures, including MR spectoscropy. Mechanistic links among changes in inflammatory markers, microbiota composition, and short-chain fatty acids will be explored using path and network models.

This study may help to develop novel prevention and treatment strategies to mitigate obesity-related cognitive decline via the gut-brain axis.",NO,Overweight and/or Obesity|Perimenopausal Women,DIETARY_SUPPLEMENT: Polybiotic dietary intervention|DIETARY_SUPPLEMENT: Placebo,"Free water fraction averaged across the white matter skeleton, Free water (measured using multi-shell diffusion-weighted MRI at 3 Tesla) reflects extra-cellular water which can be considered an indicator of tissue edema and impaired blood brain barrier, 6 months","Average grey matter kw from motion-compensated diffusion-weighted arterial spin labeling (ASL), Water exchange rate over the blood-brain barrier will be measured using motion-compensated diffusion-weighted pseudo-continuous arterial-spin labeling (MCDW-ASL) or diffusion-prepared pCASL (DP-pCASL)., 6 months|Apparent diffusion coefficient of metabolites in the thalamus from diffusion-weighted MR spectoscropy, microglial activity will be quantified by measuring ADCCholine using diffusion-weighted magnetic resonance spectroscopy (dwMRS), 6 months|Hypothalamic and hippocampal microstructure, microstructure will be assessed by mean diffusivity (MD), 6 months|Episodic memory, California Verbal Learning Task, 6 months|Microbial Composition, Alpha/Beta diversity and abundance of specific bacteria (e.g. bifidobacteria) from microbiome shotgun sequencing, 6 months","soma signal fraction in thalamus and hippocampus derived from multi-shell diffusion-weighted MRI, assessed using multi-shell diffusion-weighted MRI at 3T, 6 months|Pattern separation, Dprime and accuracy, reaction time of Mnemonic Similarity Task (MST), 6 months|Executive function, Composite score of executive function tests derived from Trail Making Test, Attention Network Test, Stroop-Test, 6 months|pro-inflammatory marker high-sensitive C-reactive protein (hsCRP), hsCRP measured in fasting blood, 6 months|waist-to-hip ratio, WHR, ratio of waist circumeference to hip circumference (measured), 6 months|Adherence to healthy dietary pattern, A composite score based on self-reported information provided through diet protocol and food frequency questionnaire (FFQ), 6 months|Menopausal symptoms, severity of menopausal symptoms based on a questionnaire, 6 months|Assessment of health data, via wearables - smart devices finger ring and/or watch and glucose patch, 6 months (during 2 weeks at baseline, and follow-up, respectively)|Demographics, anamnesis, Age, sex/gender, medical history, reproductive history, medication, 6 months|Total energy expenditure measured using a metabolic chamber, Oxygen consumption and CO2 production measured in a metabolic chamber, determining 24-hour total energy expenditure (TEE), 6 months|body fat percentage, measured using bioelectrical impedance analysis (BIA), 6 months|Gastrointestinal hormones, area under the curve (pre- to postprandial) of glukagon-like peptide 1 (GLP-1), 6 months|Sex hormones, Follicle-stimulating hormon (FSH) measured in blood, 6 months",Max Planck Institute for Human Cognitive and Brain Sciences,,FEMALE,ADULT,NA,120,OTHER,INTERVENTIONAL,"Allocation: RANDOMIZED | Intervention Model: PARALLEL | Masking: TRIPLE (PARTICIPANT, INVESTIGATOR, OUTCOMES_ASSESSOR) | Primary Purpose: BASIC_SCIENCE",NRO-286,2026-03-19,2029-06-30,2030-12-31,2026-03-30,,2026-03-30,"Max Planck Institute for Human Cognitive and Brain Sciences, Leipzig, Saxony, 04103, Germany",
NCT05601180,"Evaluation of the Efficacy of Respicure® (Resveratrol / Quercetin) in the Management of Respiratory Conditions Including Asthma,COPD and Long COVID.",https://clinicaltrials.gov/study/NCT05601180,,COMPLETED,"Interventional, Prospective, National, Multicentre, Randomised, Open-label, Controlled Clinical Study Comparing Two Parallel Groups, One Control Arm (Standard Treatment) Versus Intervention Arm (Standard Treatment + Study Product) Evaluating the Efficacy of Respicure® 0.38% /0.38% (Resveratrol / Quercetin) Phytotherapy Product From BEKER Laboratories as an add-on Treatment in the Management of Respiratory Conditions Including Asthma (Partially Controlled),COPD (Stage A, B, C and D) and long COVID in Algerian Adult Patients .",NO,Asthma|Chronic Obstructive Pulmonary Disease|Long COVID,OTHER: Respicure®|OTHER: Standard of care,"Change of asthma symptoms in partially controlled patients ., The assessment of asthma management will be based on:

1\. Improvement in symptoms measured at baseline and during the follow-up period and results will be compared to those of the control group to determine asthma control using the following criteria:

* Daytime symptoms at most twice a week,
* No nocturnal awakenings,
* Need for rescue medication at most twice a week,
* No limitation of activities., Change from Baseline at 3 months|Change of COPD symptoms in patients with stage A, B, C or D., The assessment of reduction in symptoms will be be compared to those of the control group and will be based on reducing CAT scoring ""COPD assessment test"" to be less than 10., Change from Baseline at 3 months|Change of COPD symptoms in patients with stage A, B, C or D., The assessment of reduction in symptoms will be based on reducing mMRC scoring ""modified Medical Research Council"" where 0 being the best and 4 being the worst., Change from Baseline at 3 months.|Change of respiratory symptoms related to long COVID., The assessment of the respiratory symptoms linked to long COVID will be based on the reduction in dyspnea and cough by measuring m mMRC scoring ""modified Medical Research Council"" where 0 being the best and 4 being the worst., Change from Baseline at 3 months|Change of respiratory symptoms related to long COVID., The assessment of the respiratory symptoms linked to long COVID will be based on:

\- Improvement of Blood oxygen saturation., Change from Baseline at 3 months","Tolerance, Tolerance to Respicure®: assessment of the occurrence of serious/non-serious adverse events during the study period., 3 months|Morbidity for Asthma patients, Minimisation or absence of hospitalisation and Reduction of number of exacerbations, 3 months|Change of CAT scoring for Asthma patients, Improvement of CAT scoring (Asthma control test) more than 20., Change from Baseline at 3 months|Change of Respiratory function for Asthma patients, Evaluation of respiratory function by spirometry to detect Variation of PEF (Peak expiratory flow) compared to baseline (in %), Change from Baseline at 3 months|Change of Respiratory function for Asthma patients, Evaluation of respiratory function by spirometry to detect:

Improved FEV1/FVC ratio (Forced expiratory volume in one second/ Forced vital capacity) compared to baseline (in %), Change from Baseline at 3 months|Change of Respiratory function for Asthma patients, Evaluation of respiratory function by spirometry to detect a decreased FEV1 (Forced expiratory volume in one second) variability compared to baseline (in %), Change from Baseline at 3 months|Morbidity & Exacerbations for COPD patients, Minimisation or absence of hospitalisation and The prevention of future exacerbations ""time to onset of the 1st exacerbation in six (06) months"",, 6 months|Exacerbations for COPD patients, The prevention of future exacerbations ""time to onset of the 1st exacerbation in six (06) months"",, 6 months.|Change of Respiratory function for COPD patients, Evaluation of respiratory function by spirometry to detect variation of PEF (Peak expiratory flow) compared to baseline (in %), Change from Baseline at 3 months|Change of Respiratory function for COPD patients, Evaluation of respiratory function by spirometry to detect variation of FEV (Forced expiratory volume) compared to baseline (in %), Change from Baseline at 3 months|Morbidity for long COVID patients, Minimisation or absence of hospitalisation, 6 months.",,Beker Laboratories,,ALL,"ADULT, OLDER_ADULT",NA,402,INDUSTRY,INTERVENTIONAL,Allocation: RANDOMIZED | Intervention Model: PARALLEL | Masking: NONE | Primary Purpose: SUPPORTIVE_CARE,RESPIRE DZ,2022-10-27,2024-01-15,2024-01-15,2022-11-01,,2024-03-19,"CHU Beni Messous/Pneumologie A, Algiers, Algeria|CHU Beni Messous/Pneumologie B, Algiers, Algeria|CHU Annaba/Pneumo-phtisiologie, Annaba, Algeria|EPH Batna/Pneumo-phtisiologie, Batna City, Algeria|CHU Constantine/Pneumo-phtisiologie, Constantine, Algeria|EPH Laghouat/Pneumo-phtisiologie, Laghouat, Algeria|CHU Oran/Pneumo-phtisiologie B, Oran, Algeria|CHU Sidi Bel Abbes/Pneumo-phtisiologie, Sidi Bel Abbes, Algeria",
NCT02419092,Obstructive Sleep Apnea-induced Changes in Adipose and Liver Tissue and Effects of Massive Weight Loss on Inflammation,https://clinicaltrials.gov/study/NCT02419092,,COMPLETED,"UPDATED May 2016:

Originally the study design included investigation of the effects of the bioactive compound resveratrol compared to placebo tablets and to CPAP treatment. Due to fewer subjects having OSA than estimated by pre-study and, therefore, difficulties in the recruiting process the investigators have found it necessary to descale the study design. Hence, we have discontinued the resveratrol and CPAP intervention and will focus on the cross-sectional investigation of metabolic changes in subjects with and without OSA and the effect of weight loss after bariatric surgery on inflammation, OSA severity, metabolism and arterial stiffness.

Obstructive sleep apnea (OSA) is a common disorder especially among obese individuals and patients with type 2 diabetes. OSA is associated with an increased morbidity and mortality.

Continuous positive airway pressure (CPAP) is the standard treatment. Also weight loss is known to reduce the severity of OSA, especially bariatric surgery has proven effective because of the massive weight loss.

The investigators hypothesize that OSA via pro-inflammatory responses in various tissues causes low-grade inflammation which ultimately induce the associated co-morbidities. The investigators hypothesize that massive weight loss after bariatric surgery have beneficial effects on severity of OSA, inflammatory status and improves insulin sensitivity.",NO,Obesity|Obstructive Sleep Apnea,,"Metabolic changes in adipose and liver tissue induced by OSA. Obese subjects with OSA will be compared to obese subjects without OSA., Cross-sectional genetic and metabolic analysis of biopsies and blood samples obtained in relation to bariatric surgery on subjects with and without sleep apnea. In tissue samples gene-expression profile is measured using Affymetrix gene array and blood samples are used for metabolic profiling and inflammatory markers (hs-CRP, TNFalfa, IL-6, IL-8, adiponectin, leptin, MCP-1, FGF211, CD163), Biopsies and blood samples obtained in relation to bariatric surgery","Effect of bariatric surgery on adipose tissue inflammation and systemic inflammation., Changes in inflammation markers (hs-CRP, TNFalfa, IL-6, IL-8, adiponectin, leptin, MCP-1, FGF21, CD163) in blood and adipose tissue.

Changes in expression of mRNA of the relevant inflammatory pathways assessed by gene expression studies., Evaluated at time of bariatric surgery and at follow-up 6 months after bariatric surgery.|Effect of bariatric surgery on insulin sensitivity., Changes in insulin sensitivity assessed by HOMA-IR, fructosamine and correction in oral anti diabetic medication., Evaluated at time of bariatric surgery and at follow-up 6 months after bariatric surgery|Effect of bariatric surgery on the severity of OSA., Changes in AHI-score and Sleepiness Score (based on questionnaires)., Evaluated at baseline, 4 weeks post-bariatric surgery and 6 months post-bariatric surgery","Arterial stiffness assessed by office carotid-femoral pulse-wave, Changes in arterial stiffness assessed by office carotid-femoral pulse-wave velocity, Evaluated at baseline, end of intervention and 6 months post-bariatric surgery",University of Aarhus,,ALL,"ADULT, OLDER_ADULT",,27,OTHER,OBSERVATIONAL,Observational Model: CASE_CONTROL | Time Perspective: PROSPECTIVE,LIRMOI-5-OSA,2015-04,2017-09,2017-09-19,2015-04-17,,2017-10-17,"Aarhus University Hospital, Aarhus C, 8000, Denmark",
NCT01199549,Bioavailability Study of Different Dietary Antioxidants in Volunteers,https://clinicaltrials.gov/study/NCT01199549,,COMPLETED,"Cardiovascular disease (CVD) continues to rank high among the leading causes of morbidity and mortality in adults worldwide. While diet and increased physical activity constitute the primary preventive health approach, the role of plant-based bioactive compounds has attracted much attention due to their unique cardio-protective benefits. Several epidemiological studies suggest that dietary patterns characterized by relatively high intake of fruits and vegetables are significantly associated with reduced risks of coronary heart disease and stroke.

Dietary bioactive compounds are potent anti-oxidants and anti-inflammatory agents, thereby counteracting oxidative damage and inflammation, which underlie the pathogenesis of CVD.

However, this area is really lacking of a good set of chemistry, bioavailability and efficacy data that is vital for nutrition researchers and doctors to emphasize their role in the prevention and treatment of clinical outcomes at different stage of CVD, and dissemination of this information to the general public.

Cambridge Theranostics has focused its efforts on developing products that can prevent the damaging oxidation of lipoproteins that leads to heart attacks and stroke, and on understanding the cause of that damage.

Extensive literature shows that Lycopene, Resveratrol and Soy Isoflavones are key ingredients in diets that long been known to reduce the risk of heart attack and stroke. However, they are normally poorly absorbed (not 'bioavailable'). The investigators unique production process presents Lycopene, Soy Isoflavones and Resveratrol to the body in a form that it can easily absorb and use.

The aim of the current study is to perform and compare bioavailability and absorption of those three different dietary antioxidants and their combinations. The study is funded by Cambridge Theranostics and will be done on healthy volunteers of various ages with 30 people in each product group. It will be conducted on the primacies of Cambridge Theranostics in Babraham Research Campus. And managed by the team of experienced professionals employed by Cambridge Theranostics. The study will last about 12 months including recruitment process, screening process, periodical blood samples collection and examination and statistical analyses at the end.",NO,Cardiovascular Disease,,"AUCt - Area under the serum concentration-time curve from the first time point [t=0] to the time point of the last measured concentration [t(last)], 8 weeks|AUC∞ - Area under the serum concentration-time curve from the time point [t=0] to infinity [∞], 8 weeks|Cmax - Maximum serum concentration, 8 weeks","tmax - Time of maximum serum concentration, 8 weeks|t½ - Elimination half life|AUC(last)-∞ - Difference between AUC∞and AUCt expressed as percentage value|AUCt/AUC∞ - calculated as quotient of AUCt and AUC∞|f = Cmax/ AUCt (indication of rate of absorption)",,Cambridge Theranostics Ltd,,ALL,"ADULT, OLDER_ADULT",,90,INDUSTRY,OBSERVATIONAL,,DAO09C01,2009-09,2010-09,2010-09,2010-09-13,,2010-09-13,"Babraham Research Campus, Cambridge, Cambridgeshire, CB22 3AT, United Kingdom",
NCT01219244,Effects of Dietary Interventions on the Brain in Mild Cognitive Impairment (MCI),https://clinicaltrials.gov/study/NCT01219244,,COMPLETED,The study will investigate whether dietary modification could provide positive effects on brain functions in elderly people with mild cognitive impairment.,NO,Mild Cognitive Impairment,BEHAVIORAL: caloric restriction|BEHAVIORAL: omega-3 supplementation|BEHAVIORAL: resveratrol supplementation|BEHAVIORAL: Placebo|BEHAVIORAL: 2nd step: intervention + physical / cognitive training|BEHAVIORAL: 2nd step: intervention + control,"Alzheimer's Disease Assessment Scale - cognitive subscale, Prior to intervention and after 6 months of intervention","Functional/Structural brain changes, Prior to intervention and after 6 months of intervention|Plasma biomarkers, Prior to intervention and after 6 months of intervention",,"Charite University, Berlin, Germany",German Federal Ministry of Education and Research,ALL,"ADULT, OLDER_ADULT",PHASE2|PHASE3,330,OTHER,INTERVENTIONAL,"Allocation: RANDOMIZED | Intervention Model: PARALLEL | Masking: QUADRUPLE (PARTICIPANT, CARE_PROVIDER, INVESTIGATOR, OUTCOMES_ASSESSOR) | Primary Purpose: PREVENTION",nutrition_memory_01,2010-08,2016-07,2016-12,2010-10-13,,2017-07-28,"Department of Neurology, Charité Universitätsmedizin Berlin, Berlin, Germany",
NCT01720511,"Pilot Study of the Effect of Purple Rice on Glucose Tolerance, Serum Lipids and Inflammation",https://clinicaltrials.gov/study/NCT01720511,,COMPLETED,"This is a pilot study to demonstrate the effect of purple rice on post-prandial glucose and insulin. The purple color is due, like red wine grapes, mainly to the anthocyanins. The safety and tolerability of purple rice is similar to white or brown rice, but contains the purple elements common to other foods like grapes.",NO,Type 2 Diabetic,DIETARY_SUPPLEMENT: Purple Rice|DIETARY_SUPPLEMENT: Brown Rice,"Glucose Tolerance, Subjects will have an Intravenous line placed and fasting blood will be drawn. Subjects will then be given glucose to drink and blood will be drawn from an IV line for glucose and insulin., 10 weeks","Serum Lipids, Subjects will have an Intravenous line placed and fasting blood will be drawn for a chemistry-15 panel and High-sensitivity C-reaction Protein. Subjects will then be given 75 grams of glucose to drink and blood will be drawn from an IV line for glucose and insulin., 10 weeks|Inflammation measured by highly sensitive C-reative protein test, A high-sensitivity CRP (hs-CRP), that can be done in the lab using a blood test., 10 weeks",,Pennington Biomedical Research Center,,ALL,"ADULT, OLDER_ADULT",NA,10,OTHER,INTERVENTIONAL,Allocation: RANDOMIZED | Intervention Model: CROSSOVER | Masking: SINGLE (PARTICIPANT) | Primary Purpose: PREVENTION,PBRC 12002,2012-09,2015-10,2015-10,2012-11-02,,2015-12-18,"Pennington Biomedical Research Center, Baton Rouge, Louisiana, 70808, United States",
NCT06383442,HIIT on Overweight Middle-aged Adults,https://clinicaltrials.gov/study/NCT06383442,HIIT,COMPLETED,"36 middle-aged with overweight adults were divided into three groups: 1. L-HIIT group: the long-interval HIIT group (4 × 4 min Exercise/4 min Rest), 2. M-HIIT group: the medium-interval HIIT group (8 × 2 min Exercise/2 min Rest), 3. Control group: no exercise intervention. All groups carried out the training stage for 8 weeks (three sessions per week) and the detraining stage for 4 weeks in order to investigate the effects induced by different HIIT interventions on inflammation, metabolic adaptation, anti-fatigue and exercise performance, and fat loss.",NO,Overweight or Obesity,OTHER: L-HIIT|OTHER: M-HIIT,"Aerobic Capacity Test, a graded exercise test (GXT) was performed using a stationary bike ergometer (ergo\_bike Premium 8i, Flugplatzstr, Germany) to assess the subject's VO2peak, Primary Outcomes were measured before the intervention (at week 0), after eight weeks of HIIT intervention (at week 8), and after the following four weeks of detraining (at week 12).|Aerobic Capacity Test, All subjects wore polar heart rate belts (Polar Electro Oy, Kempele, Finland) to monitor maximum heart rate during aerobic capacity testing., Primary Outcomes were measured before the intervention (at week 0), after eight weeks of HIIT intervention (at week 8), and after the following four weeks of detraining (at week 12).|Anti-fatigue performance, After a standard warm-up, all subjects were assessed with the classical Wingate (WAnT) on a cycloergometer (Monark 894E, Varberg, Sweden) in a 30 s ""go all out"" ultramax test. The seat height was adjusted to the satisfaction of each participant, and toe clips prevented the feet from slipping off the pedals. Before the initial test, the subjects warmed up for 5 min, and the power was approximately 50 W. After the warm-up, two preparation exercises lasting 3 s, during which the actual test load was 3% of their own body weight, were applied to accustom the participant to resistance. The test started, and the resistance was set on the friction belt of the dynamometer. External loading was estimated individually at 5% body weight. The average relative mean power parameters were recorded., Primary Outcomes were measured before the intervention (at week 0), after eight weeks of HIIT intervention (at week 8), and after the following four weeks of detraining (at week 12).|skinfold thickness, The sum of skinfold thickness at seven sites (triceps, chest, subscapular muscle, upper ilium, abdomen, front thigh, and leg) was measured by using a skinfold caliper (Beta Technology, Santa Cruz, California, USA)., Primary Outcomes were measured before the intervention (at week 0), after eight weeks of HIIT intervention (at week 8), and after the following four weeks of detraining (at week 12).|Body composition_body fat, The multi-frequency principle was applied to measure body composition by using a bioelectrical impedance analyzer (BIA) on an InBody 570 device (In-body, Seoul, South Korea). To perform the measurements, after the subjects' palms and soles were removed from the sensors, the subjects stood on the footing electrodes and held the sensing handles with two hands. During the measurements, the subjects kept their arms open and left their bodies at an angle of 30° without speaking or moving. The subjects also fasted for at least 8 h before the test. The body fat were meansure, Primary Outcomes were measured before the intervention (at week 0), after eight weeks of HIIT intervention (at week 8), and after the following four weeks of detraining (at week 12).","Glucose, Safety is assessed function of Glucose (70\~100 mg/dL), were measured before the intervention (at week 0), after eight weeks of HIIT intervention (at week 8), and after the following four weeks of detraining (at week 12).|Triglycerides, Safety is assessed function of blood lipid such as Triglycerides (\<150 mg/dL), were measured before the intervention (at week 0), after eight weeks of HIIT intervention (at week 8), and after the following four weeks of detraining (at week 12).|low-density lipoprotein (LDL), Safety is assessed function of blood lipid such as LDL (0\~140mg/dl), were measured before the intervention (at week 0), after eight weeks of HIIT intervention (at week 8), and after the following four weeks of detraining (at week 12).|high-density lipoprotein (HDL), Safety is assessed function of blood lipid such as LDL (0\~140mg/dl), were measured before the intervention (at week 0), after eight weeks of HIIT intervention (at week 8), and after the following four weeks of detraining (at week 12).|creatine kinase (CK) level, At designated time points in the recovery period, blood samples were collected with brachial venous catheters. Assess serum CK(Creatine Kinase, U/L) to monitor physiological fitness. Serum CK (U/L), were assessed for monitoring physiological adaptation. All biochemical indices were assessed using an autoanalyzer (Hitachi 7060, Tokyo, Japan)., were measured before the intervention (at week 0), after eight weeks of HIIT intervention (at week 8), and after the following four weeks of detraining (at week 12).|C-reactive protein (CRP), At designated time points in the recovery period, blood samples were collected with brachial venous catheters. Used commercial kit human CRP (Cayman, Mich, USA) and Elisa reader (PerkinElmer, Massachusetts, USA) for analysis, were measured before the intervention (at week 0), after eight weeks of HIIT intervention (at week 8), and after the following four weeks of detraining (at week 12).|tumor necrosis factor (TNF)-R1, At designated time points in the recovery period, blood samples were collected with brachial venous catheters. Used commercial kit human TNF-R1 (R \& D SYSTEMS, MN USA) and Elisa reader (PerkinElmer, Massachusetts, USA) for analysis, were measured before the intervention (at week 0), after eight weeks of HIIT intervention (at week 8), and after the following four weeks of detraining (at week 12).|TNF-R2, At designated time points in the recovery period, blood samples were collected with brachial venous catheters. Used commercial kit human TNF-R1 (R \& D SYSTEMS, MN USA) and Elisa reader (PerkinElmer, Massachusetts, USA) for analysis, were measured before the intervention (at week 0), after eight weeks of HIIT intervention (at week 8), and after the following four weeks of detraining (at week 12).",,Taipei Medical University,,ALL,"ADULT, OLDER_ADULT",NA,36,OTHER,INTERVENTIONAL,Allocation: RANDOMIZED | Intervention Model: PARALLEL | Masking: NONE | Primary Purpose: OTHER,N202103041,2021-05-25,2023-07-31,2023-11-22,2024-04-25,,2024-04-25,"Taipei Medical University, Taipei, 110, Taiwan",
NCT04756310,Study of Nutritional Supplementation in Patients With Unilateral Wet AMD,https://clinicaltrials.gov/study/NCT04756310,,COMPLETED,"Retinal diseases are currently the leading cause of legal blindness in the developed world. Among these disorders, age-related macular degeneration (AMD) is one of the most prevalent conditions in individuals over 55 years of age. Late AMD, the most severe presentation of the disease, clinically manifests as either geographic atrophy (dry form) or choroidal neovascularization (CNV) (wet form). Although patients with wet AMD only represent 10% of the total cases, CNV is the main and most serious cause of central vision loss. At present, the treatment of wet AMD comprises intraocular injections of certain antiangiogenic agents which act by blocking VEGF (vascular endothelial growth factor). No effective treatment is yet available for dry AMD, though the AREDS (Age-Related Eye Disease Study) has shown that the administration of antioxidant supplements is able to slow progression of the disease. Such vitamin supplements are also indicated in patients who already have severe AMD (both exudative and atrophic) in one eye, since the risk of progression in these cases is high.

Recent studies involving new antioxidant and antiangiogenic molecules such as resveratrol, present in grapes and wine, have also revealed great efficacy in slowing the progression of advanced AMD. Hydroxytyrosol is another polyphenol with important antioxidant and antiinflammatory effects in the RPE.

Considering the above, the present randomized, multicenter interventional study involving Spanish and Portuguese patients with unilateral wet AMD was designed to compare the effects of two different nutritional supplements: one containing the antioxidants and minerals recommended by the AREDS at doses that can be used in the European Union (Theavit), and the other comprising these same substances plus omega-3 fatty acids (lipidic antioxidant), lutein (pigment protecting against light-induced damage) and resveratrol (antioxidant and antiangiogenic agent) (Retilut).",NO,Wet Macular Degeneration,DIETARY_SUPPLEMENT: Retilut|DIETARY_SUPPLEMENT: Theavit,"Best correct visual acuity (BCVA), Variation in BCVA in the studied eye., Comparison will be made of best visual acuity recorded in Month 12 versus that recorded on the baseline visit (Day 0).|Best correct visual acuity (BCVA), Variation in BCVA in the studied eye., Comparison will be made of best visual acuity recorded in Month 24 versus that recorded on the baseline visit (Day 0).","Inflammatory markers, VEGF-A, IL-1 beta, IL-6, IL-8, Eotaxin-2 (CCL24), HGF, PDGF, MCP-1, TNF-alfa and FGF., Determination will be made of the mean values obtained on visits Month 12 with respect to the recorded baseline values on visit Day 0|Lipid blood profile, Biochemical blood profile: Omega-3 lipid profile, Determination will be made of the mean values obtained on visits Month 12 with respect to the recorded baseline values on visit Day 0|Lipid blood profile, Biochemical blood profile: Omega-3 lipid profile, Determination will be made of the mean values obtained on visits Month 24 with respect to the recorded baseline values on visit Day 0|Carotenoid profile, Biochemical blood profile: lutein and zeaxantine values, Determination will be made of the mean values obtained on visits Month 12 with respect to the recorded baseline values on visit Day 0|Carotenoid profile, Biochemical blood profile: lutein and zeaxantine values, Determination will be made of the mean values obtained on visits Month 24 with respect to the recorded baseline values on visit Day 0|Adverse Events, Determination and classification of simple and serious adverse events related or not to the study treatment and which appear in the contralateral eye., The percentage of these events will be the cumulative value on visits Month 6 in the study treatment group versus the control group.|Adverse Events, Determination and classification of simple and serious adverse events related or not to the study treatment and which appear in the contralateral eye., The percentage of these events will be the cumulative value on visits Month 12 in the study treatment group versus the control group.",,"Laboratorios Thea, Spain",Alpha Bioresearch S.L.|Investigación Estadística,ALL,"ADULT, OLDER_ADULT",NA,109,INDUSTRY,INTERVENTIONAL,Allocation: RANDOMIZED | Intervention Model: PARALLEL | Masking: SINGLE (INVESTIGATOR) | Primary Purpose: TREATMENT,THEA_UNAV_1/14,2014-11,2018-04,2018-04,2021-02-16,,2021-02-16,"AIBILI, Celas, Coimbra District, 3000-548, Portugal|Instituto de Retina e Diabetes Ocular de Lisboa (IRL), Lisbon, 1050-085, Portugal|Complexo Hospitalario Universitario de Santiago, Santiago de Compostela, A Coruña, 15706, Spain|Miguel Servet University Hospital, Zaragoza, Aragon, 50009, Spain|Hospital Dos de Maig, Barcelona, Catalonia, 08025, Spain|Clinica Universidad de Navarra, Pamplona, Navarre, 31008, Spain|Hospital Universitario Vall d´Hebrón, Barcelona, 08035, Spain|Hospital Universitario de Salamanca, Salamanca, 37007, Spain|Hospital Policlínico Universitario La Fe, Valencia, 46026, Spain",
NCT05306002,Nutritional Intervention and DNA Damage of Patients With HBOC,https://clinicaltrials.gov/study/NCT05306002,,COMPLETED,"Breast and Ovarian Cancer Syndrome (HBOC) is characterized by mutations in tumor suppressor genes such as BRCA1 and BRCA2, which increase the carrier's risk of developing breast and ovarian cancer, especially before 40. In this pathology the DNA damage is increased because there is a state of chronic inflammation, plus the antineoplastic treatments and changes in body composition result in oxidative stress. The inductions of epigenetic changes by a nutritional intervention with an specific distribution of macronutrients, micronutrients and polyphenols, not only ensures an optimal nutritional status, but also shows a decrease in oxidative stress, and therefore in DNA damage. The aim of this study is to assess if the DNA damage in patients with HBOC decreases after the nutritional intervention.",NO,HBOC Syndrome|DNA Damage|Nutrition Therapy,COMBINATION_PRODUCT: Antioxidant therapy,"DNA damage change, A blood sample will be taken to assess DNA damage (ELISA) by 8-hydroxy-2-deoxyguanosine (8-OHdG), a modified nitrogen base indicating oxidative damage to DNA, before and after nutritional intervention., 12 weeks","Body composition change, A bioelectrical impedance analysis will be used to assess the body composition through the reactance and resistance values (both measured in Ohm), before and after nutritional intervention., 12 weeks|Muscular strength change, A hand grip dynamometer will be used to assess the muscular strength in kg, both before and after the nutritional intervention., 12 weeks|Dietary change: Energy, A 24-hour recalls will be performed to evaluate amount of energy (measured in kilocalories), before and after the nutritional intervention., 12 weeks|Dietary change: Macronutrients, A 24-hour recalls will be performed to evaluate amount of carbohydrate, protein and fat (all measured in percentage and grams), before and after the nutritional intervention., 12 weeks|Dietary change: Micronutrients, A 24-hour recalls will be performed to evaluate amount of vitamin E, calcium, zinc and magnesium (all measured in milligrams), before and after the nutritional intervention.

A 24-hour recalls will be performed to evaluate amount of folate, vitamin A and D, selenium, lycopene, and flavones (all measured in micrograms), before and after the nutritional intervention., 12 weeks",,Instituto de Seguridad y Servicios Sociales de los Trabajadores del Estado,,FEMALE,"ADULT, OLDER_ADULT",NA,34,OTHER_GOV,INTERVENTIONAL,Allocation: NA | Intervention Model: SINGLE_GROUP | Masking: NONE | Primary Purpose: TREATMENT,ONCONOV001,2017-11-28,2020-03-22,2022-12-31,2022-03-31,,2024-03-05,"María Fernanda Díaz Yáñez, Mexico City, Benito Juárez, 03420, Mexico",
NCT01832584,Effect of Red Grape Cells (RGC) Powder Consumption on Measures of Aerobic Fitness and Mood,https://clinicaltrials.gov/study/NCT01832584,,COMPLETED,"This is a 3-arm double blind placebo controlled study to investigate the effect of Red Grape Cell (RGC) powder containing all the matrix of polyphenols that can be found in red grapes. polyphenols have several beneficial effects on various body systems, are present in many edible foods, and are considered safe for human consumption by regulatory authorities. Animal and human studies suggest a potential for polyphenol-rich compounds in enhancing mitochondrial activity and exercise capacity. However, the effect of RGC on exercise performance in humans had not yet been tested. A special population where increasing performance is highly sought are competitive athletes. The aim of the current study is to investigate the effect of RGC on measures of aerobic fitness, body composition and mood in trained male cyclists",NO,Healthy,DIETARY_SUPPLEMENT: RGC|DIETARY_SUPPLEMENT: Placebo,"changes in aerobic fitness, baseline and 6 weeks","Changes in Body Mass Index (BMI), baseline and 6 weeks|Changes in mood, baseline and 6 weeks|Changes in body weight, baseline and 6 weeks|Changes in body composition, changes in body fat percentage, baseline and 6 weeks","Number of adverse events, 6 weeks",Fruitura Bioscience Ltd.,,MALE,"ADULT, OLDER_ADULT",NA,45,INDUSTRY,INTERVENTIONAL,"Allocation: RANDOMIZED | Intervention Model: PARALLEL | Masking: DOUBLE (PARTICIPANT, INVESTIGATOR)",RGC-04,2013-04,2013-09,2013-09,2013-04-16,,2014-07-15,"Sheba Medical Center, Tel Litwinsky, 52621, Israel",
NCT06711263,Role of Herbal Based Mouthwashes in Plaque Control,https://clinicaltrials.gov/study/NCT06711263,mouthwash,NOT_YET_RECRUITING,Herbal medicine has been used for thousands of years. Traditional herbal medicine is used by an estimated 80% of the world's population for primary health care. Herbal treatments have gained popularity as a dietary supplement for illness prevention and as an alternative/complementary therapy in recent years. Herbal remedies come in a wide variety of forms and can be found on the market all over the world.,NO,Plaque Induced Gingival Disease,OTHER: Mouthwash Product,"plaque score, To assess the plaque score, From Baseline-pre-intervention to the end of treatment at 4 weeks","gingival bleeding score, To assess gingival bledding score, from pre-intervention to the end of the treatment at 4 weeks",,Ajman University,,ALL,ADULT,NA,80,OTHER,INTERVENTIONAL,Allocation: RANDOMIZED | Intervention Model: PARALLEL | Masking: SINGLE (PARTICIPANT) | Primary Purpose: SCREENING,Ajman Herbal mouthwash 2425,2024-12-20,2025-02-20,2025-03-20,2024-12-02,,2024-12-02,,
NCT01489319,Evaluation of Oral Lipid Ingestion in Relation to Ovarian Androgen Secretion in Polycystic Ovary Syndrome (PCOS),https://clinicaltrials.gov/study/NCT01489319,ELI-ROAS,TERMINATED,"The purpose of this study is to determine the relationship between lipid-induced inflammation and ovarian androgen secretion in women with polycystic ovary syndrome (PCOS); and to examine the effect of salsalate and polygonum cuspidatum extract (PCE) containing resveratrol on lipid-induced inflammation, ovarian androgen secretion, body composition and ovulation in a subset of normal weight women with PCOS.",NO,Polycystic Ovary Syndrome,DRUG: Salsalate|DRUG: Salsalate,"White blood cell nuclear factor kappa B (NFkappaB) activation in response to oral lipid ingestion and ovarian androgen secretion in response to human chorionic gonadotropin (HCG) stimulation., This outcome along with insulin sensitivity derived from an oral glucose tolerance test (OGTT) and body composition measured by dual energy absorptiometry (DEXA) will be assessed in all study subjects (PCOS and controls)., 3 years","White blood cell NFkappaB activation following oral lipid ingestion in response to 12 weeks of salsalate or PCE administration., This outcome will be assessed in a subset of normal weight women with PCOS who have either normal (n=4) or increased (n=4) abdominal adiposity., 3 years|Ovarian androgen secretion following HCG administration in response to 12 weeks of salsalate or PCE administration., This outcome will be assessed in a subset of normal weight women with PCOS who have either normal (n=4) or increased (n=4) abdominal adiposity., 3 years|Body composition status measured by DEXA in response to 12 weeks of salsalate or PCE administration., This outcome will be assessed in a subset of normal weight women with PCOS who have either normal (n=4) or increased (n=4) abdominal adiposity., 3 years|Insulin sensitivity derived from an OGTT in response to 12 weeks of salsalate or PCE administration., This outcome will be assessed in a subset of normal weight women with PCOS who have either normal (n=4) or increased (n=4) abdominal adiposity., 3 years|Ovulation rates documented by serum progesterone in response to 12 weeks of salsalate or PCE administration, This outcome will be assessed in a subset of normal weight women with PCOS who have either normal (n=4) or increased (n=4) abdominal adiposity., 3 years",,Indiana University,,FEMALE,ADULT,PHASE1,47,OTHER,INTERVENTIONAL,Allocation: NON_RANDOMIZED | Intervention Model: PARALLEL | Masking: NONE | Primary Purpose: BASIC_SCIENCE,IU-PCOS-0112,2012-02,2015-06,2015-06,2011-12-09,,2017-02-10,"Indiana University Hospital, Indianapolis, Indiana, 46202, United States",
NCT06763809,A Randomized Placebo-Controlled Study to Evaluate the Effects of a Gummy and Capsule Supplement on Symptoms of Premenstrual Syndrome,https://clinicaltrials.gov/study/NCT06763809,,COMPLETED,"This virtual, randomized, placebo-controlled clinical trial evaluates the effectiveness of a PMS capsule and PMS gummy in alleviating premenstrual syndrome symptoms over 12 weeks. Participants will be divided into four groups, receiving either the PMS capsule, capsule placebo, PMS gummy, or gummy placebo. Efficacy will be assessed using validated questionnaires.",NO,PMS|Menstrual Cramp|Mood Change,DIETARY_SUPPLEMENT: PMS Capsule|DIETARY_SUPPLEMENT: Capsule Placebo|DIETARY_SUPPLEMENT: PMS Gummy|DIETARY_SUPPLEMENT: Gummy Placebo,"Change in Premenstrual Syndrome (PMS) Symptom Severity, Evaluate the effectiveness of the PMS capsule and gummy in alleviating symptoms associated with PMS, using the validated Menstrual Symptom Questionnaire (MSQ). The MSQ assesses 24 symptoms with scores ranging from 1 (never) to 5 (always), where a higher score indicates greater symptom severity., From baseline to Day 5 of Cycle 2 (approximately 8 weeks after baseline)","Participant Perception of PMS Symptom Relief, Assess participants' subjective perception of symptom relief provided by the PMS capsule and gummy, using a custom survey with questions related to satisfaction, effectiveness, and tolerability., From baseline to Day 5 of Cycle 2 (approximately 8 weeks after baseline)",,Semaine Health,Citruslabs,FEMALE,"ADULT, OLDER_ADULT",NA,176,INDUSTRY,INTERVENTIONAL,"Allocation: RANDOMIZED | Intervention Model: PARALLEL | Masking: TRIPLE (PARTICIPANT, INVESTIGATOR, OUTCOMES_ASSESSOR) | Primary Purpose: TREATMENT",20670,2024-09-04,2024-12-12,2024-12-12,2025-01-08,,2025-01-08,"Citruslabs, Las Vegas, Nevada, 89118, United States",
NCT05736224,Assessing a Natural Product Plus Bioadhesive Nanoparticle (BNP) Sunscreen,https://clinicaltrials.gov/study/NCT05736224,,COMPLETED,"The primary objective of this study is to evaluate the effects of a novel sunscreen formulation by assessing the extent of ultraviolet radiation (UVR)-induced direct and indirect cellular and DNA damage to human skin, in the presence vs absence of the sunscreen, in a population of healthy adults with fair skin (Fitzpatrick Scale type I, II or III).",YES,Skin Cancer,DRUG: Sunscreen|OTHER: UV Light,"DNA Damage Level by Cyclobutane Pyrimidine Dimer (CPD) Measurement, Ultraviolet radiation (UVR) exposure are indicative of direct DNA damage. DNA will be prepared and assayed by ELISA for quantification of CPDs. CPDs measured in samples obtained immediately after UVR exposure are indicative of direct DNA damage. DNA from skin biopsies was used to quantify the level of DNA damage, represented by CPD levels detected by enzyme-linked immunosorbent assay (ELISA), 5 minutes after UVR exposure|DNA Damage Level by Cyclobutane Pyrimidine Dimer (CPD) Measurement, Ultraviolet radiation (UVR) exposure are indicative of direct DNA damage. DNA will be prepared and assayed by ELISA for quantification of CPDs. CPDs measured in samples obtained immediately after UVR exposure are indicative of direct DNA damage. DNA from skin biopsies was used to quantify the level of DNA damage, represented by CPD levels detected by enzyme-linked immunosorbent assay (ELISA), 4 hours after UVR exposure|Detectable DNA Strand Breaks, Formalin fixed paraffin embedded skin stained with anti-gH2AX to identify keratinocytes with DNA strand breaks. Indirect, oxidative DNA damage may result in DNA strand breaks that can be visualized by microscopic analysis after staining for gH2AX, which builds up within cells with DNA strand break., 5 minutes after UVR exposure|Number of DNA Strand Breaks, Formalin fixed paraffin embedded skin stained with anti-gH2AX to identify keratinocytes with DNA strand breaks. Indirect, oxidative DNA damage may result in DNA strand breaks that can be visualized by microscopic analysis after staining for gH2AX, which builds up within cells with DNA strand break., 4 hours after UVR exposure|Cellular Damage, Formalin fixed paraffin embedded skin stained with anti-3-nitrotyrosine to identify cellular damage. ROS and high energy triplet state species can result in nitration of tyrosine residues of cellular proteins. This type of damage can be visualized by microscopic visualization of 3-nitrotyrosine., 5 minutes after UVR exposure|Cellular Damage, Formalin fixed paraffin embedded skin stained with anti-3-nitrotyrosine to identify cellular damage. ROS and high energy triplet state species can result in nitration of tyrosine residues of cellular proteins. This type of damage can be visualized by microscopic visualization of 3-nitrotyrosine., 4 hours after UVR exposure",,,Yale University,National Cancer Institute (NCI),ALL,"ADULT, OLDER_ADULT",PHASE1,30,OTHER,INTERVENTIONAL,Allocation: NON_RANDOMIZED | Intervention Model: PARALLEL | Masking: SINGLE (OUTCOMES_ASSESSOR) | Primary Purpose: PREVENTION,2000033876|2P50CA121974-11A1,2023-05-15,2023-09-01,2023-09-01,2023-02-21,2024-11-27,2024-11-27,"Yale School of Medicine, New Haven, Connecticut, 06511, United States","Study Protocol and Statistical Analysis Plan, https://cdn.clinicaltrials.gov/large-docs/24/NCT05736224/Prot_SAP_001.pdf|Informed Consent Form, https://cdn.clinicaltrials.gov/large-docs/24/NCT05736224/ICF_000.pdf"
NCT01752868,Can Fish Oil and Phytochemical Supplements Mimic Anti-Aging Effects of Calorie Restriction?,https://clinicaltrials.gov/study/NCT01752868,,COMPLETED,The purpose of this study is to determine if a combination of 10 nutritional supplements provide health benefits that are consistent with protection against age-related disease. All supplements have been shown in previous studies to have health benefits when administered alone. The hypothesis is that 6 months of taking 10 nutritional supplements each day will provide beneficial changes in healthy related measures.,NO,Healthy Volunteers,DIETARY_SUPPLEMENT: Supplement,"Carotid-femoral pulse wave velocity, Baseline and 6 months",,,Washington University School of Medicine,Barnes-Jewish Hospital,ALL,ADULT,NA,56,OTHER,INTERVENTIONAL,Allocation: RANDOMIZED | Intervention Model: PARALLEL | Masking: NONE | Primary Purpose: PREVENTION,BJH 6936-33,2011-05,2012-08,2012-08,2012-12-19,,2012-12-19,"Washington University Medical Center, St Louis, Missouri, 63110, United States",
NCT01717820,"Effect of Whole-grape Powder on Body Composition, Fat and Bone Serum Biomarkers in Postmenopausal Women",https://clinicaltrials.gov/study/NCT01717820,,COMPLETED,The purpose of the study is to provide whole-grape powder or a placebo as a supplement to postmenopausal women for 12 weeks to determine the effects on body composition and bone formation.It is hypothesized that 12 weeks of supplementation with whole-grape powder will decrease body fat via resveratrol's positive effects on metabolism and negative effects on fat cells.,NO,Obesity,DIETARY_SUPPLEMENT: Freeze-dried whole-grape powder,"Effect of freeze-dried whole-grape powder on body composition in postmenopausal women, Body composition measurements will be taken to assess the participant's percentage of fat and lean tissue. Height and weight of participants will be measured with a stadiometer and a calibrated electronic scale. In addition, waist circumference will be measured. The waist-to-hip ratio at the minimal waist and maximal hip locations will be measured with a steel measuring tape. Height (m) and weight (kg) will be used to measure the participant's body mass index. Participants will undergo a dual energy X-ray absorptiometry (DXA) scan. Total bone mineral density, percentages of fat and lean body mass and regional values of the android or gynoid regions will be measured., 12 weeks","Effect of freeze-dried whole-grape powder on biomarkers of inflammation, adipose metabolism, and bone formation in post menopausal women., Freeze-dried whole-grape powder may improve body composition by increasing antioxidant capacity, resulting in decreased inflammatory eicosanoids derived from linoleic acid (ω-6), essential fatty acids (EFA) by cyclooxygenase-2 (Cox-2), and 5-lipoxygenase (5-Lox) enzymes such as prostaglandin E2 (PGE2) and leukotriene B4 (LTB4); PGE2 and LTB4 inhibit adipose tissue activity, indicated by reduction in fat using DXA, and markers of fat tissue metabolism such as serum leptin and serum adiponectin. In addition, it is hypothesized that freeze-dried whole-grape powder may reduce markers of bone resorption such as cross-linked N-teleopeptide of type I collagen (NTX) and increase bone formation markers such as bone-specific alkaline phosphatase (ALP), osteocalcin (OC), and insulin-like growth factor 1(IGF-1)., 12 weeks|Effect of freeze-dried whole-grape powder on bone resorption in postmenopausal women, Freeze-dried whole-grape powder may reduce markers of bone resorption such as cross-linked N-teleopeptide of type I collagen (NTX) and increase bone formation markers such as bone-specific alkaline phosphatase (ALP), osteocalcin (OC), and insulin-like growth factor 1(IGF-1)., 12 weeks",,Texas Woman's University,The California Table grape Commission,FEMALE,ADULT,NA,40,OTHER,INTERVENTIONAL,"Allocation: NA | Intervention Model: SINGLE_GROUP | Masking: DOUBLE (PARTICIPANT, INVESTIGATOR) | Primary Purpose: BASIC_SCIENCE",16850,2012-04,2012-08,2012-09,2012-10-31,,2012-10-31,"Institute for Women's Health, Texas Woman's University, Denton, Texas, 76204-5876, United States",
NCT07579429,Research On Nicotinamide Riboside Supplement Support in MDS (ROSS Trial),https://clinicaltrials.gov/study/NCT07579429,ROSS,RECRUITING,"This is an open-label, phase 2 study for lower risk MDS and high risk CCUS patients who are transfusion independent. There will be two cohorts enrolled at the same time to measure the effect of nicotinamide riboside and pterostilbene at different doses. The primary goals of the study are:

* to assess if study drug improves cytopenias in patients
* to determine safety of the study drug in patients",NO,Clonal Cytopenia of Undetermined Significance|Myelodysplastic Syndrome,DRUG: Nicotinamide Riboside|DRUG: Pterostilbene,"Preliminary Efficacy: Cytopenia Improvement, To assess efficacy of nicotinamide riboside and pterostilbene supplementation by assessing whether it increased hemoglobin by 1g/dL in 24 weeks., 24 weeks","Safety Information Collection, To determine the safety of nicotinamide riboside and pterostilbene in patients with CCUS and MDS via AE and SAE collection throughout study. Frequency and proportion of specific AEs will be calculated for the entire cohort, as well as for each individual dosing cohort., From enrollment to 30 days after last dose of study drug, approximately 390 days.|Additional Efficacy Outcomes - Platelet and Neutrophil Response, -To assess platelet response and neutrophil response. Platelet response will be defined as an increase of at least 30 x 109/L or an increase from \< 20 x 109/L to \> 20 x 109/L. Neutrophil response will be defined as an increase of at least 100% and an absolute increase of at least 0.5 x 109/L., From start of study drug to end of treatment, approximately 360 days.|Additional Efficacy Outcomes - Decrease in Variant Allele Frequency, -To assess decrease in variant allele frequency by 50%. Secondary end points will include decrease in variant allele frequency by 50%, and platelet and neutrophil response., From start of study drug to end of treatment, approximately 360 days.","Patient Survival, Exploratory efficacy endpoints will include survival. For MDS subjects, progression free survival will be defined as time from MDS diagnosis to progression to AML or death from any cause. Progression free survival for CCUS will be defined as time from CCUS diagnosis to progression to MDS, AML or death from any cause., From enrollment to end of study, approximately 390 days.","University of Colorado, Denver",Cancer League of Colorado,ALL,"ADULT, OLDER_ADULT",PHASE2,10,OTHER,INTERVENTIONAL,Allocation: NON_RANDOMIZED | Intervention Model: PARALLEL | Masking: NONE | Primary Purpose: TREATMENT,25-1665.cc,2026-05-20,2029-12-18,2030-12-18,2026-05-12,,2026-06-03,"University of Colorado Hospital, Aurora, Colorado, 80045, United States",
NCT04723849,Efficacy Evaluation of a Mixed Compound of Antioxidants in Terms of Endothelium Damage/Function in Pediatric Subjects With Obesity.,https://clinicaltrials.gov/study/NCT04723849,OBELIX,COMPLETED,"The aim of our study was to test the effects on endothelium of a combination of curcumin, resveratrol, plus zinc, magnesium, selenium and Vitamin D in a cohort of pediatric subjects with obesity.",NO,Childhood Obesity,"DIETARY_SUPPLEMENT: Auxilie® Immuplus, Envicon Medical, Verona, Italy","To test the effects on endothelium of a combination of curcumin, resveratrol, plus zinc, magnesium, selenium and Vitamin D in a cohort of pediatric subjects with obesity., Endothelial function was assessed using a ""post occlusive release hyperemic test"". (PORH). Unit of measure: arbitrary perfusion units (PU), 6 months","To test the effects on endothelium of a combination of curcumin, resveratrol, plus zinc, magnesium, selenium and Vitamin D in a cohort of pediatric subjects with obesity., Endothelial function was assessed using ""heat provocation test"" (HPT). Unit of measure: arbitrary perfusion units (PU), 6 months","To test the effects on endothelium and body composition of a combination of curcumin, resveratrol, plus zinc, magnesium, selenium and Vitamin D in a cohort of pediatric subjects with obesity., Height (cm), Weight (kg) used to calculate BMI (Kg/m2), 6 months",Universita di Verona,,ALL,CHILD,NA,48,OTHER,INTERVENTIONAL,"Allocation: RANDOMIZED | Intervention Model: PARALLEL | Masking: QUADRUPLE (PARTICIPANT, CARE_PROVIDER, INVESTIGATOR, OUTCOMES_ASSESSOR) | Primary Purpose: SUPPORTIVE_CARE",5384,2019-02-01,2020-03-31,2020-07-31,2021-01-26,,2021-01-26,"University of Verona, Verona, Italy",
NCT04661267,Randomized Trial of Regenexx Stem Cell Support Formula,https://clinicaltrials.gov/study/NCT04661267,,COMPLETED,"Regenexx, LLC developed a nutritional supplement formula containing many components related to supporting healthy joints This oral, liquid supplement is intended to help improve joint and cartilage health while also increasing their joint function. The goal of this study is to measure changes in joint health and function for patients with knee OA taking this supplement for 2 months.",NO,Knee Osteoarthritis,DIETARY_SUPPLEMENT: Stem Cell Support Formula|DIETARY_SUPPLEMENT: Placebo,"Lower Extremity Function Scale (LEFS) change from baseline, The difference between groups of the within patient mean change from baseline to 2 months., Change from baseline to 2 months|Minimal Clinically Important Difference (MCID) for LEFS, Percentage of patients meeting the MCID for LEFS at 2 months, 2 months","Lower Extremity Function Scale (LEFS) change from baseline, The difference between groups of the within patient mean change from baseline to 1 month., Change from baseline to 1 month|International Knee Documentation Committee (IKDC) Subjective Knee Evaluation change from baseline, The difference between groups of the within patient mean change from baseline to 2 months, Change from baseline to 2 months|International Knee Documentation Committee (IKDC) Subjective Knee Evaluation change from baseline, The difference between groups of the within patient mean change from baseline to 1 months, Change from baseline to 1 months|Minimal Clinically Important Difference (MCID) for IKDC, Percentage of patients meeting the MCID for IKDC at 2 months, 2 months|Numeric Pain Score (NPS) change from baseline, The difference between groups of the within patient mean change from baseline to 1 month., Change from baseline to 1 months|Numeric Pain Score (NPS) change from baseline, The difference between groups of the within patient mean change from baseline to 2 months., Change from baseline to 2 months|Minimal Clinically Important Difference (MCID) for NPS, Percentage of patients meeting the MCID for NPS at 2 months, 2 months|Single Assessment Numeric Evaluation (SANE)-modified, The difference between groups for mean improvement scores at 1 month, 1 month|Single Assessment Numeric Evaluation (SANE)-modified, The difference between groups for mean improvement scores at 2 months, 2 months|Adverse events, Any complication or adverse event reported, Thru 2 months|Additional medications or treatments, Any additional treatments or medications, Thru 2 months",,"Regenexx, LLC",,ALL,"ADULT, OLDER_ADULT",NA,80,INDUSTRY,INTERVENTIONAL,"Allocation: RANDOMIZED | Intervention Model: PARALLEL | Masking: DOUBLE (PARTICIPANT, CARE_PROVIDER) | Primary Purpose: SUPPORTIVE_CARE",RGX2020-RCT02,2021-02-03,2022-10-31,2022-10-31,2020-12-10,,2022-12-28,"Centeno-Schultz Clinic, Broomfield, Colorado, 80021, United States|Centeno-Schultz Clinic, Lone Tree, Colorado, 80124, United States",
NCT05896878,The Effects of Daily Anti-inflammatory Supplementation on Foundation Pain Index Scores in Chronic Opiate Patients,https://clinicaltrials.gov/study/NCT05896878,,TERMINATED,"This is a research study to evaluate the effectiveness of daily supplementation with Root.Health, a plant-based dietary supplement, on reducing levels of 11 abnormal urine biomarkers associated with chronic pain. Biomarkers are molecules found in blood, tissues, or other body fluids (such as urine) that indicate normal or abnormal processes.",NO,"Pain, Chronic|Opioid Dependence|Opioid Use|Inflammation Chronic",DIETARY_SUPPLEMENT: Root.Health Dietary Supplement,"Effects on Foundation Pain Index (FPI) scores, To determine if a 3-month Root.Health supplementation course changes urine levels of Foundation Pain Index (FPI) scores mechanistic pain biomarkers in an opiate-using chronic pain population. Previous validation studies have demonstrated that higher FPI scores, represented by a greater number of abnormal biomarkers, indicate abnormal biochemical function is more likely to contribute to painful symptoms. Lower FPI scores, represented by a lower number of abnormal biomarkers, indicate biochemical function is unremarkable and is therefore less likely to be a contributor to painful symptoms. As such, the investigators will only include study participants with baseline FPI scores between 20-100 to select a study population in which abnormal biochemical functioning is more likely to be contributing to chronic pain symptoms. Scores between 0-20 are considered unremarkable., 3 months","Pain Improvements, To evaluate if a 3-month Root.Health supplementation regimen changes Brief Pain Inventory (BPI) Short Form scores from time of study enrollment in an opiate-using chronic pain population. These tests are included in the standard of care for chronic pain patients.

For each item of the BPI, patients select a whole number on scale of 0-10, where 0 indicates no pain and 10 indicates worst possible pain. Lower scores are associated with less severe episodes of pain., 3 months|Functional Improvements, To evaluate if a 3-month Root.Health supplementation regimen changes Oswestry Disability Index (ODI) scores from time of study enrollment in an opiate-using chronic pain population. These tests are included in the standard of care for chronic pain patients.

For each question on the ODI, patient select the one whole number that describes how much the pain has interfered with the listed activities. The ODI is scored on a scale of 0-10, where 0 indicates no interference thus being able to do all activities and 10 indicates complete interference so the patient is unable to do the activity. Lower scores are associated with less severe episodes of pain., 3 months|Reduced Opioid Dependency, To evaluate if a 3-month Root.Health supplementation regimen affects opiate consumption habits from time of study enrollment in an opiate-using chronic pain population. This information will be gathered through subjective patient interviews at each month's follow up, inquiring about how often the patient is taking a prescribed medication. The study participants will report if they have continued their opioid medications at regular intervals as prescribed, or if they have taken less or more than the maximum prescribed dose., 3 months",,Hudson Medical,Ethos Research & Development,ALL,"CHILD, ADULT, OLDER_ADULT",NA,1,OTHER,INTERVENTIONAL,Allocation: NA | Intervention Model: SINGLE_GROUP | Masking: NONE | Primary Purpose: TREATMENT,BRANY #22-02-797-993,2023-07-10,2024-08-10,2024-09-10,2023-06-09,,2025-03-13,"Hudson Medical, New York, New York, 10014, United States",
NCT02998918,Effects of Short-term Curcumin and Multi-polyphenol Supplementation on the Anti-inflammatory Properties of HDL,https://clinicaltrials.gov/study/NCT02998918,PSI,COMPLETED,"Polyphenol supplements, including curcumin and resveratrol, are known to decrease inflammation, but previous polyphenol supplements were poorly absorbed and thus their effects were reduced. A new phytosome formulation coats the supplements and allows them to be better absorbed. The purpose of this study is to examine the acute (1-hr) and short-term (1-week) effects of two different phytosome-formulated polyphenol supplements on inflammation. The two supplements that will be used are: 1) PolyResveratrol and 2) Curcumin.",YES,Inflammation|Atherosclerosis|Cardiovascular Disease,DIETARY_SUPPLEMENT: PolyResveratrol Supplementation|DIETARY_SUPPLEMENT: Curcumin Supplementation,"Inflammation Change: HDL Plasma, VCAM-1 expression in HDL plasma will be measured at baseline, and after one week of supplementation for each supplement. Differences in one-week changes in inflammation between each supplement will be compared., One week",,,University of South Carolina,,ALL,ADULT,NA,21,OTHER,INTERVENTIONAL,Allocation: RANDOMIZED | Intervention Model: CROSSOVER | Masking: SINGLE (PARTICIPANT) | Primary Purpose: BASIC_SCIENCE,Pro00055882,2016-09,2017-07,2020-06,2016-12-21,2023-11-18,2023-11-18,"Clinical Exercise Research Center, Columbia, South Carolina, 29201, United States","Study Protocol and Statistical Analysis Plan, https://cdn.clinicaltrials.gov/large-docs/18/NCT02998918/Prot_SAP_000.pdf"
NCT03482401,Disposition of Dietary Polyphenols and Methylxanthines in Mammary Tissues From Breast Cancer Patients,https://clinicaltrials.gov/study/NCT03482401,POLYSEN,COMPLETED,The aim is to characterise the metabolic profiling of dietary polyphenols in normal and malignant breast tissues from breast cancer patients.,NO,Breast Cancer,DIETARY_SUPPLEMENT: Polyphenol,"Quantification of dietary polyphenols and methylxanthines in breast tissues, Quantification of dietary polyphenols and methylxanthines in normal and malignant mammary tissues from breast cancer patients using ultra-high resolution liquid chromatography coupled to quadrupole-time-of-flight mass spectrometry (UPLC-ESI-QTOF-MS/MS).

* Quantification (pmol/g) of each phenolic-derived metabolite in breast tissues.
* Quantification (pmol/g) of each methylxanthine-derived metabolite in breast tissues., 1-24 months","Quantification of dietary polyphenols and methylxanthines in plasma and urine, Quantification of dietary polyphenols and methylxanthines in urine and plasma from breast cancer patients using ultra-high resolution liquid chromatography coupled to quadrupole-time-of-flight mass spectrometry (UPLC-ESI-QTOF-MS/MS).

* Quantification of each phenolic-derived metabolite in urine and plasma (nmol/L).
* Quantification of each methylxanthine-derived metabolite in urine and plasma (nmol/L)., 8-24 months",,"National Research Council, Spain",Hospital General Universitario Reina Sofía de Murcia,ALL,"ADULT, OLDER_ADULT",NA,40,OTHER_GOV,INTERVENTIONAL,Allocation: RANDOMIZED | Intervention Model: PARALLEL | Masking: NONE | Primary Purpose: SCREENING,201770E081,2017-06-01,2018-12-01,2019-12-31,2018-03-29,,2020-09-10,"Hospital General Universitario Reina Sofía, Murcia, 30003, Spain",
NCT07195994,A Clinical Trial to Examine the Efficacy and Safety of an Investigational Product With and Without Use of Semaglutide on Glycemic Response in Adults With Prediabetes or Type 2 Diabetes,https://clinicaltrials.gov/study/NCT07195994,,RECRUITING,"This is a randomized, single-blind, controlled, parallel clinical trial to examine the efficacy and safety of AMPK Charge+® with and without use of semaglutide on glycemic response in adults with prediabetes or Type 2 Diabetes. The main question it aims to answer is:

What is the difference in change in fasting blood glucose and insulin, and hemoglobin A1c (HbA1c) from baseline at Day 84 between AMPK Charge+® and AMPK Charge+® with semaglutide?

Participants will consume AMPK Charge+® with or without semaglutide injections and will be evaluated for glycemic response parameters.",NO,Prediabetes / Type 2 Diabetes,DIETARY_SUPPLEMENT: AMPK Charge+®|DIETARY_SUPPLEMENT: AMPK Charge+® with semaglutide,"The difference in change in fasting blood glucose between AMPK Charge+® and AMPK Charge+® with semaglutide, The difference in change in fasting blood glucose from baseline at Day 84 between AMPK Charge+® and AMPK Charge+® with semaglutide, Day 0 to 84|The difference in change in fasting insulin between AMPK Charge+® and AMPK Charge+® with semaglutide, The difference in change in fasting insulin from baseline at Day 84 between AMPK Charge+® and AMPK Charge+® with semaglutide, Day 0 to 84|The difference in change in hemoglobin A1c (HbA1c) between AMPK Charge+® and AMPK Charge+® with semaglutide, The difference in change in hemoglobin A1c (HbA1c) from baseline at Day 84 between AMPK Charge+® and AMPK Charge+® with semaglutide, Day 0 to 84","The difference in change between AMPK Charge+® and AMPK Charge+® with semaglutide in fasting blood glucose, The difference in change from baseline at Day 42 between AMPK Charge+® and AMPK Charge+® with semaglutide in fasting blood glucose, Day 0 to 42|The difference in change between AMPK Charge+® and AMPK Charge+® with semaglutide in HbA1c, The difference in change from baseline at Day 42 between AMPK Charge+® and AMPK Charge+® with semaglutide in fasting HbA1c, Day 0 to 42|The difference in change between AMPK Charge+® and AMPK Charge+® with semaglutide in fasting insulin, The difference in change from baseline at Day 42 between AMPK Charge+® and AMPK Charge+® with semaglutide in fasting insulin, Day 0 to 42|The difference in change between AMPK Charge+® and AMPK Charge+® with semaglutide in Homeostasis Model Assessment of Insulin Resistance (HOMA-IR), The difference in change from baseline at Day 42 between AMPK Charge+® and AMPK Charge+® with semaglutide in Homeostasis Model Assessment of Insulin Resistance (HOMA-IR), Day 0 to 42|The difference in change between AMPK Charge+® and AMPK Charge+® with semaglutide in Homeostasis Model Assessment of Insulin Resistance (HOMA-IR), The difference in change from baseline at Day 84 between AMPK Charge+® and AMPK Charge+® with semaglutide in Homeostasis Model Assessment of Insulin Resistance (HOMA-IR), Day 0 to 84|The difference in change between AMPK Charge+® and AMPK Charge+® with semaglutide in Homeostasis Model Assessment of Insulin Resistance (HOMA-IR), The difference in change from baseline at Day 42 between AMPK Charge+® and AMPK Charge+® with semaglutide in Total Cholesterol (TC),, Day 0 to 42|The difference in change between AMPK Charge+® and AMPK Charge+® with semaglutide in Homeostasis Model Assessment of Insulin Resistance (HOMA-IR), The difference in change from baseline at Day 84 between AMPK Charge+® and AMPK Charge+® with semaglutide in Total Cholesterol (TC),, Day 0 to 84|The difference in change between AMPK Charge+® and AMPK Charge+® with semaglutide in Homeostasis Model Assessment of Insulin Resistance (HOMA-IR), The difference in change from baseline at Day 42 between AMPK Charge+® and AMPK Charge+® with semaglutide in Low-Density Lipoprotein (LDL) cholesterol, Day 0 to 42|The difference in change between AMPK Charge+® and AMPK Charge+® with semaglutide in High-Density Lipoprotein (HDL) cholesterol, The difference in change from baseline at Day 84 between AMPK Charge+® and AMPK Charge+® with semaglutide in High-Density Lipoprotein (HDL) cholesterol, Day 0 to 84|The difference in change between AMPK Charge+® and AMPK Charge+® with semaglutide in , High-Density Lipoprotein (HDL) cholesterol, The difference in change from baseline at Day 42 between AMPK Charge+® and AMPK Charge+® with semaglutide in , High-Density Lipoprotein (HDL) cholesterol, Day 0 to 42|The difference in change between AMPK Charge+® and AMPK Charge+® with semaglutide in Triglycerides (TG),, The difference in change from baseline at Day 84 between AMPK Charge+® and AMPK Charge+® with semaglutide in Triglycerides (TG),, Day 0 to 84|The difference in change between AMPK Charge+® and AMPK Charge+® with semaglutide in Triglycerides (TG),, The difference in change from baseline at Day 42 between AMPK Charge+® and AMPK Charge+® with semaglutide in ,Triglycerides (TG),, Day 0 to 42|The difference in change between AMPK Charge+® and AMPK Charge+® with semaglutide in TC:HDL-C, TG:HDL-C, and LDL-C:HDL-C ratios, The difference in change from baseline at Day 84 between AMPK Charge+® and AMPK Charge+® with semaglutide in TC:HDL-C, TG:HDL-C, and LDL-C:HDL-C ratios, Day 0 to 84|The difference in change between AMPK Charge+® and AMPK Charge+® with semaglutide in TC:HDL-C, TG:HDL-C, and LDL-C:HDL-C ratios, The difference in change from baseline at Day 42 between AMPK Charge+® and AMPK Charge+® with semaglutide in TC:HDL-C, TG:HDL-C, and LDL-C:HDL-C ratios, Day 0 to 42|The difference in change between AMPK Charge+® and AMPK Charge+® with semaglutide in Apolipoprotein B100 (ApoB100), The difference in change from baseline at Day 84 between AMPK Charge+® and AMPK Charge+® with semaglutide in Apolipoprotein B100 (ApoB100), Day 0 to 84|The difference in change between AMPK Charge+® and AMPK Charge+® with semaglutide in Inflammatory markers as assessed by C-reactive protein (CRP) and erythrocyte sedimentation rate (ESR), The difference in change from baseline at Day 84 between AMPK Charge+® and AMPK Charge+® with semaglutide in Inflammatory markers as assessed by C-reactive protein (CRP) and erythrocyte sedimentation rate (ESR), Day 0 to 84|The difference in change between AMPK Charge+® and AMPK Charge+® with semaglutide in Inflammatory markers as assessed by C-reactive protein (CRP) and erythrocyte sedimentation rate (ESR), The difference in change from baseline at Day 42 between AMPK Charge+® and AMPK Charge+® with semaglutide in Inflammatory markers as assessed by C-reactive protein (CRP) and erythrocyte sedimentation rate (ESR), Day 0 to 42|The difference in change between AMPK Charge+® and AMPK Charge+® with semaglutide in e. Body weight, The difference in change from baseline at Day 84 between AMPK Charge+® and AMPK Charge+® with semaglutide in e. Body weight, Day 0 to 84|The difference in change between AMPK Charge+® and AMPK Charge+® with semaglutide in e. Body weight, The difference in change from baseline at Day 42 between AMPK Charge+® and AMPK Charge+® with semaglutide in e. Body weight, Day 0 to 42|The difference in change between AMPK Charge+® and AMPK Charge+® with semaglutide in f. Framingham 10-year cardiovascular risk score (FCVRS), The difference in change from baseline at Day 84 between AMPK Charge+® and AMPK Charge+® with semaglutide in f. Framingham 10-year cardiovascular risk score (FCVRS), Day 0 to 84|The difference in change between AMPK Charge+® and AMPK Charge+® with semaglutide in f. Framingham 10-year cardiovascular risk score (FCVRS), The difference in change from baseline at Day 42 between AMPK Charge+® and AMPK Charge+® with semaglutide in f. Framingham 10-year cardiovascular risk score (FCVRS), Day 0 to 42|The difference in change from baseline at Day 84 between AMPK Charge+® and AMPK Charge+® with semaglutide in Postprandial glucose and insulin as assessed by an oral glucose tolerance test (OGTT), The difference in change from baseline at Day 84 between AMPK Charge+® and AMPK Charge+® with semaglutide in Postprandial glucose and insulin as assessed by an oral glucose tolerance test (OGTT), Day 0 to 84",,QuickSilver Scientific,KGK Science Inc.,ALL,"ADULT, OLDER_ADULT",NA,90,INDUSTRY,INTERVENTIONAL,Allocation: RANDOMIZED | Intervention Model: PARALLEL | Masking: SINGLE (OUTCOMES_ASSESSOR) | Primary Purpose: TREATMENT,24QSCFA02,2026-02-05,2026-09,2026-09,2025-09-29,,2026-03-16,"KGK Science Inc., London, Ontario, N6B3L1, Canada",
NCT01751750,Grape Polyphenol Kinetics in Humans,https://clinicaltrials.gov/study/NCT01751750,,COMPLETED,"The objectives of this study are the following: 1) to confirm that the administration of grape juice, resveratrol, and grape seed polyphenol extract results in a similar plasma and urinary metabolic profile in aged humans compared to rats, 2) to confirm that a combined administration of grape juice, resveratrol, and grape seed polyphenol extract result in a similar plasma and urinary metabolic profile in adults with tendencies toward metabolic syndrome compared to non-obese healthy humans, and 3) to identify the anti-inflammatory effects of the combined administration of grape juice, resveratrol, and grape seed polyphenol extract.",NO,Healthy Volunteers,OTHER: Grape,"Plasma polyphenols, Blood will be analyzed for polyphenols and polyphenol metabolites., 6 hours|Urinary polyphenols, Urine will be analyzed for polyphenols and polyphenol metabolites., 6 hours",,,Janet Novotny,,ALL,"CHILD, ADULT",NA,16,FED,INTERVENTIONAL,Allocation: NA | Intervention Model: SINGLE_GROUP | Masking: NONE | Primary Purpose: PREVENTION,HS38,2011-09,2011-09,2011-09,2012-12-18,,2017-05-25,"USDA Beltsville Human Nutrition Research Center, Beltsville, Maryland, 20705, United States",
NCT07301515,Randomised Controlled Trial of an Antioxidant and Sunscreen Combination Cream for Reducing DNA Damage in Human Skin,https://clinicaltrials.gov/study/NCT07301515,,COMPLETED,"This randomized, double-blind, vehicle-controlled clinical trial investigates whether daily use of an encapsulated SPF 50 formulation containing a multi-antioxidant complex provides greater mitochondrial DNA (mtDNA) protection in human facial skin compared with a vehicle-only cream.

Fifty-two healthy adults will be enrolled during the UK spring and randomized 1:1 to receive either the antioxidant-enriched SPF 50 or a matched vehicle (no SPF, no antioxidants). Participants will apply their assigned product once daily to the full face for 12 weeks under ambient ultraviolet (UV) and oxidative exposure.

Non-invasive cheek swabs collected at baseline and week 12 will be analyzed by blinded quantitative polymerase chain reaction (qPCR) to assess mtDNA integrity (ΔCt = Ct\_long - Ct\_short).

The primary objective is to determine whether the antioxidant-enriched SPF 50 reduces mtDNA damage compared with vehicle. Secondary objectives include comparing the proportion of ""responders"" showing reduced mtDNA damage (ΔCt \< 0) and evaluating within-participant change among habitual daily sunscreen users.

The trial aims to clarify whether adding antioxidants to high-SPF formulations can strengthen daily photoprotection by mitigating residual oxidative stress not fully blocked by UV filters alone.",NO,Photoaging|Photodamage|Mitochondrial Damage|Sunscreen|Antioxidants|Preventive Dermatology,COMBINATION_PRODUCT: Antioxidant + Sunscreen Cream|COMBINATION_PRODUCT: Placebo cream,"Difference in Change in Mitochondrial DNA Damage (ΔCt) Between Active and Vehicle Creams Measured by Long-Amplicon Quantitative PCR, Mitochondrial DNA (mtDNA) integrity will be assessed from non-invasive cheek swabs using long-amplicon quantitative polymerase chain reaction (qPCR). Two mtDNA fragments are amplified: a long fragment (damage-sensitive) and a short fragment (control for total DNA). ΔCt (""delta-Ct"") = Ct\_long - Ct\_short, where higher values indicate greater mtDNA damage. For each participant, the change in ΔCt from baseline to Week 12 will be calculated. The primary outcome is the between-group difference in this change (Active minus Vehicle), adjusted for baseline values. Negative values denote reduced mtDNA damage with the antioxidant + SPF formulation. Laboratory staff and statisticians are blinded to allocation., Baseline to Week 12","Proportion of Participants With Reduced Mitochondrial DNA Damage (ΔCt < 0), Participants will be classified as ""responders"" if their change in ΔCt from baseline to Week 12 is \< 0, indicating reduced mtDNA damage. The proportion of responders will be compared between randomized arms. Analyses are blinded., Baseline to Week 12|Change in Mitochondrial DNA Damage (ΔCt) From Baseline to Week 12 Among Habitual Daily Sunscreen Users - Active Arm, Among participants who reported daily sunscreen use at baseline, change in ΔCt from baseline (reflecting prior sunscreen routine) to Week 12 will be analyzed while using the antioxidant + SPF 50 cream. Negative change denotes less mtDNA damage at Week 12. Paired, blinded analysis., Baseline to Week 12|Change in Mitochondrial DNA Damage (ΔCt) From Baseline to Week 12 Among Habitual Daily Sunscreen Users - Vehicle Arm, Among participants who reported daily sunscreen use at baseline, change in ΔCt from baseline (reflecting prior sunscreen routine) to Week 12 will be analyzed while using the vehicle cream without SPF or antioxidants. Positive change denotes greater mtDNA damage at Week 12. Paired, blinded analysis., Baseline to Week 12|Tolerability and Participant-Reported Cosmetic Acceptability, Participants will complete structured questionnaires on tolerability (stinging, burning, redness, dryness, breakouts) and cosmetic acceptability (overall appearance, evenness, brightness, texture, and willingness to continue). Change from baseline will be summarized by treatment group. Assessments are blinded to allocation., Baseline to Week 12",,Klira Skin,Guy's and St Thomas' NHS Foundation Trust|Newcastle-upon-Tyne Hospitals NHS Trust|Skin Analytics Limited,ALL,"ADULT, OLDER_ADULT",NA,52,OTHER,INTERVENTIONAL,"Allocation: RANDOMIZED | Intervention Model: PARALLEL | Masking: QUADRUPLE (PARTICIPANT, CARE_PROVIDER, INVESTIGATOR, OUTCOMES_ASSESSOR) | Primary Purpose: PREVENTION",KLR-MITO-2025-01,2025-03-01,2025-11-10,2025-11-10,2025-12-24,,2025-12-24,"St John's Institute of Dermatology, London, United Kingdom",
NCT00455416,Dietary Intervention in Follicular Lymphoma,https://clinicaltrials.gov/study/NCT00455416,KLYMF,UNKNOWN,"A dietary intervention study in patients with Follicular Lymphoma (FL) Stage III/IV to assess the ability of several dietary factors to induce apoptosis, inhibit cell proliferation and modulate tumor cell infiltrate in vivo.",NO,Follicular Lymphoma,"DRUG: Omega 3 fatty acids (EPA (eicosapentaenoic acid) and DHA (docosahexaenoic acid))|DRUG: Selenium (L-Selenomethionine),|DRUG: Garlic extract (Allicin)|DRUG: Pomegranate juice (ellagic acid)|DRUG: Grape juice (resveratrol, quercetin)|DRUG: Green Tea (Epigallocathechin gallate)","Apoptosis an proliferation rate in tumor cells,, At the end of intervention (week 16)","Levels of: proinflammatory cytokines,tumor immune cell infiltrate, Week 16",,Oslo University Hospital,University of Oslo,ALL,"ADULT, OLDER_ADULT",PHASE2,45,OTHER,INTERVENTIONAL,Allocation: NON_RANDOMIZED | Intervention Model: SINGLE_GROUP | Masking: NONE | Primary Purpose: TREATMENT,Dietary intervention FL,2007-04,2009-04,2009-12,2007-04-03,,2008-05-21,"RRHF RIkshospitalet Radiumhospitalet HF, Montebello, Oslo, 0310, Norway",
NCT04513015,Markers of Oxidative Stress in Inflammatory Bowel Diseases: Risk Factors and Implications for a Dietetic Approach,https://clinicaltrials.gov/study/NCT04513015,OxIBDiet,ACTIVE_NOT_RECRUITING,"Inflammatory bowel disease (IBD), including Crohn's disease (CD), Ulcerative Colitis (UC) and IBD-unclassified (IBD-U) is a chronic inflammatory intestinal disorders that affect both children and adults. Patients with IBD can present with severe gastrointestinal symptoms, require frequent hospitalizations, expensive medical treatments and can develop invalidating complications requiring surgery. The incidence of IBD is increasing worldwide. The pathogenesis is multifactorial with immunological, environmental and genetic factors contributing to the disease. There is evidence that oxidative stress (OS) imbalance is involved in IBD onset and evolution, although the exact contribution to the pathogenes is unclear. An antioxidant dietetic approach is promising as an adjunctive treatment of IBD. The main aims of this project are to characterize the OS imbalance in IBD in relation to disease's features and to genetic factors and to evaluate the efficacy of an antioxidant dietetic treatment",NO,Inflammatory Bowel Diseases,DIETARY_SUPPLEMENT: Antioxidant diet|DIETARY_SUPPLEMENT: Normal dietetic scheme,"Blood levels of ROS and glutathione in patients with IBD and controls, Blood levels of ROS will be determined by cytofluorimetry, blood levels of glutathione by spectrofluorimetry, Baseline|Total antioxidant capacity (Trolox equivalent and ferrous equivalent) in patients with IBD and controls, Trolox equivalent will be assessed by antioxidant assay Kit, ferrous equivalent instead wille require a manual assessment., Baseline|Antioxidant enzymes pattern (GST, SOD, GPxs, GR enzyme levels, activity and transcripts) in patients with IBD and controls, Spectrophotometer will be used to assess enzyme levels and activity, cDNA kit to determine enzyme transcripts., Baseline|Plasma hydroperoxides and thiobarbituric acid reactive species in patients with IBD and controls, Plasma hydroperoxides will be detected by LPO ELISA kit, thiobarbituric acid reactive species by TBARS assay kit., Baseline|Urine oxidized guanines (8-OHdG, 8-OHG e guanosine) levels in patients with IBD and controls, DNA/RNA oxydate damage kit will be used to study urine oxidized guanines levels., Baseline","Polymorphisms of genes implicated in oxidative stress defense (SOD1, SOD2, SOD3; GPX1, GPX2, GPX3; GPX4; GPX5; GSTA1; GSTA2; GSTM1; GSTM2; GSTM3; GSTP1; GSTO1; NQ01 NQ02; NOX1; NOX3; NOX4 and NOX5 genes) in patients with IBD and controls, Genetic polymorphisms will be studied by next generation sequencing, Baseline","Blood levels of ROS and glutathione in patients with IBD after a specific antioxidant dietary treatment, Blood levels of ROS will be determined by cytofluorimetry, blood levels of glutathione by spectrofluorimetry at baseline and after 12 weeks of dietary treatment., 12 weeks|Total antioxidant capacity (Trolox equivalent and ferrous equivalent) in patients with IBD after a specific antioxidant dietary treatment, Trolox equivalent will be assessed by antioxidant assay Kit, ferrous equivalent instead wille require a manual assessment at baseline and after 12 weeks of dietary treatment., 12 weeks|Antioxidant enzymes pattern (GST, SOD, GPxs, GR enzyme levels, activity and transcripts) in patients with IBD after a specific antioxidant dietary treatment, Spectrophotometer will be used to assess enzyme levels and activity, cDNA kit to determine enzyme transcripts at baseline and after 12 weeks of dietary treatment, 12 weeks|Plasma hydroperoxides and thiobarbituric acid reactive species in patients with IBD after a specific antioxidant dietary treatment, Plasma hydroperoxides will be detected by LPO ELISA kit, thiobarbituric acid reactive species by TBARS assay kit at baseline and after 12 weeks of dietary treatment., 12 weeks|Urine oxidized guanines (8-OHdG, 8-OHG e guanosine) levels in patients with IBD after a specific antioxidant dietary treatment, DNA/RNA oxydate damage kit will be used to study urine oxidized guanines levels at baseline and after 12 weeks of dietary treatment, 12 weeks|PUCAI in pediatric patients with RCU after a specific antioxidant dietary treatment, PUCAI score will be recorded at baseline and after 12 weeks of dietary treatment, 12 weeks|PCDAI in pediatric patients with CD after a specific antioxidant dietary treatment, PCDAI score will be recorded at baseline and after 12 weeks of dietary treatment, 12 weeks|Phisician Global Assessment (PGA) score in patients with IBD after a specific antioxidant dietary treatment, PGA score will be recorded at baseline and after 12 weeks of dietary treatment, 12 weeks|Calprotectin levels in patients with IBD after a specific antioxidant dietary treatment, Calprotectin levels will be analyzed in stool samples collected at baseline and after 12 weeks of dietary treatment, 12 weeks|Harvey-Bradshaw score in adult patients with CD after a specific antioxidant dietary treatment, Harvey-Bradshaw score will be recorded at baseline and after 12 weeks of dietary treatment, 12 weeks|Mayo score in adult patients with RCU after a specific antioxidant dietary treatment, Mayo score will be recorded at baseline and after 12 weeks of dietary treatment, 12 weeks|PedQoL score in pediatric patients with IBD after a specific antioxidant dietary treatment, PedQoL score will be recorded at baseline and after 12 weeks of dietary treatment, 12 weeks|QoL score in adult patients with IBD after a specific antioxidant dietary treatment, QoL score will be recorded at baseline and after 12 weeks of dietary treatment, 12 weeks",Università Politecnica delle Marche,"Ministry of Health, Italy",ALL,"CHILD, ADULT, OLDER_ADULT",NA,155,OTHER,INTERVENTIONAL,Allocation: NON_RANDOMIZED | Intervention Model: PARALLEL | Masking: NONE | Primary Purpose: BASIC_SCIENCE,OxIBDiet-2020,2019-12-15,2024-06-08,2024-12-08,2020-08-14,,2024-12-09,"SOD Clinica Pediatrica, Azienda Ospedaliero Universitaria Ospedali Riuniti di Ancona, Ancona, 60123, Italy|SOD Clinica di Gastroenterologia, Epatologia ed Endoscopia Digestiva, Azienda Ospedaliero Universitaria Ospedali Riuniti di Ancona, Ancona, 60126, Italy",
NCT07245979,Supplementation With Sirtuin Activators in Women With Increased Body Weight,https://clinicaltrials.gov/study/NCT07245979,,RECRUITING,"The goal of this clinical trial is to learn if the six-month supplementation with sirtuin activators can affect metabolism in 40-to-65-year old women with increased body weight. The main questions it aims to answer are:

Does sirtuin activators affect lipid and carbohydrate metabolism? Does sirtuin activators affect oxydative stress, immune functions and cell ageing?

Researchers will compare sirtuin activators to a placebo (a look-alike substance that contains no drug) to see if drug sirtuin activators works to improve metabolic status.

Participants will:

Take sirtuin activators or a placebo every day for 6 months. Visit the university once every 3 months for checkups and tests.",NO,Obesity & Overweight,DIETARY_SUPPLEMENT: Sirtuin activators|DIETARY_SUPPLEMENT: Placebo,"Concentrations of blood lipids, Total cholesterol, Triacyglycerols, low density lipoprotein (LDL) cholesterol, high density lipoprotein (HDL) cholesteroll, 6 months, two measurements: at month 0 and 6|Blood glucose concentrations, Blood glucose concentration, 6 months, two measurements: at month 0 and 6|Ageing biomarkers: transcription level of the p16INK4a gene in peripheral blood mononuclear cells, transcription level of the p16INK4a gene in peripheral blood mononuclear cells, 6 months, two measurements: at month 0 and 6|Ageing biomarkers: telomere lenght, telomere lenght measured in DNA isolated from whole blood, 6 months, two measurements: at month 0 and 6|Ageing biomarkers: SA beta galactosidase activity, SA beta galactosidase activity, 6 months, two measurements: at month 0 and 6|Oxidative stress, activities of oxidative stress enzymes in blood, 6 months, two measurements: at month 0 and 6","Body mass, Measured in kg, 6 months, two measurements: at month 0, 3 and 6|Body composition, Body composition will include percent body fat and lean body mass measured with air displacement plethysmography, 6 months, two measurements: at month 0, 3 and 6|Waist and hips circumference, Measured in cm, 6 months, two measurements: at month 0, 3 and 6|Genotype analyisis of the Sirt1 gene, Nucleotite variants at certain genomic position will be analysed, baseline",,Poznan University of Life Sciences,Poznan University of Medical Sciences|NutroPharma,FEMALE,"ADULT, OLDER_ADULT",NA,120,OTHER,INTERVENTIONAL,"Allocation: RANDOMIZED | Intervention Model: PARALLEL | Masking: TRIPLE (PARTICIPANT, INVESTIGATOR, OUTCOMES_ASSESSOR) | Primary Purpose: OTHER",Sirt activators,2025-10-08,2026-11-30,2027-03-01,2025-11-24,,2026-05-22,"Poznan University of Life Sciences, Poznan, Poland",
NCT03866005,Prospective Study of Adjunctive Carotenoids Plus Anti-oxidants in Anti-VEGF Treated Diabetic Macular Edema,https://clinicaltrials.gov/study/NCT03866005,PROACTIVEDME,UNKNOWN,This study will evaluate the effects of add-on carotenoid plus anti-oxidant nutritional supplementation to standard anti-vascular endothelial growth factor therapy for subjects with center-involved diabetic macular edema,NO,Center-involved Diabetic Macular Edema (CI-DME),"DIETARY_SUPPLEMENT: Diabetes Visual Function Study (DiVFuSS) softgels|OTHER: canola oil placebo softgels, 2 per day","Best-corrected visual acuity, Best-corrected visual acuity at entry and conclusion of study, two years|SD-OCT macular subfield thicknesses, Change in macular subfield thicknesses from baseline to study conclusion, two years|Required number of anti-VEGF injections, The number of intravitreal anti-VEGDF injections required for treatment of center-involved diabetic macular edema, two years","Need for adjunctive laser photocoagulation and/or use of intravitreal steroids, The number of subjects in each arm requiring adjunctive laser photocoagulation or intravitreal steroids for treatment of CI-DME, two years",,"ZeaVision, LLC",Sound Retina,ALL,"ADULT, OLDER_ADULT",NA,150,INDUSTRY,INTERVENTIONAL,"Allocation: RANDOMIZED | Intervention Model: PARALLEL | Masking: QUADRUPLE (PARTICIPANT, CARE_PROVIDER, INVESTIGATOR, OUTCOMES_ASSESSOR) | Primary Purpose: TREATMENT",PROACTIVE-DME,2019-11-01,2021-11-01,2021-11-01,2019-03-07,,2020-07-02,"Sound Retina, Olympia, Washington, 98506, United States|Sound Retina, Tacoma, Washington, 98405, United States",
NCT04666753,Retrospective Study of ImmunoFormulation for COVID-19,https://clinicaltrials.gov/study/NCT04666753,,COMPLETED,"Multicentre, retrospective, observational study to describe the course of SARS-CoV-2 disease in patients treated or not with IMUNO TF ® and a combination of nutraceuticals and who have tested positive in a COVID-19 diagnostic test based on the duration of symptoms.",NO,Covid19,DIETARY_SUPPLEMENT: ImmunoFormulation,"Clinical symptoms duration, To describe the course of SARS-CoV-2 disease in patients treated or not with ImmunoFormulation and who have tested positive in a diagnostic test for COVID-19 based on the duration of symptoms., 1 month, starting with after start of treatment.",,,Fagron Iberica S.A.U.,,ALL,"ADULT, OLDER_ADULT",,40,INDUSTRY,OBSERVATIONAL,Observational Model: COHORT | Time Perspective: RETROSPECTIVE,IMUNO TF STUDY,2020-07-02,2020-09-29,2020-09-29,2020-12-14,,2020-12-14,"Clinic Bascoy, Barcelona, 08022, Spain|Clínica Arvila Magna, Barcelona, 08037, Spain",
NCT05648422,Effect of the Nutritional Support System on Neuromotor Alterations in Patients With Cerebral Palsy,https://clinicaltrials.gov/study/NCT05648422,NSS-PC,UNKNOWN,Study to determine the impact of a nutritional support system (NSS) on neuromotor alterations in patients with cerebral palsy.,NO,Cerebral Palsy|Spastic|Malnutrition,DIETARY_SUPPLEMENT: Probiotics|DIETARY_SUPPLEMENT: NSS Nutritional Support System|DRUG: Deworming|OTHER: Specific diet|OTHER: Conventional diet (WHO),"CHANGE FROM BASELINE GROSS MOTOR FUNCTION MEASURE 66 AT 7 WEEKS, It measures five mobility ability areas, known as dimensions: lying, sitting, crawling and kneeling, standing, and walking, running and jumping.

The main criterion is that the difference between each level is significant for daily living and these are based on functional limitations, support from gait aids such as crutches, canes, walkers or wheeled mobility.

It is intended to indicate at what level the child/youth's gross motor functioning abilities and limitations are at., Baseline period, and week 7|CHANGE FROM BASELINE GROSS MOTOR FUNCTION MEASURE 66 AT 13 WEEKS, It measures five mobility ability areas, known as dimensions: lying, sitting, crawling and kneeling, standing, and walking, running and jumping.

The main criterion is that the difference between each level is significant for daily living and these are based on functional limitations, support from gait aids such as crutches, canes, walkers or wheeled mobility.

It is intended to indicate at what level the child/youth's gross motor functioning abilities and limitations are at., Baseline period, and week 13|CHANGE FROM BASELINE MANUAL ABILITY CLASSIFICATION SYSTEM AT 7 WEEKS, The Manual Ability Classification System (MACS) is a functional description and is also used to complement the child's diagnostic assessment giving a classification based on fine motor skills.

The MACS results are based on the child's performance in daily life, it does not take into account the differences between the function of the two hands; rather, it looks at how children handle age-appropriate objects and the need and extent of support or adaptations., Baseline period, week 7|CHANGE FROM BASELINE MANUAL ABILITY CLASSIFICATION SYSTEM 13 WEEKS, The Manual Ability Classification System (MACS) is a functional description and is also used to complement the child's diagnostic assessment giving a classification based on fine motor skills.

The MACS results are based on the child's performance in daily life, it does not take into account the differences between the function of the two hands; rather, it looks at how children handle age-appropriate objects and the need and extent of support or adaptations., Baseline period, week 13|CHANGE FROM BASELINE MUSCLE ELECTRIC ACTIVITY AT 13 WEEKS, This study will measure the average behavior of a muscle or muscle group. It will give information on spasticity, coactivation of synergic and antagonic muscles, and maximum voluntary contraction.

The changes at muscle electric activity will be evaluated by applying electromyography (EMG) studies at baseline and at week 13., Baseline and week 13|CHANGE FROM BASELINE GAIT ANALYSIS AT 13 WEEKS, This will provide objective and quantitative measures useful to assess gross motor skills with spatiotemporal, kinetics and kinematics data.

In each gait cycle it will measure walking speed, cadence, stride and step length and support, and joint angles.

The progression of the patient from the baseline period compared to week 13 will be evaluated with 3D motion capture systems., Baseline and week 13|CHANGE FROM BASELINE CRAWLING ANALYSIS AT 13 WEEKS, This will provide objective and quantitative measures useful to assess gross motor skills with spatiotemporal, kinetics and kinematics data.

In each crawling analysis, speed, inter limb coordination and joint angles will be measured with 3D motion capture systems., Baseline and week 13","CHANGE FROM BASELINE MIDARM MUSCLE AREA AT 7 WEEKS, Midarm muscle area (MMA) will be calculated using the equation: \[MCA - (π (TSF))\^2\]/4π) Mid upper arm circumference (MCA) will be measured in centimeters and the tricipital skinfold (TSF) will be measured using Harpenden skin fold caliper giving the measurements in millimeters., Baseline and week 7|CHANGE FROM BASELINE MIDARM MUSCLE AREA AT 13 WEEKS, Midarm muscle area (MMA) will be calculated using the equation: \[MCA - (π (TSF))\^2\]/4π) Mid upper arm circumference (MCA) will be measured in centimeters and the tricipital skinfold (TSF) will be measured using Harpenden skin fold caliper giving the measurements in millimeters., Baseline and week 13",,Anahuac University,,ALL,CHILD,NA,144,OTHER,INTERVENTIONAL,"Allocation: RANDOMIZED | Intervention Model: SEQUENTIAL | Masking: DOUBLE (CARE_PROVIDER, OUTCOMES_ASSESSOR) | Primary Purpose: TREATMENT",202082,2023-01-16,2025-01,2025-01,2022-12-13,,2023-02-01,"Apac I.A.P. (Association For People With Cerebral Palsy), México, 06720, Mexico",
NCT02837107,Study of Supplement's Antioxidant Properties That Contains Natural Extracts,https://clinicaltrials.gov/study/NCT02837107,,UNKNOWN,"While it is well accepted that a low level of RONS production is necessary to maintain physiological function, too much formation of RONS are believed to participate in biomolecules damage. Damage of lipids, proteins and DNA/RNA, to cellular and tissue level, as a consequence of oxidative stress has been linked to a number of serious diseases, including cancer, cardiovascular diseases (CVDs) such as hypertension and atherosclerosis, neurodegenerative diseases such as Parkinson's disease and Alzheimer's dementias, diabetes and the process of aging.

The dietary intake of antioxidants is thought to play a major role in oxidative stress network. Many epidemiologic studies have reported an inverse association between vegetable and fruit consumption with reduced risk of chronic diseases, especially cancer and CVDs. However, although many clinical trials have been conducted with vitamins (E, C or their combinations) their in vivo protective effect remains uncertain. Therefore the possibility that the complex mixture of phytochemicals in foods may contribute to their protecting effects has been raised. In this concept, it is possible multiple compounds to act through complimentary or synergistic mechanisms to present a greater biologic effect than can be achieved by any individual component To investigate this hypothesis, a double-blind, randomized, and placebo-controlled clinical trial was conducted in order to investigate the effects of a multi-micronutrient supplement against oxidative stress in apparently healthy adults.",NO,Healthy,DIETARY_SUPPLEMENT: Mind Master|DIETARY_SUPPLEMENT: Placebo,"Change from Baseline of isoprostane levels at 4 weeks, urinary isoprostane, 0, 4 weeks|Change from Baseline of isoprostane levels at 8 weeks, urinary isoprostane, 0, 8 weeks|Change from Baseline of DNA/RNA damage at 4 weeks, urinary DNA/RNA damage, 0, 4 weeks|Change from Baseline of DNA/RNA damage at 8 weeks, urinary DNA/RNA damage, 0, 8 weeks|Change from Baseline of protein carbonyls levels at 4 weeks, serum, 0, 4 weeks|Change from Baseline of protein carbonyls levels at 8 weeks, serum, 0, 8 weeks|Change from Baseline of oxLDL levels at 4 weeks, serum, 0, 4 weeks|Change from Baseline of oxLDL levels at 8 weeks, serum, 0, 8 weeks|Change from Baseline of TBARS levels at 4 weeks, serum, 0, 4 weeks|Change from Baseline of TBARS levels at 8 weeks, serum, 0, 8 weeks|Change from Baseline of serum resistant in oxidation at 4 weeks, ex vivo serum oxidation with cupper, 0, 4 weeks|Change from Baseline of serum resistant in oxidation at 8 weeks, ex vivo serum oxidation with cupper, 0, 8 weeks|Change from Baseline of anti-oxidant enzymes activity at 4 weeks, serum, 0, 4 weeks|Change from Baseline of anti-oxidant enzymes activity at 8 weeks, serum, 0, 8 weeks","Change from Baseline of Platelet aggregation against PAF at 4 weeks, PRP aggregation against PAF, 0, 4 weeks|Change from Baseline of Platelet aggregation against PAF at 8 weeks, PRP aggregation against PAF, 0, 8 weeks|Change from Baseline of Platelet aggregation at against ADP 4 weeks, PRP aggregation against ADP, 0, 4 weeks|Change from Baseline of Platelet aggregation against ADP at 8 weeks, PRP aggregation against ADP, 0, 8 weeks|Change from Baseline of Platelet aggregation against TRAP at 4 weeks, PRP aggregation against TRAP, 0, 4 weeks|Change from Baseline of Platelet aggregation against TRAP at 8 weeks, PRP aggregation against TRAP, 0,8 weeks|Change from Baseline of Inflammatory markers at 4 weeks, serum LpPLA2 activity, 0, 4 weeks|Change from Baseline of Inflammatory markers at 8 weeks, serum LpPLA2 activity, 0,8 weeks",,Harokopio University,,ALL,ADULT,NA,62,OTHER,INTERVENTIONAL,"Allocation: RANDOMIZED | Intervention Model: PARALLEL | Masking: DOUBLE (PARTICIPANT, INVESTIGATOR) | Primary Purpose: PREVENTION",HAROKOPIO UNIVERSITY,2013-09,2014-10,2017-12,2016-07-19,,2016-07-20,,
NCT06790771,Effect of Supplement on Appetite and GLP-1,https://clinicaltrials.gov/study/NCT06790771,GLP-1 Suppleme,COMPLETED,"Study Summary

The goal of this study is to understand whether a dietary supplement containing L-arginine, resveratrol, tart cherry, and vitamin C reduces hunger and increases the release of GLP-1, a hormone associated with appetite suppression and improved glucose regulation. The study will also explore the metabolic effects of the supplement.

Main Questions:

1. Does the supplement reduce hunger more effectively than a placebo?
2. Does it enhance GLP-1 release in individuals with overweight or obesity?

Participants:

* Age: 18-60 years
* Body Mass Index (BMI): 25-40 kg/m²
* Total participants: 25
* Must maintain usual eating and activity habits during the study.

Study Design:

* Conditions Tested: High-dose supplement, low-dose supplement, and placebo.
* Participants will undergo three separate 2-hour lab visits, each after fasting for 8 hours.
* During each visit:
* Consume the assigned supplement or placebo.
* Eat a standardized meal after a 60-minute rest.
* Provide blood samples at eight time points to measure GLP-1 and other metabolic markers.
* Rate hunger using a 7-point scale.

Benefits and Risks:

* Benefits: Participants may not directly benefit, but the findings could lead to new appetite-suppressing supplements that aid in weight loss.
* Risks: Include discomfort from blood draws, possible gastrointestinal side effects from the supplement, and allergic reactions. Measures are in place to minimize these risks, such as pre-screening for allergies and using trained personnel for blood collection.

This study is triple-blinded, meaning neither the participants, researchers, nor analysts will know which condition is being tested during each visit. Data collected will be anonymized to protect participant privacy.",NO,Hunger,DIETARY_SUPPLEMENT: High Dose Supplement|DIETARY_SUPPLEMENT: Low Dose Supplement|DIETARY_SUPPLEMENT: Placebo,"GLP-1, This measure tracks changes in blood GLP-1 concentrations at eight time points (baseline, 15, 30, 45, 60, 90, 105, and 120 minutes)., 2 hours per session, measured during three separate sessions over three weeks.","Food Intake, This measure evaluates the amount of food consumed during the ad libitum standardized meal provided at each session. Participants will eat until they feel comfortably full, and the total food intake will be weighed to assess the impact of the interventions on caloric consumption., Single meal during each session, measured in three sessions over three weeks.|Appetite, This measure tracks participants' subjective hunger levels using a validated 7-point satiety scale (ranging from ""Extremely Hungry"" to ""Extremely Full""). Ratings will be recorded at each of the eight time points corresponding to blood sample collection to assess the effect of the supplement on appetite suppression., 2 hours per session, measured during three separate sessions over three weeks.",,Texas Christian University,"Healthrite Partners|GMT Nutrition, LLC",ALL,ADULT,NA,25,OTHER,INTERVENTIONAL,"Allocation: RANDOMIZED | Intervention Model: CROSSOVER | Masking: TRIPLE (PARTICIPANT, INVESTIGATOR, OUTCOMES_ASSESSOR) | Primary Purpose: PREVENTION",TCU GLP-1 Study,2025-01-15,2026-03-15,2026-03-15,2025-01-24,,2026-05-28,"Texas Christian University, Fort Worth, Texas, 76129, United States",
NCT04117022,Diabetic Retinopathy Functional Evaluation Study: Monitoring Carotenoid Vitamins Treatment Using ERG,https://clinicaltrials.gov/study/NCT04117022,,UNKNOWN,"To evaluate the differences in retinal function as measured by ERG in diabetics with and without retinopathy 2) the ability of the Chromatic Electroretinogram (chERG) to detect changes in global retinal function following treatment with Carotenoid Vitamins supplement in patients with diabetic retinopathy (DR). 3) the ability of the Full Field flicker (ffERG) to detect changes in global retinal function following treatment with Carotenoid Vitamins supplement in patients with diabetic retinopathy (DR).

4\) Changes in retinal function as observed by OCT-Angiography, following treatment with Carotenoid Vitamins supplement in patients with diabetic retinopathy (DR).",NO,Diabetes|Diabetic Retinopathy,DIETARY_SUPPLEMENT: DVS supplementation,"Chromatic ERG (ChERG) Outcome Measurements: B wave and PhNR latency (milliseconds) Full field ERG outcome measurements and Chromatic ERG Outcome Measurements, The Chromatic Electroretinogram (chERG) and the full field ERG will be recorded using a commercially available system Diopsys® NOVA (Diopsys, Inc. Pine Brook, New Jersey). The Red-Blue stimulus will be presented using a mini-Ganzfeld handheld device. The entire process consists of two tests per eye, with twenty-five seconds allocated for each test; thus, the total duration of the test is one hundred seconds. The chERG will be consecutively recorded from both eyes by means of proprietary adhesive skin electrodes on the lower eyelid and forehead., Change from Baseline to 6 months|Full-field flicker ERG (ffERG) Measurements: magnitude (microvolts) and the phase (milliseconds) and the area ratio for magnitude and the area ratio for Phase, The Flicker ERG will be recorded using a commercially available system, Diopsys® NOVA (Diopsys, Inc., Pine brook, NJ), version 2.19.19778.7332). The Flicker ERG will be consecutively recorded from both eyes by means of adhesive skin electrodes on the lower eyelid and skin. The stimulus will consist of white flashes flickering at 32 Hz over a white background as well as a sequence of 6 steps of increasing luminance., Change from Baseline to 6 months","Macular pigment optical density (MPOD in relative density units), Subjects are asked to identify when they detect a flickering stimulus of varying intensity, allowing determination of relative density of xanthophyll macular pigments., Change from Baseline to 6 months|Optical coherence tomography angiography (OCTA): radial macular and optic nerve capillary density (number/square millimeter), OCT angiography measurements will be performed using the Angiovue OCT by Optovue CA. It is a camera system that utilizes interferometry to measure the thickness and vascular profile of the macula and the optic nerve, allowing measurement of radial capillary count in both macula and the peripapillary optic nerve head region, Change from Baseline to 6 months",,"ZeaVision, LLC","Northeastern State University|Western University of Health Sciences|Diopsys, Inc.",ALL,"ADULT, OLDER_ADULT",NA,45,INDUSTRY,INTERVENTIONAL,Allocation: NA | Intervention Model: SINGLE_GROUP | Masking: NONE | Primary Purpose: DIAGNOSTIC,19-094,2019-09-01,2021-12-01,2022-12-01,2019-10-07,,2021-04-23,"Western Universit5y of Health Sciences, College of Optometry, Pomona, California, 91766, United States|Oklahoma College of Optometry, Northeastern State University, Tahlequah, Oklahoma, 74464, United States",
NCT05982860,"The Effects of the MIND Diet on Oxidative Stress, Inflammation and Neurodegenerative Risk Biomarkers",https://clinicaltrials.gov/study/NCT05982860,,COMPLETED,"American football is a high-contact sport, also known as a collision sport. American football players are exposed to various magnitudes and frequencies of head impacts throughout the season. Accordingly, during the American football season, there is an increase in biomarkers that may be associated with brain damage and the risk of developing neurodegenerative diseases later in life. In addition, oxidative stress and inflammation can also increase in athletes during the American football season. This study was planned with the thought that the MIND diet, which is beneficial for brain health with its antioxidant and anti-inflammatory effects, may have positive effects on oxidative stress, inflammation and neurodegenerative risk biomarkers in American football players.

The goal of this clinical trial is to examine the effects of the MIND diet on oxidative stress, inflammation and neurodegenerative risk biomarkers in American football players. The main question it aims to answer are:

• \[Question\] Does the MIND diet lowers or reduce the levels of oxidative stress, inflammation and neurodegenerative risk biomarkers in American football players?

Participants will be randomized into 2 groups MIND diet and control group. The current diet of the players in the control group will not be interfered with during the competition period, but the current nutrition of the players in the MIND diet group will be adapted to the MIND diet according to the food groups in the MIND diet components and their consumption frequencies.

The players in the MIND diet group will be asked to include the food groups in the MIND diet in their diet in accordance with their consumption frequency.

Researchers will compare the MIND diet and control groups to see if the MIND diet improves oxidative stress, inflammation and neurodegenerative risk biomarkers.",NO,"Neurodegeneration|Inflammation|Oxidative Stress|Diet, Healthy|Diet Habit|Nutrition, Healthy",BEHAVIORAL: MIND diet,"Tau protein, A biomarker associated with disruption of the blood-brain barrier, neuroinflammation and brain damage caused by repetitive head impact or concussion occurring during American football games and considered an indicator of neurodegenerative risk., Before and after the 9-week research.|NfL (Neurofilament light polypeptide), A biomarker associated with disruption of the blood-brain barrier, neuroinflammation and brain damage caused by repetitive head impact or concussion occurring during American football games and considered an indicator of neurodegenerative risk., Before and after the 9-week research.|S100B protein, A biomarker associated with disruption of the blood-brain barrier, neuroinflammation and brain damage caused by repetitive head impact or concussion occurring during American football games and considered an indicator of neurodegenerative risk., Before and after the 9-week research.|BDNF (Brain Derived Neurotrophic Factor), A biomarker associated with an important role in reducing neurodegenerative risk and in cellular events occurring in restorative processes against damage that may lead to oxidative stress and neuroinflammation in contact sports such as American football., Before and after the 9-week research.|Telomere, Due to increased oxidative stress and inflammation, the erosion of telomeres, a biomarker of aging, may occur more rapidly. Damaged mitochondria in American football players can trigger an increase in oxidative stress and inflammation levels, which are the most important triggers of the mechanisms of neurodegenerative disorders, and lead to cell death. Telomere shortening is associated with premature cellular senescence and cell death and is thought to be a biomarker for neurodegenerative damage at the cellular level., Before and after the 9-week research.|Zonulin, Low serum zonulin levels appear to be a biomarker for increased intestinal permeability and disruption of gastrointestinal barrier integrity. Increased intestinal permeability and disruption of intestinal barrier integrity may also increase already existing neuroinflammation by increasing inflammation., Before and after the 9-week research.|NOX2 (NADPH oxidase), A biomarker of oxidative stress. American football training and competition periods can cause excessive free radical production and cause oxidative stress., Before and after the 9-week research.|8-OHdG (8- hydroxy-2-deoxyguanosine), A biomarker of oxidative stress. American football training and competition periods can cause excessive free radical production and cause oxidative stress., Before and after the 9-week research.|F2-isoprostanes (F2-isoPs), A biomarker of oxidative stress. American football training and competition periods can cause excessive free radical production and cause oxidative stress., Before and after the 9-week research.|hs-CRP (High-sensitivity C-reactive protein), A biomarker of inflammation. The concentrations of inflammatory biomarkers can increase during American football training and competition periods., Before and after the 9-week research.|IL-6 (Interleukin 6), A biomarker of inflammation. The concentrations of inflammatory biomarkers can increase during American football training and competition periods., Before and after the 9-week research.|TNF-α (Tumor necrosis factor alpha), A biomarker of inflammation. The concentrations of inflammatory biomarkers can increase during American football training and competition periods., Before and after the 9-week research.","Sleep quality score, The Pittsburgh Sleep Quality Index (PSQI) will be used to assess sleep quality., Before and after the 9-week research.|Quality of life score, The quality of life will be assessed via the questionnaire of The World Health Organization quality of life (WHOQOL)., Before and after the 9-week research.|Dietary inflammatory index (DII) score, Dietary inflammatory index will be calculated based on formula originally developed by Shivappa et al. (2014)., Before and after the 9-week research.",,Bartu Eren Güneşliol,Gazi University,MALE,"ADULT, OLDER_ADULT",NA,24,OTHER,INTERVENTIONAL,Allocation: RANDOMIZED | Intervention Model: PARALLEL | Masking: NONE | Primary Purpose: SCREENING,BARTU 01,2023-06-23,2023-08-31,2025-06-05,2023-08-09,,2025-06-25,"Duzce University, Düzce, Turkey, 81620, Turkey (Türkiye)",
NCT05867693,Palmitoylethanolamide and Polydatin in Pediatric Irritable Bowel Syndrome,https://clinicaltrials.gov/study/NCT05867693,,UNKNOWN,"This will be a randomised, double-blind, placebo-controlled, parallel-arm trial, designed to study the efficacy and safety of co-micronised palmithoylethanolamide/polydatin in pediatric patients (\> 10 years) with Irritable bowel syndrome (IBS)",NO,Irritable Bowel Syndrome,DIETARY_SUPPLEMENT: palmithoylethanolamide/polydatin|DIETARY_SUPPLEMENT: placebo,"Change in the abdominal pain symptoms, The primary outcome will be the change in the abdominal pain symptoms (frequency and severity) according to validated score from baseline to the end of the treatment period. Secondary outcome will be modifications of intestinal permeability and fecal caprotectine.

The primary outcome will be the change in the abdominal pain symptoms (frequency and severity) according to validated score from baseline to the end of the treatment period., 12 weeks","Change in intestinal permeability, Secondary outcome will be modifications of intestinal permeability.Intestinal permeability will be evaluated using a liquid chromatography/mass spectrometry method., 12 weeks|Change in fecal calprotectin, Outcame 3 will be modification of fecal calprotectin. Calprotectin levels exceeding 100 mg/kg were considered positive, 12 weeks",,University of Roma La Sapienza,,ALL,"CHILD, ADULT",NA,70,OTHER,INTERVENTIONAL,"Allocation: RANDOMIZED | Intervention Model: PARALLEL | Masking: DOUBLE (PARTICIPANT, INVESTIGATOR) | Primary Purpose: TREATMENT",2022/ST/235,2023-04-19,2023-10-19,2024-04-19,2023-05-22,,2023-05-22,"Prof Giovanni Di Nardo, Roma, Rome, 03040, Italy",
